ISO-10303-21;
HEADER;
FILE_DESCRIPTION(('Open CASCADE Model'),'2;1');
FILE_NAME('Open CASCADE Shape Model','2000-01-01T00:00:00',('Author'),(
    'Open CASCADE'),'Open CASCADE STEP processor 7.9','build123d',
  'Unknown');
FILE_SCHEMA(('AUTOMOTIVE_DESIGN { 1 0 10303 214 1 1 1 1 }'));
ENDSEC;
DATA;
#1 = APPLICATION_PROTOCOL_DEFINITION('international standard',
  'automotive_design',2000,#2);
#2 = APPLICATION_CONTEXT(
  'core data for automotive mechanical design processes');
#3 = SHAPE_DEFINITION_REPRESENTATION(#4,#10);
#4 = PRODUCT_DEFINITION_SHAPE('','',#5);
#5 = PRODUCT_DEFINITION('design','',#6,#9);
#6 = PRODUCT_DEFINITION_FORMATION('','',#7);
#7 = PRODUCT('COMPOUND','COMPOUND','',(#8));
#8 = PRODUCT_CONTEXT('',#2,'mechanical');
#9 = PRODUCT_DEFINITION_CONTEXT('part definition',#2,'design');
#10 = ADVANCED_BREP_SHAPE_REPRESENTATION('',(#11,#15),#13021);
#11 = AXIS2_PLACEMENT_3D('',#12,#13,#14);
#12 = CARTESIAN_POINT('',(0.,0.,0.));
#13 = DIRECTION('',(0.,0.,1.));
#14 = DIRECTION('',(1.,0.,-0.));
#15 = MANIFOLD_SOLID_BREP('',#16);
#16 = CLOSED_SHELL('',(#17,#735,#837,#988,#1647,#1780,#1830,#1951,#2084,
    #2134,#2255,#2388,#2438,#2559,#2692,#2742,#2863,#2996,#3046,#3167,
    #3278,#3308,#3485,#3510,#3538,#3566,#4027,#4082,#4109,#4136,#4163,
    #4190,#4217,#4224,#4231,#4238,#4245,#4252,#4279,#4306,#4333,#4361,
    #4368,#4396,#4403,#4431,#4438,#4466,#4473,#4501,#4508,#4563,#4598,
    #4633,#7780,#7835,#7911,#7961,#8010,#8038,#8073,#8149,#8199,#8248,
    #8276,#8352,#8402,#8451,#8479,#8555,#8605,#8654,#8682,#8758,#8808,
    #8857,#8885,#8961,#9011,#9060,#9088,#9164,#9214,#9263,#9291,#9367,
    #9417,#9466,#9494,#9570,#9620,#9669,#9697,#9773,#9823,#9872,#9900,
    #9976,#10026,#10075,#10103,#10179,#10229,#10278,#10306,#10382,#10432
    ,#10481,#10509,#10585,#10635,#10684,#10712,#10788,#10838,#10887,
    #10915,#10991,#11041,#11090,#11118,#11194,#11244,#11293,#11321,
    #11397,#11447,#11496,#11524,#11600,#11650,#11699,#11727,#11803,
    #11853,#11902,#11930,#12006,#12056,#12105,#12133,#12209,#12259,
    #12308,#12336,#12412,#12462,#12511,#12539,#12615,#12665,#12714,
    #12742,#12777,#12784,#12833,#12840,#12847,#12854,#12861,#12868,
    #12875,#12882,#12889,#12896,#12903,#12910,#12917,#12924,#12931,
    #12938,#12945,#12952,#12959,#12966,#12973,#12980,#12987,#12994));
#17 = ADVANCED_FACE('',(#18),#33,.T.);
#18 = FACE_BOUND('',#19,.T.);
#19 = EDGE_LOOP('',(#20,#56,#79,#106,#107,#131,#157,#186,#212,#241,#267,
    #291,#317,#346,#372,#396,#422,#451,#477,#501,#527,#556,#582,#606,
    #632,#661,#687,#711));
#20 = ORIENTED_EDGE('',*,*,#21,.T.);
#21 = EDGE_CURVE('',#22,#24,#26,.T.);
#22 = VERTEX_POINT('',#23);
#23 = CARTESIAN_POINT('',(11.958260743101,-1.,8.5));
#24 = VERTEX_POINT('',#25);
#25 = CARTESIAN_POINT('',(12.,-2.939152317954E-15,8.5));
#26 = SURFACE_CURVE('',#27,(#32,#44),.PCURVE_S1.);
#27 = CIRCLE('',#28,12.);
#28 = AXIS2_PLACEMENT_3D('',#29,#30,#31);
#29 = CARTESIAN_POINT('',(0.,0.,8.5));
#30 = DIRECTION('',(0.,0.,1.));
#31 = DIRECTION('',(1.,0.,-0.));
#32 = PCURVE('',#33,#38);
#33 = CYLINDRICAL_SURFACE('',#34,12.);
#34 = AXIS2_PLACEMENT_3D('',#35,#36,#37);
#35 = CARTESIAN_POINT('',(0.,0.,-45.));
#36 = DIRECTION('',(0.,0.,1.));
#37 = DIRECTION('',(1.,0.,0.));
#38 = DEFINITIONAL_REPRESENTATION('',(#39),#43);
#39 = LINE('',#40,#41);
#40 = CARTESIAN_POINT('',(0.,53.5));
#41 = VECTOR('',#42,1.);
#42 = DIRECTION('',(1.,0.));
#43 = ( GEOMETRIC_REPRESENTATION_CONTEXT(2) 
PARAMETRIC_REPRESENTATION_CONTEXT() REPRESENTATION_CONTEXT('2D SPACE',''
  ) );
#44 = PCURVE('',#45,#50);
#45 = PLANE('',#46);
#46 = AXIS2_PLACEMENT_3D('',#47,#48,#49);
#47 = CARTESIAN_POINT('',(0.,-1.,8.5));
#48 = DIRECTION('',(0.,0.,1.));
#49 = DIRECTION('',(1.,0.,0.));
#50 = DEFINITIONAL_REPRESENTATION('',(#51),#55);
#51 = CIRCLE('',#52,12.);
#52 = AXIS2_PLACEMENT_2D('',#53,#54);
#53 = CARTESIAN_POINT('',(0.,1.));
#54 = DIRECTION('',(1.,0.));
#55 = ( GEOMETRIC_REPRESENTATION_CONTEXT(2) 
PARAMETRIC_REPRESENTATION_CONTEXT() REPRESENTATION_CONTEXT('2D SPACE',''
  ) );
#56 = ORIENTED_EDGE('',*,*,#57,.T.);
#57 = EDGE_CURVE('',#24,#58,#60,.T.);
#58 = VERTEX_POINT('',#59);
#59 = CARTESIAN_POINT('',(12.,-2.939152317954E-15,60.));
#60 = SEAM_CURVE('',#61,(#65,#72),.PCURVE_S1.);
#61 = LINE('',#62,#63);
#62 = CARTESIAN_POINT('',(12.,-2.939152317954E-15,-45.));
#63 = VECTOR('',#64,1.);
#64 = DIRECTION('',(0.,0.,1.));
#65 = PCURVE('',#33,#66);
#66 = DEFINITIONAL_REPRESENTATION('',(#67),#71);
#67 = LINE('',#68,#69);
#68 = CARTESIAN_POINT('',(0.,-0.));
#69 = VECTOR('',#70,1.);
#70 = DIRECTION('',(0.,1.));
#71 = ( GEOMETRIC_REPRESENTATION_CONTEXT(2) 
PARAMETRIC_REPRESENTATION_CONTEXT() REPRESENTATION_CONTEXT('2D SPACE',''
  ) );
#72 = PCURVE('',#33,#73);
#73 = DEFINITIONAL_REPRESENTATION('',(#74),#78);
#74 = LINE('',#75,#76);
#75 = CARTESIAN_POINT('',(6.28318530718,-0.));
#76 = VECTOR('',#77,1.);
#77 = DIRECTION('',(0.,1.));
#78 = ( GEOMETRIC_REPRESENTATION_CONTEXT(2) 
PARAMETRIC_REPRESENTATION_CONTEXT() REPRESENTATION_CONTEXT('2D SPACE',''
  ) );
#79 = ORIENTED_EDGE('',*,*,#80,.F.);
#80 = EDGE_CURVE('',#58,#58,#81,.T.);
#81 = SURFACE_CURVE('',#82,(#87,#94),.PCURVE_S1.);
#82 = CIRCLE('',#83,12.);
#83 = AXIS2_PLACEMENT_3D('',#84,#85,#86);
#84 = CARTESIAN_POINT('',(0.,0.,60.));
#85 = DIRECTION('',(0.,0.,1.));
#86 = DIRECTION('',(1.,0.,0.));
#87 = PCURVE('',#33,#88);
#88 = DEFINITIONAL_REPRESENTATION('',(#89),#93);
#89 = LINE('',#90,#91);
#90 = CARTESIAN_POINT('',(0.,105.));
#91 = VECTOR('',#92,1.);
#92 = DIRECTION('',(1.,0.));
#93 = ( GEOMETRIC_REPRESENTATION_CONTEXT(2) 
PARAMETRIC_REPRESENTATION_CONTEXT() REPRESENTATION_CONTEXT('2D SPACE',''
  ) );
#94 = PCURVE('',#95,#100);
#95 = PLANE('',#96);
#96 = AXIS2_PLACEMENT_3D('',#97,#98,#99);
#97 = CARTESIAN_POINT('',(0.,0.,60.));
#98 = DIRECTION('',(0.,0.,1.));
#99 = DIRECTION('',(1.,0.,0.));
#100 = DEFINITIONAL_REPRESENTATION('',(#101),#105);
#101 = CIRCLE('',#102,12.);
#102 = AXIS2_PLACEMENT_2D('',#103,#104);
#103 = CARTESIAN_POINT('',(0.,0.));
#104 = DIRECTION('',(1.,0.));
#105 = ( GEOMETRIC_REPRESENTATION_CONTEXT(2) 
PARAMETRIC_REPRESENTATION_CONTEXT() REPRESENTATION_CONTEXT('2D SPACE',''
  ) );
#106 = ORIENTED_EDGE('',*,*,#57,.F.);
#107 = ORIENTED_EDGE('',*,*,#108,.T.);
#108 = EDGE_CURVE('',#24,#109,#111,.T.);
#109 = VERTEX_POINT('',#110);
#110 = CARTESIAN_POINT('',(11.958260743101,1.,8.5));
#111 = SURFACE_CURVE('',#112,(#117,#124),.PCURVE_S1.);
#112 = CIRCLE('',#113,12.);
#113 = AXIS2_PLACEMENT_3D('',#114,#115,#116);
#114 = CARTESIAN_POINT('',(0.,0.,8.5));
#115 = DIRECTION('',(0.,0.,1.));
#116 = DIRECTION('',(1.,0.,-0.));
#117 = PCURVE('',#33,#118);
#118 = DEFINITIONAL_REPRESENTATION('',(#119),#123);
#119 = LINE('',#120,#121);
#120 = CARTESIAN_POINT('',(0.,53.5));
#121 = VECTOR('',#122,1.);
#122 = DIRECTION('',(1.,0.));
#123 = ( GEOMETRIC_REPRESENTATION_CONTEXT(2) 
PARAMETRIC_REPRESENTATION_CONTEXT() REPRESENTATION_CONTEXT('2D SPACE',''
  ) );
#124 = PCURVE('',#45,#125);
#125 = DEFINITIONAL_REPRESENTATION('',(#126),#130);
#126 = CIRCLE('',#127,12.);
#127 = AXIS2_PLACEMENT_2D('',#128,#129);
#128 = CARTESIAN_POINT('',(0.,1.));
#129 = DIRECTION('',(1.,0.));
#130 = ( GEOMETRIC_REPRESENTATION_CONTEXT(2) 
PARAMETRIC_REPRESENTATION_CONTEXT() REPRESENTATION_CONTEXT('2D SPACE',''
  ) );
#131 = ORIENTED_EDGE('',*,*,#132,.F.);
#132 = EDGE_CURVE('',#133,#109,#135,.T.);
#133 = VERTEX_POINT('',#134);
#134 = CARTESIAN_POINT('',(11.958260743101,1.,4.));
#135 = SURFACE_CURVE('',#136,(#140,#146),.PCURVE_S1.);
#136 = LINE('',#137,#138);
#137 = CARTESIAN_POINT('',(11.958260743101,1.,-45.));
#138 = VECTOR('',#139,1.);
#139 = DIRECTION('',(0.,0.,1.));
#140 = PCURVE('',#33,#141);
#141 = DEFINITIONAL_REPRESENTATION('',(#142),#145);
#142 = B_SPLINE_CURVE_WITH_KNOTS('',1,(#143,#144),.UNSPECIFIED.,.F.,.F.,
  (2,2),(48.9999994,64.2),.PIECEWISE_BEZIER_KNOTS.);
#143 = CARTESIAN_POINT('',(8.343008661062E-02,48.9999994));
#144 = CARTESIAN_POINT('',(8.343008661062E-02,64.2));
#145 = ( GEOMETRIC_REPRESENTATION_CONTEXT(2) 
PARAMETRIC_REPRESENTATION_CONTEXT() REPRESENTATION_CONTEXT('2D SPACE',''
  ) );
#146 = PCURVE('',#147,#152);
#147 = PLANE('',#148);
#148 = AXIS2_PLACEMENT_3D('',#149,#150,#151);
#149 = CARTESIAN_POINT('',(0.,1.,-98.5));
#150 = DIRECTION('',(0.,1.,0.));
#151 = DIRECTION('',(0.,0.,1.));
#152 = DEFINITIONAL_REPRESENTATION('',(#153),#156);
#153 = B_SPLINE_CURVE_WITH_KNOTS('',1,(#154,#155),.UNSPECIFIED.,.F.,.F.,
  (2,2),(48.9999994,64.2),.PIECEWISE_BEZIER_KNOTS.);
#154 = CARTESIAN_POINT('',(102.4999994,11.958260743101));
#155 = CARTESIAN_POINT('',(117.7,11.958260743101));
#156 = ( GEOMETRIC_REPRESENTATION_CONTEXT(2) 
PARAMETRIC_REPRESENTATION_CONTEXT() REPRESENTATION_CONTEXT('2D SPACE',''
  ) );
#157 = ORIENTED_EDGE('',*,*,#158,.T.);
#158 = EDGE_CURVE('',#133,#159,#161,.T.);
#159 = VERTEX_POINT('',#160);
#160 = CARTESIAN_POINT('',(6.845155775335,9.856157588604,4.));
#161 = SURFACE_CURVE('',#162,(#167,#174),.PCURVE_S1.);
#162 = CIRCLE('',#163,12.);
#163 = AXIS2_PLACEMENT_3D('',#164,#165,#166);
#164 = CARTESIAN_POINT('',(0.,0.,4.));
#165 = DIRECTION('',(0.,0.,1.));
#166 = DIRECTION('',(1.,0.,-0.));
#167 = PCURVE('',#33,#168);
#168 = DEFINITIONAL_REPRESENTATION('',(#169),#173);
#169 = LINE('',#170,#171);
#170 = CARTESIAN_POINT('',(0.,49.));
#171 = VECTOR('',#172,1.);
#172 = DIRECTION('',(1.,0.));
#173 = ( GEOMETRIC_REPRESENTATION_CONTEXT(2) 
PARAMETRIC_REPRESENTATION_CONTEXT() REPRESENTATION_CONTEXT('2D SPACE',''
  ) );
#174 = PCURVE('',#175,#180);
#175 = PLANE('',#176);
#176 = AXIS2_PLACEMENT_3D('',#177,#178,#179);
#177 = CARTESIAN_POINT('',(0.,0.,4.));
#178 = DIRECTION('',(0.,0.,1.));
#179 = DIRECTION('',(1.,0.,0.));
#180 = DEFINITIONAL_REPRESENTATION('',(#181),#185);
#181 = CIRCLE('',#182,12.);
#182 = AXIS2_PLACEMENT_2D('',#183,#184);
#183 = CARTESIAN_POINT('',(0.,0.));
#184 = DIRECTION('',(1.,0.));
#185 = ( GEOMETRIC_REPRESENTATION_CONTEXT(2) 
PARAMETRIC_REPRESENTATION_CONTEXT() REPRESENTATION_CONTEXT('2D SPACE',''
  ) );
#186 = ORIENTED_EDGE('',*,*,#187,.T.);
#187 = EDGE_CURVE('',#159,#188,#190,.T.);
#188 = VERTEX_POINT('',#189);
#189 = CARTESIAN_POINT('',(6.845155775335,9.856157588604,8.5));
#190 = SURFACE_CURVE('',#191,(#195,#201),.PCURVE_S1.);
#191 = LINE('',#192,#193);
#192 = CARTESIAN_POINT('',(6.845155775335,9.856157588604,-45.));
#193 = VECTOR('',#194,1.);
#194 = DIRECTION('',(0.,0.,1.));
#195 = PCURVE('',#33,#196);
#196 = DEFINITIONAL_REPRESENTATION('',(#197),#200);
#197 = B_SPLINE_CURVE_WITH_KNOTS('',1,(#198,#199),.UNSPECIFIED.,.F.,.F.,
  (2,2),(48.9999994,64.2),.PIECEWISE_BEZIER_KNOTS.);
#198 = CARTESIAN_POINT('',(0.963767464586,48.9999994));
#199 = CARTESIAN_POINT('',(0.963767464586,64.2));
#200 = ( GEOMETRIC_REPRESENTATION_CONTEXT(2) 
PARAMETRIC_REPRESENTATION_CONTEXT() REPRESENTATION_CONTEXT('2D SPACE',''
  ) );
#201 = PCURVE('',#202,#207);
#202 = PLANE('',#203);
#203 = AXIS2_PLACEMENT_3D('',#204,#205,#206);
#204 = CARTESIAN_POINT('',(0.866025403784,-0.5,-98.5));
#205 = DIRECTION('',(-0.866025403784,0.5,0.));
#206 = DIRECTION('',(0.,0.,1.));
#207 = DEFINITIONAL_REPRESENTATION('',(#208),#211);
#208 = B_SPLINE_CURVE_WITH_KNOTS('',1,(#209,#210),.UNSPECIFIED.,.F.,.F.,
  (2,2),(48.9999994,64.2),.PIECEWISE_BEZIER_KNOTS.);
#209 = CARTESIAN_POINT('',(102.4999994,11.958260743101));
#210 = CARTESIAN_POINT('',(117.7,11.958260743101));
#211 = ( GEOMETRIC_REPRESENTATION_CONTEXT(2) 
PARAMETRIC_REPRESENTATION_CONTEXT() REPRESENTATION_CONTEXT('2D SPACE',''
  ) );
#212 = ORIENTED_EDGE('',*,*,#213,.T.);
#213 = EDGE_CURVE('',#188,#214,#216,.T.);
#214 = VERTEX_POINT('',#215);
#215 = CARTESIAN_POINT('',(5.113104967766,10.856157588604,8.5));
#216 = SURFACE_CURVE('',#217,(#222,#229),.PCURVE_S1.);
#217 = CIRCLE('',#218,12.);
#218 = AXIS2_PLACEMENT_3D('',#219,#220,#221);
#219 = CARTESIAN_POINT('',(0.,0.,8.5));
#220 = DIRECTION('',(0.,0.,1.));
#221 = DIRECTION('',(1.,0.,-0.));
#222 = PCURVE('',#33,#223);
#223 = DEFINITIONAL_REPRESENTATION('',(#224),#228);
#224 = LINE('',#225,#226);
#225 = CARTESIAN_POINT('',(0.,53.5));
#226 = VECTOR('',#227,1.);
#227 = DIRECTION('',(1.,0.));
#228 = ( GEOMETRIC_REPRESENTATION_CONTEXT(2) 
PARAMETRIC_REPRESENTATION_CONTEXT() REPRESENTATION_CONTEXT('2D SPACE',''
  ) );
#229 = PCURVE('',#230,#235);
#230 = PLANE('',#231);
#231 = AXIS2_PLACEMENT_3D('',#232,#233,#234);
#232 = CARTESIAN_POINT('',(0.866025403784,-0.5,8.5));
#233 = DIRECTION('',(0.,0.,1.));
#234 = DIRECTION('',(0.5,0.866025403784,0.));
#235 = DEFINITIONAL_REPRESENTATION('',(#236),#240);
#236 = CIRCLE('',#237,12.);
#237 = AXIS2_PLACEMENT_2D('',#238,#239);
#238 = CARTESIAN_POINT('',(0.,1.));
#239 = DIRECTION('',(0.5,-0.866025403784));
#240 = ( GEOMETRIC_REPRESENTATION_CONTEXT(2) 
PARAMETRIC_REPRESENTATION_CONTEXT() REPRESENTATION_CONTEXT('2D SPACE',''
  ) );
#241 = ORIENTED_EDGE('',*,*,#242,.F.);
#242 = EDGE_CURVE('',#243,#214,#245,.T.);
#243 = VERTEX_POINT('',#244);
#244 = CARTESIAN_POINT('',(5.113104967766,10.856157588604,4.));
#245 = SURFACE_CURVE('',#246,(#250,#256),.PCURVE_S1.);
#246 = LINE('',#247,#248);
#247 = CARTESIAN_POINT('',(5.113104967766,10.856157588604,-45.));
#248 = VECTOR('',#249,1.);
#249 = DIRECTION('',(0.,0.,1.));
#250 = PCURVE('',#33,#251);
#251 = DEFINITIONAL_REPRESENTATION('',(#252),#255);
#252 = B_SPLINE_CURVE_WITH_KNOTS('',1,(#253,#254),.UNSPECIFIED.,.F.,.F.,
  (2,2),(48.9999994,64.2),.PIECEWISE_BEZIER_KNOTS.);
#253 = CARTESIAN_POINT('',(1.130627637807,48.9999994));
#254 = CARTESIAN_POINT('',(1.130627637807,64.2));
#255 = ( GEOMETRIC_REPRESENTATION_CONTEXT(2) 
PARAMETRIC_REPRESENTATION_CONTEXT() REPRESENTATION_CONTEXT('2D SPACE',''
  ) );
#256 = PCURVE('',#257,#262);
#257 = PLANE('',#258);
#258 = AXIS2_PLACEMENT_3D('',#259,#260,#261);
#259 = CARTESIAN_POINT('',(-0.866025403784,0.5,-98.5));
#260 = DIRECTION('',(-0.866025403784,0.5,0.));
#261 = DIRECTION('',(0.,0.,1.));
#262 = DEFINITIONAL_REPRESENTATION('',(#263),#266);
#263 = B_SPLINE_CURVE_WITH_KNOTS('',1,(#264,#265),.UNSPECIFIED.,.F.,.F.,
  (2,2),(48.9999994,64.2),.PIECEWISE_BEZIER_KNOTS.);
#264 = CARTESIAN_POINT('',(102.4999994,11.958260743101));
#265 = CARTESIAN_POINT('',(117.7,11.958260743101));
#266 = ( GEOMETRIC_REPRESENTATION_CONTEXT(2) 
PARAMETRIC_REPRESENTATION_CONTEXT() REPRESENTATION_CONTEXT('2D SPACE',''
  ) );
#267 = ORIENTED_EDGE('',*,*,#268,.T.);
#268 = EDGE_CURVE('',#243,#269,#271,.T.);
#269 = VERTEX_POINT('',#270);
#270 = CARTESIAN_POINT('',(-5.113104967766,10.856157588604,4.));
#271 = SURFACE_CURVE('',#272,(#277,#284),.PCURVE_S1.);
#272 = CIRCLE('',#273,12.);
#273 = AXIS2_PLACEMENT_3D('',#274,#275,#276);
#274 = CARTESIAN_POINT('',(0.,0.,4.));
#275 = DIRECTION('',(0.,0.,1.));
#276 = DIRECTION('',(1.,0.,-0.));
#277 = PCURVE('',#33,#278);
#278 = DEFINITIONAL_REPRESENTATION('',(#279),#283);
#279 = LINE('',#280,#281);
#280 = CARTESIAN_POINT('',(0.,49.));
#281 = VECTOR('',#282,1.);
#282 = DIRECTION('',(1.,0.));
#283 = ( GEOMETRIC_REPRESENTATION_CONTEXT(2) 
PARAMETRIC_REPRESENTATION_CONTEXT() REPRESENTATION_CONTEXT('2D SPACE',''
  ) );
#284 = PCURVE('',#175,#285);
#285 = DEFINITIONAL_REPRESENTATION('',(#286),#290);
#286 = CIRCLE('',#287,12.);
#287 = AXIS2_PLACEMENT_2D('',#288,#289);
#288 = CARTESIAN_POINT('',(0.,0.));
#289 = DIRECTION('',(1.,0.));
#290 = ( GEOMETRIC_REPRESENTATION_CONTEXT(2) 
PARAMETRIC_REPRESENTATION_CONTEXT() REPRESENTATION_CONTEXT('2D SPACE',''
  ) );
#291 = ORIENTED_EDGE('',*,*,#292,.T.);
#292 = EDGE_CURVE('',#269,#293,#295,.T.);
#293 = VERTEX_POINT('',#294);
#294 = CARTESIAN_POINT('',(-5.113104967766,10.856157588604,8.5));
#295 = SURFACE_CURVE('',#296,(#300,#306),.PCURVE_S1.);
#296 = LINE('',#297,#298);
#297 = CARTESIAN_POINT('',(-5.113104967766,10.856157588604,-45.));
#298 = VECTOR('',#299,1.);
#299 = DIRECTION('',(0.,0.,1.));
#300 = PCURVE('',#33,#301);
#301 = DEFINITIONAL_REPRESENTATION('',(#302),#305);
#302 = B_SPLINE_CURVE_WITH_KNOTS('',1,(#303,#304),.UNSPECIFIED.,.F.,.F.,
  (2,2),(48.9999994,64.2),.PIECEWISE_BEZIER_KNOTS.);
#303 = CARTESIAN_POINT('',(2.010965015783,48.9999994));
#304 = CARTESIAN_POINT('',(2.010965015783,64.2));
#305 = ( GEOMETRIC_REPRESENTATION_CONTEXT(2) 
PARAMETRIC_REPRESENTATION_CONTEXT() REPRESENTATION_CONTEXT('2D SPACE',''
  ) );
#306 = PCURVE('',#307,#312);
#307 = PLANE('',#308);
#308 = AXIS2_PLACEMENT_3D('',#309,#310,#311);
#309 = CARTESIAN_POINT('',(0.866025403784,0.5,-98.5));
#310 = DIRECTION('',(-0.866025403784,-0.5,0.));
#311 = DIRECTION('',(0.,0.,1.));
#312 = DEFINITIONAL_REPRESENTATION('',(#313),#316);
#313 = B_SPLINE_CURVE_WITH_KNOTS('',1,(#314,#315),.UNSPECIFIED.,.F.,.F.,
  (2,2),(48.9999994,64.2),.PIECEWISE_BEZIER_KNOTS.);
#314 = CARTESIAN_POINT('',(102.4999994,11.958260743101));
#315 = CARTESIAN_POINT('',(117.7,11.958260743101));
#316 = ( GEOMETRIC_REPRESENTATION_CONTEXT(2) 
PARAMETRIC_REPRESENTATION_CONTEXT() REPRESENTATION_CONTEXT('2D SPACE',''
  ) );
#317 = ORIENTED_EDGE('',*,*,#318,.T.);
#318 = EDGE_CURVE('',#293,#319,#321,.T.);
#319 = VERTEX_POINT('',#320);
#320 = CARTESIAN_POINT('',(-6.845155775335,9.856157588604,8.5));
#321 = SURFACE_CURVE('',#322,(#327,#334),.PCURVE_S1.);
#322 = CIRCLE('',#323,12.);
#323 = AXIS2_PLACEMENT_3D('',#324,#325,#326);
#324 = CARTESIAN_POINT('',(0.,0.,8.5));
#325 = DIRECTION('',(0.,0.,1.));
#326 = DIRECTION('',(1.,0.,-0.));
#327 = PCURVE('',#33,#328);
#328 = DEFINITIONAL_REPRESENTATION('',(#329),#333);
#329 = LINE('',#330,#331);
#330 = CARTESIAN_POINT('',(0.,53.5));
#331 = VECTOR('',#332,1.);
#332 = DIRECTION('',(1.,0.));
#333 = ( GEOMETRIC_REPRESENTATION_CONTEXT(2) 
PARAMETRIC_REPRESENTATION_CONTEXT() REPRESENTATION_CONTEXT('2D SPACE',''
  ) );
#334 = PCURVE('',#335,#340);
#335 = PLANE('',#336);
#336 = AXIS2_PLACEMENT_3D('',#337,#338,#339);
#337 = CARTESIAN_POINT('',(0.866025403784,0.5,8.5));
#338 = DIRECTION('',(0.,0.,1.));
#339 = DIRECTION('',(-0.5,0.866025403784,0.));
#340 = DEFINITIONAL_REPRESENTATION('',(#341),#345);
#341 = CIRCLE('',#342,12.);
#342 = AXIS2_PLACEMENT_2D('',#343,#344);
#343 = CARTESIAN_POINT('',(-5.551115123126E-17,1.));
#344 = DIRECTION('',(-0.5,-0.866025403784));
#345 = ( GEOMETRIC_REPRESENTATION_CONTEXT(2) 
PARAMETRIC_REPRESENTATION_CONTEXT() REPRESENTATION_CONTEXT('2D SPACE',''
  ) );
#346 = ORIENTED_EDGE('',*,*,#347,.F.);
#347 = EDGE_CURVE('',#348,#319,#350,.T.);
#348 = VERTEX_POINT('',#349);
#349 = CARTESIAN_POINT('',(-6.845155775335,9.856157588604,4.));
#350 = SURFACE_CURVE('',#351,(#355,#361),.PCURVE_S1.);
#351 = LINE('',#352,#353);
#352 = CARTESIAN_POINT('',(-6.845155775335,9.856157588604,-45.));
#353 = VECTOR('',#354,1.);
#354 = DIRECTION('',(0.,0.,1.));
#355 = PCURVE('',#33,#356);
#356 = DEFINITIONAL_REPRESENTATION('',(#357),#360);
#357 = B_SPLINE_CURVE_WITH_KNOTS('',1,(#358,#359),.UNSPECIFIED.,.F.,.F.,
  (2,2),(48.9999994,64.2),.PIECEWISE_BEZIER_KNOTS.);
#358 = CARTESIAN_POINT('',(2.177825189004,48.9999994));
#359 = CARTESIAN_POINT('',(2.177825189004,64.2));
#360 = ( GEOMETRIC_REPRESENTATION_CONTEXT(2) 
PARAMETRIC_REPRESENTATION_CONTEXT() REPRESENTATION_CONTEXT('2D SPACE',''
  ) );
#361 = PCURVE('',#362,#367);
#362 = PLANE('',#363);
#363 = AXIS2_PLACEMENT_3D('',#364,#365,#366);
#364 = CARTESIAN_POINT('',(-0.866025403784,-0.5,-98.5));
#365 = DIRECTION('',(-0.866025403784,-0.5,0.));
#366 = DIRECTION('',(0.,0.,1.));
#367 = DEFINITIONAL_REPRESENTATION('',(#368),#371);
#368 = B_SPLINE_CURVE_WITH_KNOTS('',1,(#369,#370),.UNSPECIFIED.,.F.,.F.,
  (2,2),(48.9999994,64.2),.PIECEWISE_BEZIER_KNOTS.);
#369 = CARTESIAN_POINT('',(102.4999994,11.958260743101));
#370 = CARTESIAN_POINT('',(117.7,11.958260743101));
#371 = ( GEOMETRIC_REPRESENTATION_CONTEXT(2) 
PARAMETRIC_REPRESENTATION_CONTEXT() REPRESENTATION_CONTEXT('2D SPACE',''
  ) );
#372 = ORIENTED_EDGE('',*,*,#373,.T.);
#373 = EDGE_CURVE('',#348,#374,#376,.T.);
#374 = VERTEX_POINT('',#375);
#375 = CARTESIAN_POINT('',(-11.9582607431,1.,4.));
#376 = SURFACE_CURVE('',#377,(#382,#389),.PCURVE_S1.);
#377 = CIRCLE('',#378,12.);
#378 = AXIS2_PLACEMENT_3D('',#379,#380,#381);
#379 = CARTESIAN_POINT('',(0.,0.,4.));
#380 = DIRECTION('',(0.,0.,1.));
#381 = DIRECTION('',(1.,0.,-0.));
#382 = PCURVE('',#33,#383);
#383 = DEFINITIONAL_REPRESENTATION('',(#384),#388);
#384 = LINE('',#385,#386);
#385 = CARTESIAN_POINT('',(0.,49.));
#386 = VECTOR('',#387,1.);
#387 = DIRECTION('',(1.,0.));
#388 = ( GEOMETRIC_REPRESENTATION_CONTEXT(2) 
PARAMETRIC_REPRESENTATION_CONTEXT() REPRESENTATION_CONTEXT('2D SPACE',''
  ) );
#389 = PCURVE('',#175,#390);
#390 = DEFINITIONAL_REPRESENTATION('',(#391),#395);
#391 = CIRCLE('',#392,12.);
#392 = AXIS2_PLACEMENT_2D('',#393,#394);
#393 = CARTESIAN_POINT('',(0.,0.));
#394 = DIRECTION('',(1.,0.));
#395 = ( GEOMETRIC_REPRESENTATION_CONTEXT(2) 
PARAMETRIC_REPRESENTATION_CONTEXT() REPRESENTATION_CONTEXT('2D SPACE',''
  ) );
#396 = ORIENTED_EDGE('',*,*,#397,.T.);
#397 = EDGE_CURVE('',#374,#398,#400,.T.);
#398 = VERTEX_POINT('',#399);
#399 = CARTESIAN_POINT('',(-11.9582607431,1.,8.5));
#400 = SURFACE_CURVE('',#401,(#405,#411),.PCURVE_S1.);
#401 = LINE('',#402,#403);
#402 = CARTESIAN_POINT('',(-11.9582607431,1.,-45.));
#403 = VECTOR('',#404,1.);
#404 = DIRECTION('',(0.,0.,1.));
#405 = PCURVE('',#33,#406);
#406 = DEFINITIONAL_REPRESENTATION('',(#407),#410);
#407 = B_SPLINE_CURVE_WITH_KNOTS('',1,(#408,#409),.UNSPECIFIED.,.F.,.F.,
  (2,2),(48.9999994,64.2),.PIECEWISE_BEZIER_KNOTS.);
#408 = CARTESIAN_POINT('',(3.058162566979,48.9999994));
#409 = CARTESIAN_POINT('',(3.058162566979,64.2));
#410 = ( GEOMETRIC_REPRESENTATION_CONTEXT(2) 
PARAMETRIC_REPRESENTATION_CONTEXT() REPRESENTATION_CONTEXT('2D SPACE',''
  ) );
#411 = PCURVE('',#412,#417);
#412 = PLANE('',#413);
#413 = AXIS2_PLACEMENT_3D('',#414,#415,#416);
#414 = CARTESIAN_POINT('',(1.224646799147E-16,1.,-98.5));
#415 = DIRECTION('',(-1.224646799147E-16,-1.,0.));
#416 = DIRECTION('',(0.,0.,1.));
#417 = DEFINITIONAL_REPRESENTATION('',(#418),#421);
#418 = B_SPLINE_CURVE_WITH_KNOTS('',1,(#419,#420),.UNSPECIFIED.,.F.,.F.,
  (2,2),(48.9999994,64.2),.PIECEWISE_BEZIER_KNOTS.);
#419 = CARTESIAN_POINT('',(102.4999994,11.958260743101));
#420 = CARTESIAN_POINT('',(117.7,11.958260743101));
#421 = ( GEOMETRIC_REPRESENTATION_CONTEXT(2) 
PARAMETRIC_REPRESENTATION_CONTEXT() REPRESENTATION_CONTEXT('2D SPACE',''
  ) );
#422 = ORIENTED_EDGE('',*,*,#423,.T.);
#423 = EDGE_CURVE('',#398,#424,#426,.T.);
#424 = VERTEX_POINT('',#425);
#425 = CARTESIAN_POINT('',(-11.9582607431,-1.,8.5));
#426 = SURFACE_CURVE('',#427,(#432,#439),.PCURVE_S1.);
#427 = CIRCLE('',#428,12.);
#428 = AXIS2_PLACEMENT_3D('',#429,#430,#431);
#429 = CARTESIAN_POINT('',(0.,0.,8.5));
#430 = DIRECTION('',(0.,0.,1.));
#431 = DIRECTION('',(1.,0.,-0.));
#432 = PCURVE('',#33,#433);
#433 = DEFINITIONAL_REPRESENTATION('',(#434),#438);
#434 = LINE('',#435,#436);
#435 = CARTESIAN_POINT('',(0.,53.5));
#436 = VECTOR('',#437,1.);
#437 = DIRECTION('',(1.,0.));
#438 = ( GEOMETRIC_REPRESENTATION_CONTEXT(2) 
PARAMETRIC_REPRESENTATION_CONTEXT() REPRESENTATION_CONTEXT('2D SPACE',''
  ) );
#439 = PCURVE('',#440,#445);
#440 = PLANE('',#441);
#441 = AXIS2_PLACEMENT_3D('',#442,#443,#444);
#442 = CARTESIAN_POINT('',(1.224646799147E-16,1.,8.5));
#443 = DIRECTION('',(0.,0.,1.));
#444 = DIRECTION('',(-1.,1.224646799147E-16,0.));
#445 = DEFINITIONAL_REPRESENTATION('',(#446),#450);
#446 = CIRCLE('',#447,12.);
#447 = AXIS2_PLACEMENT_2D('',#448,#449);
#448 = CARTESIAN_POINT('',(0.,1.));
#449 = DIRECTION('',(-1.,-1.224646799147E-16));
#450 = ( GEOMETRIC_REPRESENTATION_CONTEXT(2) 
PARAMETRIC_REPRESENTATION_CONTEXT() REPRESENTATION_CONTEXT('2D SPACE',''
  ) );
#451 = ORIENTED_EDGE('',*,*,#452,.F.);
#452 = EDGE_CURVE('',#453,#424,#455,.T.);
#453 = VERTEX_POINT('',#454);
#454 = CARTESIAN_POINT('',(-11.9582607431,-1.,4.));
#455 = SURFACE_CURVE('',#456,(#460,#466),.PCURVE_S1.);
#456 = LINE('',#457,#458);
#457 = CARTESIAN_POINT('',(-11.9582607431,-1.,-45.));
#458 = VECTOR('',#459,1.);
#459 = DIRECTION('',(0.,0.,1.));
#460 = PCURVE('',#33,#461);
#461 = DEFINITIONAL_REPRESENTATION('',(#462),#465);
#462 = B_SPLINE_CURVE_WITH_KNOTS('',1,(#463,#464),.UNSPECIFIED.,.F.,.F.,
  (2,2),(48.9999994,64.2),.PIECEWISE_BEZIER_KNOTS.);
#463 = CARTESIAN_POINT('',(3.2250227402,48.9999994));
#464 = CARTESIAN_POINT('',(3.2250227402,64.2));
#465 = ( GEOMETRIC_REPRESENTATION_CONTEXT(2) 
PARAMETRIC_REPRESENTATION_CONTEXT() REPRESENTATION_CONTEXT('2D SPACE',''
  ) );
#466 = PCURVE('',#467,#472);
#467 = PLANE('',#468);
#468 = AXIS2_PLACEMENT_3D('',#469,#470,#471);
#469 = CARTESIAN_POINT('',(-1.224646799147E-16,-1.,-98.5));
#470 = DIRECTION('',(-1.224646799147E-16,-1.,0.));
#471 = DIRECTION('',(0.,0.,1.));
#472 = DEFINITIONAL_REPRESENTATION('',(#473),#476);
#473 = B_SPLINE_CURVE_WITH_KNOTS('',1,(#474,#475),.UNSPECIFIED.,.F.,.F.,
  (2,2),(48.9999994,64.2),.PIECEWISE_BEZIER_KNOTS.);
#474 = CARTESIAN_POINT('',(102.4999994,11.958260743101));
#475 = CARTESIAN_POINT('',(117.7,11.958260743101));
#476 = ( GEOMETRIC_REPRESENTATION_CONTEXT(2) 
PARAMETRIC_REPRESENTATION_CONTEXT() REPRESENTATION_CONTEXT('2D SPACE',''
  ) );
#477 = ORIENTED_EDGE('',*,*,#478,.T.);
#478 = EDGE_CURVE('',#453,#479,#481,.T.);
#479 = VERTEX_POINT('',#480);
#480 = CARTESIAN_POINT('',(-6.845155775335,-9.856157588604,4.));
#481 = SURFACE_CURVE('',#482,(#487,#494),.PCURVE_S1.);
#482 = CIRCLE('',#483,12.);
#483 = AXIS2_PLACEMENT_3D('',#484,#485,#486);
#484 = CARTESIAN_POINT('',(0.,0.,4.));
#485 = DIRECTION('',(0.,0.,1.));
#486 = DIRECTION('',(1.,0.,-0.));
#487 = PCURVE('',#33,#488);
#488 = DEFINITIONAL_REPRESENTATION('',(#489),#493);
#489 = LINE('',#490,#491);
#490 = CARTESIAN_POINT('',(0.,49.));
#491 = VECTOR('',#492,1.);
#492 = DIRECTION('',(1.,0.));
#493 = ( GEOMETRIC_REPRESENTATION_CONTEXT(2) 
PARAMETRIC_REPRESENTATION_CONTEXT() REPRESENTATION_CONTEXT('2D SPACE',''
  ) );
#494 = PCURVE('',#175,#495);
#495 = DEFINITIONAL_REPRESENTATION('',(#496),#500);
#496 = CIRCLE('',#497,12.);
#497 = AXIS2_PLACEMENT_2D('',#498,#499);
#498 = CARTESIAN_POINT('',(0.,0.));
#499 = DIRECTION('',(1.,0.));
#500 = ( GEOMETRIC_REPRESENTATION_CONTEXT(2) 
PARAMETRIC_REPRESENTATION_CONTEXT() REPRESENTATION_CONTEXT('2D SPACE',''
  ) );
#501 = ORIENTED_EDGE('',*,*,#502,.T.);
#502 = EDGE_CURVE('',#479,#503,#505,.T.);
#503 = VERTEX_POINT('',#504);
#504 = CARTESIAN_POINT('',(-6.845155775335,-9.856157588604,8.5));
#505 = SURFACE_CURVE('',#506,(#510,#516),.PCURVE_S1.);
#506 = LINE('',#507,#508);
#507 = CARTESIAN_POINT('',(-6.845155775335,-9.856157588604,-45.));
#508 = VECTOR('',#509,1.);
#509 = DIRECTION('',(0.,0.,1.));
#510 = PCURVE('',#33,#511);
#511 = DEFINITIONAL_REPRESENTATION('',(#512),#515);
#512 = B_SPLINE_CURVE_WITH_KNOTS('',1,(#513,#514),.UNSPECIFIED.,.F.,.F.,
  (2,2),(48.9999994,64.2),.PIECEWISE_BEZIER_KNOTS.);
#513 = CARTESIAN_POINT('',(4.105360118176,48.9999994));
#514 = CARTESIAN_POINT('',(4.105360118176,64.2));
#515 = ( GEOMETRIC_REPRESENTATION_CONTEXT(2) 
PARAMETRIC_REPRESENTATION_CONTEXT() REPRESENTATION_CONTEXT('2D SPACE',''
  ) );
#516 = PCURVE('',#517,#522);
#517 = PLANE('',#518);
#518 = AXIS2_PLACEMENT_3D('',#519,#520,#521);
#519 = CARTESIAN_POINT('',(-0.866025403784,0.5,-98.5));
#520 = DIRECTION('',(0.866025403784,-0.5,0.));
#521 = DIRECTION('',(0.,0.,1.));
#522 = DEFINITIONAL_REPRESENTATION('',(#523),#526);
#523 = B_SPLINE_CURVE_WITH_KNOTS('',1,(#524,#525),.UNSPECIFIED.,.F.,.F.,
  (2,2),(48.9999994,64.2),.PIECEWISE_BEZIER_KNOTS.);
#524 = CARTESIAN_POINT('',(102.4999994,11.958260743101));
#525 = CARTESIAN_POINT('',(117.7,11.958260743101));
#526 = ( GEOMETRIC_REPRESENTATION_CONTEXT(2) 
PARAMETRIC_REPRESENTATION_CONTEXT() REPRESENTATION_CONTEXT('2D SPACE',''
  ) );
#527 = ORIENTED_EDGE('',*,*,#528,.T.);
#528 = EDGE_CURVE('',#503,#529,#531,.T.);
#529 = VERTEX_POINT('',#530);
#530 = CARTESIAN_POINT('',(-5.113104967766,-10.8561575886,8.5));
#531 = SURFACE_CURVE('',#532,(#537,#544),.PCURVE_S1.);
#532 = CIRCLE('',#533,12.);
#533 = AXIS2_PLACEMENT_3D('',#534,#535,#536);
#534 = CARTESIAN_POINT('',(0.,0.,8.5));
#535 = DIRECTION('',(0.,0.,1.));
#536 = DIRECTION('',(1.,0.,-0.));
#537 = PCURVE('',#33,#538);
#538 = DEFINITIONAL_REPRESENTATION('',(#539),#543);
#539 = LINE('',#540,#541);
#540 = CARTESIAN_POINT('',(0.,53.5));
#541 = VECTOR('',#542,1.);
#542 = DIRECTION('',(1.,0.));
#543 = ( GEOMETRIC_REPRESENTATION_CONTEXT(2) 
PARAMETRIC_REPRESENTATION_CONTEXT() REPRESENTATION_CONTEXT('2D SPACE',''
  ) );
#544 = PCURVE('',#545,#550);
#545 = PLANE('',#546);
#546 = AXIS2_PLACEMENT_3D('',#547,#548,#549);
#547 = CARTESIAN_POINT('',(-0.866025403784,0.5,8.5));
#548 = DIRECTION('',(0.,0.,1.));
#549 = DIRECTION('',(-0.5,-0.866025403784,0.));
#550 = DEFINITIONAL_REPRESENTATION('',(#551),#555);
#551 = CIRCLE('',#552,12.);
#552 = AXIS2_PLACEMENT_2D('',#553,#554);
#553 = CARTESIAN_POINT('',(0.,1.));
#554 = DIRECTION('',(-0.5,0.866025403784));
#555 = ( GEOMETRIC_REPRESENTATION_CONTEXT(2) 
PARAMETRIC_REPRESENTATION_CONTEXT() REPRESENTATION_CONTEXT('2D SPACE',''
  ) );
#556 = ORIENTED_EDGE('',*,*,#557,.F.);
#557 = EDGE_CURVE('',#558,#529,#560,.T.);
#558 = VERTEX_POINT('',#559);
#559 = CARTESIAN_POINT('',(-5.113104967766,-10.8561575886,4.));
#560 = SURFACE_CURVE('',#561,(#565,#571),.PCURVE_S1.);
#561 = LINE('',#562,#563);
#562 = CARTESIAN_POINT('',(-5.113104967766,-10.8561575886,-45.));
#563 = VECTOR('',#564,1.);
#564 = DIRECTION('',(0.,0.,1.));
#565 = PCURVE('',#33,#566);
#566 = DEFINITIONAL_REPRESENTATION('',(#567),#570);
#567 = B_SPLINE_CURVE_WITH_KNOTS('',1,(#568,#569),.UNSPECIFIED.,.F.,.F.,
  (2,2),(48.9999994,64.2),.PIECEWISE_BEZIER_KNOTS.);
#568 = CARTESIAN_POINT('',(4.272220291397,48.9999994));
#569 = CARTESIAN_POINT('',(4.272220291397,64.2));
#570 = ( GEOMETRIC_REPRESENTATION_CONTEXT(2) 
PARAMETRIC_REPRESENTATION_CONTEXT() REPRESENTATION_CONTEXT('2D SPACE',''
  ) );
#571 = PCURVE('',#572,#577);
#572 = PLANE('',#573);
#573 = AXIS2_PLACEMENT_3D('',#574,#575,#576);
#574 = CARTESIAN_POINT('',(0.866025403784,-0.5,-98.5));
#575 = DIRECTION('',(0.866025403784,-0.5,0.));
#576 = DIRECTION('',(0.,0.,1.));
#577 = DEFINITIONAL_REPRESENTATION('',(#578),#581);
#578 = B_SPLINE_CURVE_WITH_KNOTS('',1,(#579,#580),.UNSPECIFIED.,.F.,.F.,
  (2,2),(48.9999994,64.2),.PIECEWISE_BEZIER_KNOTS.);
#579 = CARTESIAN_POINT('',(102.4999994,11.958260743101));
#580 = CARTESIAN_POINT('',(117.7,11.958260743101));
#581 = ( GEOMETRIC_REPRESENTATION_CONTEXT(2) 
PARAMETRIC_REPRESENTATION_CONTEXT() REPRESENTATION_CONTEXT('2D SPACE',''
  ) );
#582 = ORIENTED_EDGE('',*,*,#583,.T.);
#583 = EDGE_CURVE('',#558,#584,#586,.T.);
#584 = VERTEX_POINT('',#585);
#585 = CARTESIAN_POINT('',(5.113104967766,-10.8561575886,4.));
#586 = SURFACE_CURVE('',#587,(#592,#599),.PCURVE_S1.);
#587 = CIRCLE('',#588,12.);
#588 = AXIS2_PLACEMENT_3D('',#589,#590,#591);
#589 = CARTESIAN_POINT('',(0.,0.,4.));
#590 = DIRECTION('',(0.,0.,1.));
#591 = DIRECTION('',(1.,0.,-0.));
#592 = PCURVE('',#33,#593);
#593 = DEFINITIONAL_REPRESENTATION('',(#594),#598);
#594 = LINE('',#595,#596);
#595 = CARTESIAN_POINT('',(0.,49.));
#596 = VECTOR('',#597,1.);
#597 = DIRECTION('',(1.,0.));
#598 = ( GEOMETRIC_REPRESENTATION_CONTEXT(2) 
PARAMETRIC_REPRESENTATION_CONTEXT() REPRESENTATION_CONTEXT('2D SPACE',''
  ) );
#599 = PCURVE('',#175,#600);
#600 = DEFINITIONAL_REPRESENTATION('',(#601),#605);
#601 = CIRCLE('',#602,12.);
#602 = AXIS2_PLACEMENT_2D('',#603,#604);
#603 = CARTESIAN_POINT('',(0.,0.));
#604 = DIRECTION('',(1.,0.));
#605 = ( GEOMETRIC_REPRESENTATION_CONTEXT(2) 
PARAMETRIC_REPRESENTATION_CONTEXT() REPRESENTATION_CONTEXT('2D SPACE',''
  ) );
#606 = ORIENTED_EDGE('',*,*,#607,.T.);
#607 = EDGE_CURVE('',#584,#608,#610,.T.);
#608 = VERTEX_POINT('',#609);
#609 = CARTESIAN_POINT('',(5.113104967766,-10.8561575886,8.5));
#610 = SURFACE_CURVE('',#611,(#615,#621),.PCURVE_S1.);
#611 = LINE('',#612,#613);
#612 = CARTESIAN_POINT('',(5.113104967766,-10.8561575886,-45.));
#613 = VECTOR('',#614,1.);
#614 = DIRECTION('',(0.,0.,1.));
#615 = PCURVE('',#33,#616);
#616 = DEFINITIONAL_REPRESENTATION('',(#617),#620);
#617 = B_SPLINE_CURVE_WITH_KNOTS('',1,(#618,#619),.UNSPECIFIED.,.F.,.F.,
  (2,2),(48.9999994,64.2),.PIECEWISE_BEZIER_KNOTS.);
#618 = CARTESIAN_POINT('',(5.152557669372,48.9999994));
#619 = CARTESIAN_POINT('',(5.152557669372,64.2));
#620 = ( GEOMETRIC_REPRESENTATION_CONTEXT(2) 
PARAMETRIC_REPRESENTATION_CONTEXT() REPRESENTATION_CONTEXT('2D SPACE',''
  ) );
#621 = PCURVE('',#622,#627);
#622 = PLANE('',#623);
#623 = AXIS2_PLACEMENT_3D('',#624,#625,#626);
#624 = CARTESIAN_POINT('',(-0.866025403784,-0.5,-98.5));
#625 = DIRECTION('',(0.866025403784,0.5,0.));
#626 = DIRECTION('',(0.,0.,1.));
#627 = DEFINITIONAL_REPRESENTATION('',(#628),#631);
#628 = B_SPLINE_CURVE_WITH_KNOTS('',1,(#629,#630),.UNSPECIFIED.,.F.,.F.,
  (2,2),(48.9999994,64.2),.PIECEWISE_BEZIER_KNOTS.);
#629 = CARTESIAN_POINT('',(102.4999994,11.958260743101));
#630 = CARTESIAN_POINT('',(117.7,11.958260743101));
#631 = ( GEOMETRIC_REPRESENTATION_CONTEXT(2) 
PARAMETRIC_REPRESENTATION_CONTEXT() REPRESENTATION_CONTEXT('2D SPACE',''
  ) );
#632 = ORIENTED_EDGE('',*,*,#633,.T.);
#633 = EDGE_CURVE('',#608,#634,#636,.T.);
#634 = VERTEX_POINT('',#635);
#635 = CARTESIAN_POINT('',(6.845155775335,-9.856157588604,8.5));
#636 = SURFACE_CURVE('',#637,(#642,#649),.PCURVE_S1.);
#637 = CIRCLE('',#638,12.);
#638 = AXIS2_PLACEMENT_3D('',#639,#640,#641);
#639 = CARTESIAN_POINT('',(0.,0.,8.5));
#640 = DIRECTION('',(0.,0.,1.));
#641 = DIRECTION('',(1.,0.,-0.));
#642 = PCURVE('',#33,#643);
#643 = DEFINITIONAL_REPRESENTATION('',(#644),#648);
#644 = LINE('',#645,#646);
#645 = CARTESIAN_POINT('',(0.,53.5));
#646 = VECTOR('',#647,1.);
#647 = DIRECTION('',(1.,0.));
#648 = ( GEOMETRIC_REPRESENTATION_CONTEXT(2) 
PARAMETRIC_REPRESENTATION_CONTEXT() REPRESENTATION_CONTEXT('2D SPACE',''
  ) );
#649 = PCURVE('',#650,#655);
#650 = PLANE('',#651);
#651 = AXIS2_PLACEMENT_3D('',#652,#653,#654);
#652 = CARTESIAN_POINT('',(-0.866025403784,-0.5,8.5));
#653 = DIRECTION('',(0.,0.,1.));
#654 = DIRECTION('',(0.5,-0.866025403784,0.));
#655 = DEFINITIONAL_REPRESENTATION('',(#656),#660);
#656 = CIRCLE('',#657,12.);
#657 = AXIS2_PLACEMENT_2D('',#658,#659);
#658 = CARTESIAN_POINT('',(0.,1.));
#659 = DIRECTION('',(0.5,0.866025403784));
#660 = ( GEOMETRIC_REPRESENTATION_CONTEXT(2) 
PARAMETRIC_REPRESENTATION_CONTEXT() REPRESENTATION_CONTEXT('2D SPACE',''
  ) );
#661 = ORIENTED_EDGE('',*,*,#662,.F.);
#662 = EDGE_CURVE('',#663,#634,#665,.T.);
#663 = VERTEX_POINT('',#664);
#664 = CARTESIAN_POINT('',(6.845155775335,-9.856157588604,4.));
#665 = SURFACE_CURVE('',#666,(#670,#676),.PCURVE_S1.);
#666 = LINE('',#667,#668);
#667 = CARTESIAN_POINT('',(6.845155775335,-9.856157588604,-45.));
#668 = VECTOR('',#669,1.);
#669 = DIRECTION('',(0.,0.,1.));
#670 = PCURVE('',#33,#671);
#671 = DEFINITIONAL_REPRESENTATION('',(#672),#675);
#672 = B_SPLINE_CURVE_WITH_KNOTS('',1,(#673,#674),.UNSPECIFIED.,.F.,.F.,
  (2,2),(48.9999994,64.2),.PIECEWISE_BEZIER_KNOTS.);
#673 = CARTESIAN_POINT('',(5.319417842594,48.9999994));
#674 = CARTESIAN_POINT('',(5.319417842594,64.2));
#675 = ( GEOMETRIC_REPRESENTATION_CONTEXT(2) 
PARAMETRIC_REPRESENTATION_CONTEXT() REPRESENTATION_CONTEXT('2D SPACE',''
  ) );
#676 = PCURVE('',#677,#682);
#677 = PLANE('',#678);
#678 = AXIS2_PLACEMENT_3D('',#679,#680,#681);
#679 = CARTESIAN_POINT('',(0.866025403784,0.5,-98.5));
#680 = DIRECTION('',(0.866025403784,0.5,0.));
#681 = DIRECTION('',(0.,0.,1.));
#682 = DEFINITIONAL_REPRESENTATION('',(#683),#686);
#683 = B_SPLINE_CURVE_WITH_KNOTS('',1,(#684,#685),.UNSPECIFIED.,.F.,.F.,
  (2,2),(48.9999994,64.2),.PIECEWISE_BEZIER_KNOTS.);
#684 = CARTESIAN_POINT('',(102.4999994,11.958260743101));
#685 = CARTESIAN_POINT('',(117.7,11.958260743101));
#686 = ( GEOMETRIC_REPRESENTATION_CONTEXT(2) 
PARAMETRIC_REPRESENTATION_CONTEXT() REPRESENTATION_CONTEXT('2D SPACE',''
  ) );
#687 = ORIENTED_EDGE('',*,*,#688,.T.);
#688 = EDGE_CURVE('',#663,#689,#691,.T.);
#689 = VERTEX_POINT('',#690);
#690 = CARTESIAN_POINT('',(11.958260743101,-1.,4.));
#691 = SURFACE_CURVE('',#692,(#697,#704),.PCURVE_S1.);
#692 = CIRCLE('',#693,12.);
#693 = AXIS2_PLACEMENT_3D('',#694,#695,#696);
#694 = CARTESIAN_POINT('',(0.,0.,4.));
#695 = DIRECTION('',(0.,0.,1.));
#696 = DIRECTION('',(1.,0.,-0.));
#697 = PCURVE('',#33,#698);
#698 = DEFINITIONAL_REPRESENTATION('',(#699),#703);
#699 = LINE('',#700,#701);
#700 = CARTESIAN_POINT('',(0.,49.));
#701 = VECTOR('',#702,1.);
#702 = DIRECTION('',(1.,0.));
#703 = ( GEOMETRIC_REPRESENTATION_CONTEXT(2) 
PARAMETRIC_REPRESENTATION_CONTEXT() REPRESENTATION_CONTEXT('2D SPACE',''
  ) );
#704 = PCURVE('',#175,#705);
#705 = DEFINITIONAL_REPRESENTATION('',(#706),#710);
#706 = CIRCLE('',#707,12.);
#707 = AXIS2_PLACEMENT_2D('',#708,#709);
#708 = CARTESIAN_POINT('',(0.,0.));
#709 = DIRECTION('',(1.,0.));
#710 = ( GEOMETRIC_REPRESENTATION_CONTEXT(2) 
PARAMETRIC_REPRESENTATION_CONTEXT() REPRESENTATION_CONTEXT('2D SPACE',''
  ) );
#711 = ORIENTED_EDGE('',*,*,#712,.T.);
#712 = EDGE_CURVE('',#689,#22,#713,.T.);
#713 = SURFACE_CURVE('',#714,(#718,#724),.PCURVE_S1.);
#714 = LINE('',#715,#716);
#715 = CARTESIAN_POINT('',(11.958260743101,-1.,-45.));
#716 = VECTOR('',#717,1.);
#717 = DIRECTION('',(0.,0.,1.));
#718 = PCURVE('',#33,#719);
#719 = DEFINITIONAL_REPRESENTATION('',(#720),#723);
#720 = B_SPLINE_CURVE_WITH_KNOTS('',1,(#721,#722),.UNSPECIFIED.,.F.,.F.,
  (2,2),(48.9999994,64.2),.PIECEWISE_BEZIER_KNOTS.);
#721 = CARTESIAN_POINT('',(6.199755220569,48.9999994));
#722 = CARTESIAN_POINT('',(6.199755220569,64.2));
#723 = ( GEOMETRIC_REPRESENTATION_CONTEXT(2) 
PARAMETRIC_REPRESENTATION_CONTEXT() REPRESENTATION_CONTEXT('2D SPACE',''
  ) );
#724 = PCURVE('',#725,#730);
#725 = PLANE('',#726);
#726 = AXIS2_PLACEMENT_3D('',#727,#728,#729);
#727 = CARTESIAN_POINT('',(0.,-1.,-98.5));
#728 = DIRECTION('',(0.,1.,0.));
#729 = DIRECTION('',(0.,0.,1.));
#730 = DEFINITIONAL_REPRESENTATION('',(#731),#734);
#731 = B_SPLINE_CURVE_WITH_KNOTS('',1,(#732,#733),.UNSPECIFIED.,.F.,.F.,
  (2,2),(48.9999994,64.2),.PIECEWISE_BEZIER_KNOTS.);
#732 = CARTESIAN_POINT('',(102.4999994,11.958260743101));
#733 = CARTESIAN_POINT('',(117.7,11.958260743101));
#734 = ( GEOMETRIC_REPRESENTATION_CONTEXT(2) 
PARAMETRIC_REPRESENTATION_CONTEXT() REPRESENTATION_CONTEXT('2D SPACE',''
  ) );
#735 = ADVANCED_FACE('',(#736),#45,.F.);
#736 = FACE_BOUND('',#737,.F.);
#737 = EDGE_LOOP('',(#738,#769,#790,#791,#792,#815));
#738 = ORIENTED_EDGE('',*,*,#739,.F.);
#739 = EDGE_CURVE('',#740,#742,#744,.T.);
#740 = VERTEX_POINT('',#741);
#741 = CARTESIAN_POINT('',(8.944271909999,-1.,8.5));
#742 = VERTEX_POINT('',#743);
#743 = CARTESIAN_POINT('',(9.,-2.204364238465E-15,8.5));
#744 = SURFACE_CURVE('',#745,(#750,#757),.PCURVE_S1.);
#745 = CIRCLE('',#746,9.);
#746 = AXIS2_PLACEMENT_3D('',#747,#748,#749);
#747 = CARTESIAN_POINT('',(0.,0.,8.5));
#748 = DIRECTION('',(0.,0.,1.));
#749 = DIRECTION('',(1.,0.,-0.));
#750 = PCURVE('',#45,#751);
#751 = DEFINITIONAL_REPRESENTATION('',(#752),#756);
#752 = CIRCLE('',#753,9.);
#753 = AXIS2_PLACEMENT_2D('',#754,#755);
#754 = CARTESIAN_POINT('',(0.,1.));
#755 = DIRECTION('',(1.,0.));
#756 = ( GEOMETRIC_REPRESENTATION_CONTEXT(2) 
PARAMETRIC_REPRESENTATION_CONTEXT() REPRESENTATION_CONTEXT('2D SPACE',''
  ) );
#757 = PCURVE('',#758,#763);
#758 = CYLINDRICAL_SURFACE('',#759,9.);
#759 = AXIS2_PLACEMENT_3D('',#760,#761,#762);
#760 = CARTESIAN_POINT('',(0.,0.,-45.));
#761 = DIRECTION('',(0.,0.,1.));
#762 = DIRECTION('',(1.,0.,0.));
#763 = DEFINITIONAL_REPRESENTATION('',(#764),#768);
#764 = LINE('',#765,#766);
#765 = CARTESIAN_POINT('',(0.,53.5));
#766 = VECTOR('',#767,1.);
#767 = DIRECTION('',(1.,0.));
#768 = ( GEOMETRIC_REPRESENTATION_CONTEXT(2) 
PARAMETRIC_REPRESENTATION_CONTEXT() REPRESENTATION_CONTEXT('2D SPACE',''
  ) );
#769 = ORIENTED_EDGE('',*,*,#770,.T.);
#770 = EDGE_CURVE('',#740,#22,#771,.T.);
#771 = SURFACE_CURVE('',#772,(#776,#783),.PCURVE_S1.);
#772 = LINE('',#773,#774);
#773 = CARTESIAN_POINT('',(0.,-1.,8.5));
#774 = VECTOR('',#775,1.);
#775 = DIRECTION('',(1.,0.,0.));
#776 = PCURVE('',#45,#777);
#777 = DEFINITIONAL_REPRESENTATION('',(#778),#782);
#778 = LINE('',#779,#780);
#779 = CARTESIAN_POINT('',(0.,0.));
#780 = VECTOR('',#781,1.);
#781 = DIRECTION('',(1.,0.));
#782 = ( GEOMETRIC_REPRESENTATION_CONTEXT(2) 
PARAMETRIC_REPRESENTATION_CONTEXT() REPRESENTATION_CONTEXT('2D SPACE',''
  ) );
#783 = PCURVE('',#725,#784);
#784 = DEFINITIONAL_REPRESENTATION('',(#785),#789);
#785 = LINE('',#786,#787);
#786 = CARTESIAN_POINT('',(107.,0.));
#787 = VECTOR('',#788,1.);
#788 = DIRECTION('',(0.,1.));
#789 = ( GEOMETRIC_REPRESENTATION_CONTEXT(2) 
PARAMETRIC_REPRESENTATION_CONTEXT() REPRESENTATION_CONTEXT('2D SPACE',''
  ) );
#790 = ORIENTED_EDGE('',*,*,#21,.T.);
#791 = ORIENTED_EDGE('',*,*,#108,.T.);
#792 = ORIENTED_EDGE('',*,*,#793,.F.);
#793 = EDGE_CURVE('',#794,#109,#796,.T.);
#794 = VERTEX_POINT('',#795);
#795 = CARTESIAN_POINT('',(8.944271909999,1.,8.5));
#796 = SURFACE_CURVE('',#797,(#801,#808),.PCURVE_S1.);
#797 = LINE('',#798,#799);
#798 = CARTESIAN_POINT('',(0.,1.,8.5));
#799 = VECTOR('',#800,1.);
#800 = DIRECTION('',(1.,0.,0.));
#801 = PCURVE('',#45,#802);
#802 = DEFINITIONAL_REPRESENTATION('',(#803),#807);
#803 = LINE('',#804,#805);
#804 = CARTESIAN_POINT('',(0.,2.));
#805 = VECTOR('',#806,1.);
#806 = DIRECTION('',(1.,0.));
#807 = ( GEOMETRIC_REPRESENTATION_CONTEXT(2) 
PARAMETRIC_REPRESENTATION_CONTEXT() REPRESENTATION_CONTEXT('2D SPACE',''
  ) );
#808 = PCURVE('',#147,#809);
#809 = DEFINITIONAL_REPRESENTATION('',(#810),#814);
#810 = LINE('',#811,#812);
#811 = CARTESIAN_POINT('',(107.,0.));
#812 = VECTOR('',#813,1.);
#813 = DIRECTION('',(0.,1.));
#814 = ( GEOMETRIC_REPRESENTATION_CONTEXT(2) 
PARAMETRIC_REPRESENTATION_CONTEXT() REPRESENTATION_CONTEXT('2D SPACE',''
  ) );
#815 = ORIENTED_EDGE('',*,*,#816,.F.);
#816 = EDGE_CURVE('',#742,#794,#817,.T.);
#817 = SURFACE_CURVE('',#818,(#823,#830),.PCURVE_S1.);
#818 = CIRCLE('',#819,9.);
#819 = AXIS2_PLACEMENT_3D('',#820,#821,#822);
#820 = CARTESIAN_POINT('',(0.,0.,8.5));
#821 = DIRECTION('',(0.,0.,1.));
#822 = DIRECTION('',(1.,0.,-0.));
#823 = PCURVE('',#45,#824);
#824 = DEFINITIONAL_REPRESENTATION('',(#825),#829);
#825 = CIRCLE('',#826,9.);
#826 = AXIS2_PLACEMENT_2D('',#827,#828);
#827 = CARTESIAN_POINT('',(0.,1.));
#828 = DIRECTION('',(1.,0.));
#829 = ( GEOMETRIC_REPRESENTATION_CONTEXT(2) 
PARAMETRIC_REPRESENTATION_CONTEXT() REPRESENTATION_CONTEXT('2D SPACE',''
  ) );
#830 = PCURVE('',#758,#831);
#831 = DEFINITIONAL_REPRESENTATION('',(#832),#836);
#832 = LINE('',#833,#834);
#833 = CARTESIAN_POINT('',(0.,53.5));
#834 = VECTOR('',#835,1.);
#835 = DIRECTION('',(1.,0.));
#836 = ( GEOMETRIC_REPRESENTATION_CONTEXT(2) 
PARAMETRIC_REPRESENTATION_CONTEXT() REPRESENTATION_CONTEXT('2D SPACE',''
  ) );
#837 = ADVANCED_FACE('',(#838),#725,.T.);
#838 = FACE_BOUND('',#839,.T.);
#839 = EDGE_LOOP('',(#840,#870,#896,#922,#948,#967,#968,#969));
#840 = ORIENTED_EDGE('',*,*,#841,.F.);
#841 = EDGE_CURVE('',#842,#844,#846,.T.);
#842 = VERTEX_POINT('',#843);
#843 = CARTESIAN_POINT('',(15.,-1.,0.));
#844 = VERTEX_POINT('',#845);
#845 = CARTESIAN_POINT('',(15.,-1.,4.));
#846 = SURFACE_CURVE('',#847,(#851,#858),.PCURVE_S1.);
#847 = LINE('',#848,#849);
#848 = CARTESIAN_POINT('',(15.,-1.,-98.5));
#849 = VECTOR('',#850,1.);
#850 = DIRECTION('',(0.,0.,1.));
#851 = PCURVE('',#725,#852);
#852 = DEFINITIONAL_REPRESENTATION('',(#853),#857);
#853 = LINE('',#854,#855);
#854 = CARTESIAN_POINT('',(0.,15.));
#855 = VECTOR('',#856,1.);
#856 = DIRECTION('',(1.,0.));
#857 = ( GEOMETRIC_REPRESENTATION_CONTEXT(2) 
PARAMETRIC_REPRESENTATION_CONTEXT() REPRESENTATION_CONTEXT('2D SPACE',''
  ) );
#858 = PCURVE('',#859,#864);
#859 = PLANE('',#860);
#860 = AXIS2_PLACEMENT_3D('',#861,#862,#863);
#861 = CARTESIAN_POINT('',(15.,-1.,-98.5));
#862 = DIRECTION('',(1.,0.,0.));
#863 = DIRECTION('',(0.,0.,1.));
#864 = DEFINITIONAL_REPRESENTATION('',(#865),#869);
#865 = LINE('',#866,#867);
#866 = CARTESIAN_POINT('',(0.,0.));
#867 = VECTOR('',#868,1.);
#868 = DIRECTION('',(1.,0.));
#869 = ( GEOMETRIC_REPRESENTATION_CONTEXT(2) 
PARAMETRIC_REPRESENTATION_CONTEXT() REPRESENTATION_CONTEXT('2D SPACE',''
  ) );
#870 = ORIENTED_EDGE('',*,*,#871,.T.);
#871 = EDGE_CURVE('',#842,#872,#874,.T.);
#872 = VERTEX_POINT('',#873);
#873 = CARTESIAN_POINT('',(11.958260743101,-1.,0.));
#874 = SURFACE_CURVE('',#875,(#879,#885),.PCURVE_S1.);
#875 = LINE('',#876,#877);
#876 = CARTESIAN_POINT('',(0.,-1.,0.));
#877 = VECTOR('',#878,1.);
#878 = DIRECTION('',(-1.,0.,0.));
#879 = PCURVE('',#725,#880);
#880 = DEFINITIONAL_REPRESENTATION('',(#881),#884);
#881 = B_SPLINE_CURVE_WITH_KNOTS('',1,(#882,#883),.UNSPECIFIED.,.F.,.F.,
  (2,2),(-15.,0.),.PIECEWISE_BEZIER_KNOTS.);
#882 = CARTESIAN_POINT('',(98.5,15.));
#883 = CARTESIAN_POINT('',(98.5,0.));
#884 = ( GEOMETRIC_REPRESENTATION_CONTEXT(2) 
PARAMETRIC_REPRESENTATION_CONTEXT() REPRESENTATION_CONTEXT('2D SPACE',''
  ) );
#885 = PCURVE('',#886,#891);
#886 = PLANE('',#887);
#887 = AXIS2_PLACEMENT_3D('',#888,#889,#890);
#888 = CARTESIAN_POINT('',(0.,0.,0.));
#889 = DIRECTION('',(0.,0.,1.));
#890 = DIRECTION('',(1.,0.,-0.));
#891 = DEFINITIONAL_REPRESENTATION('',(#892),#895);
#892 = B_SPLINE_CURVE_WITH_KNOTS('',1,(#893,#894),.UNSPECIFIED.,.F.,.F.,
  (2,2),(-15.,0.),.PIECEWISE_BEZIER_KNOTS.);
#893 = CARTESIAN_POINT('',(15.,-1.));
#894 = CARTESIAN_POINT('',(0.,-1.));
#895 = ( GEOMETRIC_REPRESENTATION_CONTEXT(2) 
PARAMETRIC_REPRESENTATION_CONTEXT() REPRESENTATION_CONTEXT('2D SPACE',''
  ) );
#896 = ORIENTED_EDGE('',*,*,#897,.F.);
#897 = EDGE_CURVE('',#898,#872,#900,.T.);
#898 = VERTEX_POINT('',#899);
#899 = CARTESIAN_POINT('',(11.958260743101,-1.,-45.));
#900 = SURFACE_CURVE('',#901,(#905,#911),.PCURVE_S1.);
#901 = LINE('',#902,#903);
#902 = CARTESIAN_POINT('',(11.958260743101,-1.,-45.));
#903 = VECTOR('',#904,1.);
#904 = DIRECTION('',(0.,0.,1.));
#905 = PCURVE('',#725,#906);
#906 = DEFINITIONAL_REPRESENTATION('',(#907),#910);
#907 = B_SPLINE_CURVE_WITH_KNOTS('',1,(#908,#909),.UNSPECIFIED.,.F.,.F.,
  (2,2),(-5.999999999062E-07,45.0000006),.PIECEWISE_BEZIER_KNOTS.);
#908 = CARTESIAN_POINT('',(53.4999994,11.958260743101));
#909 = CARTESIAN_POINT('',(98.5000006,11.958260743101));
#910 = ( GEOMETRIC_REPRESENTATION_CONTEXT(2) 
PARAMETRIC_REPRESENTATION_CONTEXT() REPRESENTATION_CONTEXT('2D SPACE',''
  ) );
#911 = PCURVE('',#912,#917);
#912 = CYLINDRICAL_SURFACE('',#913,12.);
#913 = AXIS2_PLACEMENT_3D('',#914,#915,#916);
#914 = CARTESIAN_POINT('',(0.,0.,-45.));
#915 = DIRECTION('',(0.,0.,1.));
#916 = DIRECTION('',(1.,0.,0.));
#917 = DEFINITIONAL_REPRESENTATION('',(#918),#921);
#918 = B_SPLINE_CURVE_WITH_KNOTS('',1,(#919,#920),.UNSPECIFIED.,.F.,.F.,
  (2,2),(-5.999999999062E-07,45.0000006),.PIECEWISE_BEZIER_KNOTS.);
#919 = CARTESIAN_POINT('',(6.199755220569,-5.999999999062E-07));
#920 = CARTESIAN_POINT('',(6.199755220569,45.0000006));
#921 = ( GEOMETRIC_REPRESENTATION_CONTEXT(2) 
PARAMETRIC_REPRESENTATION_CONTEXT() REPRESENTATION_CONTEXT('2D SPACE',''
  ) );
#922 = ORIENTED_EDGE('',*,*,#923,.T.);
#923 = EDGE_CURVE('',#898,#924,#926,.T.);
#924 = VERTEX_POINT('',#925);
#925 = CARTESIAN_POINT('',(8.944271909999,-1.,-45.));
#926 = SURFACE_CURVE('',#927,(#931,#937),.PCURVE_S1.);
#927 = LINE('',#928,#929);
#928 = CARTESIAN_POINT('',(0.,-1.,-45.));
#929 = VECTOR('',#930,1.);
#930 = DIRECTION('',(-1.,0.,0.));
#931 = PCURVE('',#725,#932);
#932 = DEFINITIONAL_REPRESENTATION('',(#933),#936);
#933 = B_SPLINE_CURVE_WITH_KNOTS('',1,(#934,#935),.UNSPECIFIED.,.F.,.F.,
  (2,2),(-12.,0.),.PIECEWISE_BEZIER_KNOTS.);
#934 = CARTESIAN_POINT('',(53.5,12.));
#935 = CARTESIAN_POINT('',(53.5,0.));
#936 = ( GEOMETRIC_REPRESENTATION_CONTEXT(2) 
PARAMETRIC_REPRESENTATION_CONTEXT() REPRESENTATION_CONTEXT('2D SPACE',''
  ) );
#937 = PCURVE('',#938,#943);
#938 = PLANE('',#939);
#939 = AXIS2_PLACEMENT_3D('',#940,#941,#942);
#940 = CARTESIAN_POINT('',(0.,0.,-45.));
#941 = DIRECTION('',(0.,0.,1.));
#942 = DIRECTION('',(1.,0.,0.));
#943 = DEFINITIONAL_REPRESENTATION('',(#944),#947);
#944 = B_SPLINE_CURVE_WITH_KNOTS('',1,(#945,#946),.UNSPECIFIED.,.F.,.F.,
  (2,2),(-12.,0.),.PIECEWISE_BEZIER_KNOTS.);
#945 = CARTESIAN_POINT('',(12.,-1.));
#946 = CARTESIAN_POINT('',(0.,-1.));
#947 = ( GEOMETRIC_REPRESENTATION_CONTEXT(2) 
PARAMETRIC_REPRESENTATION_CONTEXT() REPRESENTATION_CONTEXT('2D SPACE',''
  ) );
#948 = ORIENTED_EDGE('',*,*,#949,.T.);
#949 = EDGE_CURVE('',#924,#740,#950,.T.);
#950 = SURFACE_CURVE('',#951,(#955,#961),.PCURVE_S1.);
#951 = LINE('',#952,#953);
#952 = CARTESIAN_POINT('',(8.944271909999,-1.,-45.));
#953 = VECTOR('',#954,1.);
#954 = DIRECTION('',(0.,0.,1.));
#955 = PCURVE('',#725,#956);
#956 = DEFINITIONAL_REPRESENTATION('',(#957),#960);
#957 = B_SPLINE_CURVE_WITH_KNOTS('',1,(#958,#959),.UNSPECIFIED.,.F.,.F.,
  (2,2),(-5.999999999062E-07,64.2),.PIECEWISE_BEZIER_KNOTS.);
#958 = CARTESIAN_POINT('',(53.4999994,8.944271909999));
#959 = CARTESIAN_POINT('',(117.7,8.944271909999));
#960 = ( GEOMETRIC_REPRESENTATION_CONTEXT(2) 
PARAMETRIC_REPRESENTATION_CONTEXT() REPRESENTATION_CONTEXT('2D SPACE',''
  ) );
#961 = PCURVE('',#758,#962);
#962 = DEFINITIONAL_REPRESENTATION('',(#963),#966);
#963 = B_SPLINE_CURVE_WITH_KNOTS('',1,(#964,#965),.UNSPECIFIED.,.F.,.F.,
  (2,2),(-5.999999999062E-07,64.2),.PIECEWISE_BEZIER_KNOTS.);
#964 = CARTESIAN_POINT('',(6.171844292839,-5.999999999062E-07));
#965 = CARTESIAN_POINT('',(6.171844292839,64.2));
#966 = ( GEOMETRIC_REPRESENTATION_CONTEXT(2) 
PARAMETRIC_REPRESENTATION_CONTEXT() REPRESENTATION_CONTEXT('2D SPACE',''
  ) );
#967 = ORIENTED_EDGE('',*,*,#770,.T.);
#968 = ORIENTED_EDGE('',*,*,#712,.F.);
#969 = ORIENTED_EDGE('',*,*,#970,.F.);
#970 = EDGE_CURVE('',#844,#689,#971,.T.);
#971 = SURFACE_CURVE('',#972,(#976,#982),.PCURVE_S1.);
#972 = LINE('',#973,#974);
#973 = CARTESIAN_POINT('',(0.,-1.,4.));
#974 = VECTOR('',#975,1.);
#975 = DIRECTION('',(-1.,0.,0.));
#976 = PCURVE('',#725,#977);
#977 = DEFINITIONAL_REPRESENTATION('',(#978),#981);
#978 = B_SPLINE_CURVE_WITH_KNOTS('',1,(#979,#980),.UNSPECIFIED.,.F.,.F.,
  (2,2),(-15.,0.),.PIECEWISE_BEZIER_KNOTS.);
#979 = CARTESIAN_POINT('',(102.5,15.));
#980 = CARTESIAN_POINT('',(102.5,0.));
#981 = ( GEOMETRIC_REPRESENTATION_CONTEXT(2) 
PARAMETRIC_REPRESENTATION_CONTEXT() REPRESENTATION_CONTEXT('2D SPACE',''
  ) );
#982 = PCURVE('',#175,#983);
#983 = DEFINITIONAL_REPRESENTATION('',(#984),#987);
#984 = B_SPLINE_CURVE_WITH_KNOTS('',1,(#985,#986),.UNSPECIFIED.,.F.,.F.,
  (2,2),(-15.,0.),.PIECEWISE_BEZIER_KNOTS.);
#985 = CARTESIAN_POINT('',(15.,-1.));
#986 = CARTESIAN_POINT('',(0.,-1.));
#987 = ( GEOMETRIC_REPRESENTATION_CONTEXT(2) 
PARAMETRIC_REPRESENTATION_CONTEXT() REPRESENTATION_CONTEXT('2D SPACE',''
  ) );
#988 = ADVANCED_FACE('',(#989,#1020,#1051,#1082,#1113,#1144,#1175,#1554,
    #1585,#1616),#175,.T.);
#989 = FACE_BOUND('',#990,.T.);
#990 = EDGE_LOOP('',(#991));
#991 = ORIENTED_EDGE('',*,*,#992,.T.);
#992 = EDGE_CURVE('',#993,#993,#995,.T.);
#993 = VERTEX_POINT('',#994);
#994 = CARTESIAN_POINT('',(60.4,-1.47937333337E-14,4.));
#995 = SURFACE_CURVE('',#996,(#1001,#1008),.PCURVE_S1.);
#996 = CIRCLE('',#997,60.4);
#997 = AXIS2_PLACEMENT_3D('',#998,#999,#1000);
#998 = CARTESIAN_POINT('',(0.,0.,4.));
#999 = DIRECTION('',(0.,0.,1.));
#1000 = DIRECTION('',(1.,0.,0.));
#1001 = PCURVE('',#175,#1002);
#1002 = DEFINITIONAL_REPRESENTATION('',(#1003),#1007);
#1003 = CIRCLE('',#1004,60.4);
#1004 = AXIS2_PLACEMENT_2D('',#1005,#1006);
#1005 = CARTESIAN_POINT('',(0.,0.));
#1006 = DIRECTION('',(1.,0.));
#1007 = ( GEOMETRIC_REPRESENTATION_CONTEXT(2) 
PARAMETRIC_REPRESENTATION_CONTEXT() REPRESENTATION_CONTEXT('2D SPACE',''
  ) );
#1008 = PCURVE('',#1009,#1014);
#1009 = CYLINDRICAL_SURFACE('',#1010,60.4);
#1010 = AXIS2_PLACEMENT_3D('',#1011,#1012,#1013);
#1011 = CARTESIAN_POINT('',(0.,0.,2.4));
#1012 = DIRECTION('',(0.,0.,1.));
#1013 = DIRECTION('',(1.,0.,0.));
#1014 = DEFINITIONAL_REPRESENTATION('',(#1015),#1019);
#1015 = LINE('',#1016,#1017);
#1016 = CARTESIAN_POINT('',(0.,1.6));
#1017 = VECTOR('',#1018,1.);
#1018 = DIRECTION('',(1.,0.));
#1019 = ( GEOMETRIC_REPRESENTATION_CONTEXT(2) 
PARAMETRIC_REPRESENTATION_CONTEXT() REPRESENTATION_CONTEXT('2D SPACE',''
  ) );
#1020 = FACE_BOUND('',#1021,.T.);
#1021 = EDGE_LOOP('',(#1022));
#1022 = ORIENTED_EDGE('',*,*,#1023,.F.);
#1023 = EDGE_CURVE('',#1024,#1024,#1026,.T.);
#1024 = VERTEX_POINT('',#1025);
#1025 = CARTESIAN_POINT('',(-33.23401871576,-33.23401871576,4.));
#1026 = SURFACE_CURVE('',#1027,(#1032,#1039),.PCURVE_S1.);
#1027 = CIRCLE('',#1028,2.);
#1028 = AXIS2_PLACEMENT_3D('',#1029,#1030,#1031);
#1029 = CARTESIAN_POINT('',(-31.81980515339,-31.81980515339,4.));
#1030 = DIRECTION('',(0.,0.,1.));
#1031 = DIRECTION('',(-0.707106781187,-0.707106781187,0.));
#1032 = PCURVE('',#175,#1033);
#1033 = DEFINITIONAL_REPRESENTATION('',(#1034),#1038);
#1034 = CIRCLE('',#1035,2.);
#1035 = AXIS2_PLACEMENT_2D('',#1036,#1037);
#1036 = CARTESIAN_POINT('',(-31.81980515339,-31.81980515339));
#1037 = DIRECTION('',(-0.707106781187,-0.707106781187));
#1038 = ( GEOMETRIC_REPRESENTATION_CONTEXT(2) 
PARAMETRIC_REPRESENTATION_CONTEXT() REPRESENTATION_CONTEXT('2D SPACE',''
  ) );
#1039 = PCURVE('',#1040,#1045);
#1040 = CYLINDRICAL_SURFACE('',#1041,2.);
#1041 = AXIS2_PLACEMENT_3D('',#1042,#1043,#1044);
#1042 = CARTESIAN_POINT('',(-31.81980515339,-31.81980515339,0.));
#1043 = DIRECTION('',(0.,0.,1.));
#1044 = DIRECTION('',(-0.707106781187,-0.707106781187,0.));
#1045 = DEFINITIONAL_REPRESENTATION('',(#1046),#1050);
#1046 = LINE('',#1047,#1048);
#1047 = CARTESIAN_POINT('',(0.,4.));
#1048 = VECTOR('',#1049,1.);
#1049 = DIRECTION('',(1.,0.));
#1050 = ( GEOMETRIC_REPRESENTATION_CONTEXT(2) 
PARAMETRIC_REPRESENTATION_CONTEXT() REPRESENTATION_CONTEXT('2D SPACE',''
  ) );
#1051 = FACE_BOUND('',#1052,.T.);
#1052 = EDGE_LOOP('',(#1053));
#1053 = ORIENTED_EDGE('',*,*,#1054,.F.);
#1054 = EDGE_CURVE('',#1055,#1055,#1057,.T.);
#1055 = VERTEX_POINT('',#1056);
#1056 = CARTESIAN_POINT('',(-1.092595515114E-14,-47.,4.));
#1057 = SURFACE_CURVE('',#1058,(#1063,#1070),.PCURVE_S1.);
#1058 = CIRCLE('',#1059,2.);
#1059 = AXIS2_PLACEMENT_3D('',#1060,#1061,#1062);
#1060 = CARTESIAN_POINT('',(-9.992007221626E-15,-45.,4.));
#1061 = DIRECTION('',(0.,0.,1.));
#1062 = DIRECTION('',(-2.22044604925E-16,-1.,0.));
#1063 = PCURVE('',#175,#1064);
#1064 = DEFINITIONAL_REPRESENTATION('',(#1065),#1069);
#1065 = CIRCLE('',#1066,2.);
#1066 = AXIS2_PLACEMENT_2D('',#1067,#1068);
#1067 = CARTESIAN_POINT('',(-9.992007221626E-15,-45.));
#1068 = DIRECTION('',(-2.22044604925E-16,-1.));
#1069 = ( GEOMETRIC_REPRESENTATION_CONTEXT(2) 
PARAMETRIC_REPRESENTATION_CONTEXT() REPRESENTATION_CONTEXT('2D SPACE',''
  ) );
#1070 = PCURVE('',#1071,#1076);
#1071 = CYLINDRICAL_SURFACE('',#1072,2.);
#1072 = AXIS2_PLACEMENT_3D('',#1073,#1074,#1075);
#1073 = CARTESIAN_POINT('',(-9.992007221626E-15,-45.,0.));
#1074 = DIRECTION('',(0.,0.,1.));
#1075 = DIRECTION('',(-2.22044604925E-16,-1.,0.));
#1076 = DEFINITIONAL_REPRESENTATION('',(#1077),#1081);
#1077 = LINE('',#1078,#1079);
#1078 = CARTESIAN_POINT('',(0.,4.));
#1079 = VECTOR('',#1080,1.);
#1080 = DIRECTION('',(1.,0.));
#1081 = ( GEOMETRIC_REPRESENTATION_CONTEXT(2) 
PARAMETRIC_REPRESENTATION_CONTEXT() REPRESENTATION_CONTEXT('2D SPACE',''
  ) );
#1082 = FACE_BOUND('',#1083,.T.);
#1083 = EDGE_LOOP('',(#1084));
#1084 = ORIENTED_EDGE('',*,*,#1085,.F.);
#1085 = EDGE_CURVE('',#1086,#1086,#1088,.T.);
#1086 = VERTEX_POINT('',#1087);
#1087 = CARTESIAN_POINT('',(33.234018715768,-33.23401871576,4.));
#1088 = SURFACE_CURVE('',#1089,(#1094,#1101),.PCURVE_S1.);
#1089 = CIRCLE('',#1090,2.);
#1090 = AXIS2_PLACEMENT_3D('',#1091,#1092,#1093);
#1091 = CARTESIAN_POINT('',(31.819805153395,-31.81980515339,4.));
#1092 = DIRECTION('',(0.,0.,1.));
#1093 = DIRECTION('',(0.707106781187,-0.707106781187,0.));
#1094 = PCURVE('',#175,#1095);
#1095 = DEFINITIONAL_REPRESENTATION('',(#1096),#1100);
#1096 = CIRCLE('',#1097,2.);
#1097 = AXIS2_PLACEMENT_2D('',#1098,#1099);
#1098 = CARTESIAN_POINT('',(31.819805153395,-31.81980515339));
#1099 = DIRECTION('',(0.707106781187,-0.707106781187));
#1100 = ( GEOMETRIC_REPRESENTATION_CONTEXT(2) 
PARAMETRIC_REPRESENTATION_CONTEXT() REPRESENTATION_CONTEXT('2D SPACE',''
  ) );
#1101 = PCURVE('',#1102,#1107);
#1102 = CYLINDRICAL_SURFACE('',#1103,2.);
#1103 = AXIS2_PLACEMENT_3D('',#1104,#1105,#1106);
#1104 = CARTESIAN_POINT('',(31.819805153395,-31.81980515339,0.));
#1105 = DIRECTION('',(0.,0.,1.));
#1106 = DIRECTION('',(0.707106781187,-0.707106781187,0.));
#1107 = DEFINITIONAL_REPRESENTATION('',(#1108),#1112);
#1108 = LINE('',#1109,#1110);
#1109 = CARTESIAN_POINT('',(0.,4.));
#1110 = VECTOR('',#1111,1.);
#1111 = DIRECTION('',(1.,0.));
#1112 = ( GEOMETRIC_REPRESENTATION_CONTEXT(2) 
PARAMETRIC_REPRESENTATION_CONTEXT() REPRESENTATION_CONTEXT('2D SPACE',''
  ) );
#1113 = FACE_BOUND('',#1114,.T.);
#1114 = EDGE_LOOP('',(#1115));
#1115 = ORIENTED_EDGE('',*,*,#1116,.F.);
#1116 = EDGE_CURVE('',#1117,#1117,#1119,.T.);
#1117 = VERTEX_POINT('',#1118);
#1118 = CARTESIAN_POINT('',(-47.,6.245698675652E-15,4.));
#1119 = SURFACE_CURVE('',#1120,(#1125,#1132),.PCURVE_S1.);
#1120 = CIRCLE('',#1121,2.);
#1121 = AXIS2_PLACEMENT_3D('',#1122,#1123,#1124);
#1122 = CARTESIAN_POINT('',(-45.,5.510910596163E-15,4.));
#1123 = DIRECTION('',(0.,0.,1.));
#1124 = DIRECTION('',(-1.,1.224646799147E-16,0.));
#1125 = PCURVE('',#175,#1126);
#1126 = DEFINITIONAL_REPRESENTATION('',(#1127),#1131);
#1127 = CIRCLE('',#1128,2.);
#1128 = AXIS2_PLACEMENT_2D('',#1129,#1130);
#1129 = CARTESIAN_POINT('',(-45.,5.510910596163E-15));
#1130 = DIRECTION('',(-1.,1.224646799147E-16));
#1131 = ( GEOMETRIC_REPRESENTATION_CONTEXT(2) 
PARAMETRIC_REPRESENTATION_CONTEXT() REPRESENTATION_CONTEXT('2D SPACE',''
  ) );
#1132 = PCURVE('',#1133,#1138);
#1133 = CYLINDRICAL_SURFACE('',#1134,2.);
#1134 = AXIS2_PLACEMENT_3D('',#1135,#1136,#1137);
#1135 = CARTESIAN_POINT('',(-45.,5.510910596163E-15,0.));
#1136 = DIRECTION('',(0.,0.,1.));
#1137 = DIRECTION('',(-1.,1.224646799147E-16,0.));
#1138 = DEFINITIONAL_REPRESENTATION('',(#1139),#1143);
#1139 = LINE('',#1140,#1141);
#1140 = CARTESIAN_POINT('',(0.,4.));
#1141 = VECTOR('',#1142,1.);
#1142 = DIRECTION('',(1.,0.));
#1143 = ( GEOMETRIC_REPRESENTATION_CONTEXT(2) 
PARAMETRIC_REPRESENTATION_CONTEXT() REPRESENTATION_CONTEXT('2D SPACE',''
  ) );
#1144 = FACE_BOUND('',#1145,.T.);
#1145 = EDGE_LOOP('',(#1146));
#1146 = ORIENTED_EDGE('',*,*,#1147,.F.);
#1147 = EDGE_CURVE('',#1148,#1148,#1150,.T.);
#1148 = VERTEX_POINT('',#1149);
#1149 = CARTESIAN_POINT('',(-33.23401871576,33.234018715768,4.));
#1150 = SURFACE_CURVE('',#1151,(#1156,#1163),.PCURVE_S1.);
#1151 = CIRCLE('',#1152,2.);
#1152 = AXIS2_PLACEMENT_3D('',#1153,#1154,#1155);
#1153 = CARTESIAN_POINT('',(-31.81980515339,31.819805153395,4.));
#1154 = DIRECTION('',(0.,0.,1.));
#1155 = DIRECTION('',(-0.707106781187,0.707106781187,0.));
#1156 = PCURVE('',#175,#1157);
#1157 = DEFINITIONAL_REPRESENTATION('',(#1158),#1162);
#1158 = CIRCLE('',#1159,2.);
#1159 = AXIS2_PLACEMENT_2D('',#1160,#1161);
#1160 = CARTESIAN_POINT('',(-31.81980515339,31.819805153395));
#1161 = DIRECTION('',(-0.707106781187,0.707106781187));
#1162 = ( GEOMETRIC_REPRESENTATION_CONTEXT(2) 
PARAMETRIC_REPRESENTATION_CONTEXT() REPRESENTATION_CONTEXT('2D SPACE',''
  ) );
#1163 = PCURVE('',#1164,#1169);
#1164 = CYLINDRICAL_SURFACE('',#1165,2.);
#1165 = AXIS2_PLACEMENT_3D('',#1166,#1167,#1168);
#1166 = CARTESIAN_POINT('',(-31.81980515339,31.819805153395,0.));
#1167 = DIRECTION('',(0.,0.,1.));
#1168 = DIRECTION('',(-0.707106781187,0.707106781187,0.));
#1169 = DEFINITIONAL_REPRESENTATION('',(#1170),#1174);
#1170 = LINE('',#1171,#1172);
#1171 = CARTESIAN_POINT('',(0.,4.));
#1172 = VECTOR('',#1173,1.);
#1173 = DIRECTION('',(1.,0.));
#1174 = ( GEOMETRIC_REPRESENTATION_CONTEXT(2) 
PARAMETRIC_REPRESENTATION_CONTEXT() REPRESENTATION_CONTEXT('2D SPACE',''
  ) );
#1175 = FACE_BOUND('',#1176,.T.);
#1176 = EDGE_LOOP('',(#1177,#1178,#1199,#1218,#1219,#1220,#1241,#1267,
    #1286,#1287,#1308,#1334,#1353,#1354,#1375,#1401,#1420,#1421,#1442,
    #1468,#1487,#1488,#1509,#1535));
#1177 = ORIENTED_EDGE('',*,*,#158,.F.);
#1178 = ORIENTED_EDGE('',*,*,#1179,.F.);
#1179 = EDGE_CURVE('',#1180,#133,#1182,.T.);
#1180 = VERTEX_POINT('',#1181);
#1181 = CARTESIAN_POINT('',(15.,1.,4.));
#1182 = SURFACE_CURVE('',#1183,(#1187,#1193),.PCURVE_S1.);
#1183 = LINE('',#1184,#1185);
#1184 = CARTESIAN_POINT('',(0.,1.,4.));
#1185 = VECTOR('',#1186,1.);
#1186 = DIRECTION('',(-1.,0.,0.));
#1187 = PCURVE('',#175,#1188);
#1188 = DEFINITIONAL_REPRESENTATION('',(#1189),#1192);
#1189 = B_SPLINE_CURVE_WITH_KNOTS('',1,(#1190,#1191),.UNSPECIFIED.,.F.,
  .F.,(2,2),(-15.,0.),.PIECEWISE_BEZIER_KNOTS.);
#1190 = CARTESIAN_POINT('',(15.,1.));
#1191 = CARTESIAN_POINT('',(0.,1.));
#1192 = ( GEOMETRIC_REPRESENTATION_CONTEXT(2) 
PARAMETRIC_REPRESENTATION_CONTEXT() REPRESENTATION_CONTEXT('2D SPACE',''
  ) );
#1193 = PCURVE('',#147,#1194);
#1194 = DEFINITIONAL_REPRESENTATION('',(#1195),#1198);
#1195 = B_SPLINE_CURVE_WITH_KNOTS('',1,(#1196,#1197),.UNSPECIFIED.,.F.,
  .F.,(2,2),(-15.,0.),.PIECEWISE_BEZIER_KNOTS.);
#1196 = CARTESIAN_POINT('',(102.5,15.));
#1197 = CARTESIAN_POINT('',(102.5,0.));
#1198 = ( GEOMETRIC_REPRESENTATION_CONTEXT(2) 
PARAMETRIC_REPRESENTATION_CONTEXT() REPRESENTATION_CONTEXT('2D SPACE',''
  ) );
#1199 = ORIENTED_EDGE('',*,*,#1200,.F.);
#1200 = EDGE_CURVE('',#844,#1180,#1201,.T.);
#1201 = SURFACE_CURVE('',#1202,(#1206,#1212),.PCURVE_S1.);
#1202 = LINE('',#1203,#1204);
#1203 = CARTESIAN_POINT('',(15.,-0.5,4.));
#1204 = VECTOR('',#1205,1.);
#1205 = DIRECTION('',(0.,1.,0.));
#1206 = PCURVE('',#175,#1207);
#1207 = DEFINITIONAL_REPRESENTATION('',(#1208),#1211);
#1208 = B_SPLINE_CURVE_WITH_KNOTS('',1,(#1209,#1210),.UNSPECIFIED.,.F.,
  .F.,(2,2),(-0.5,1.5),.PIECEWISE_BEZIER_KNOTS.);
#1209 = CARTESIAN_POINT('',(15.,-1.));
#1210 = CARTESIAN_POINT('',(15.,1.));
#1211 = ( GEOMETRIC_REPRESENTATION_CONTEXT(2) 
PARAMETRIC_REPRESENTATION_CONTEXT() REPRESENTATION_CONTEXT('2D SPACE',''
  ) );
#1212 = PCURVE('',#859,#1213);
#1213 = DEFINITIONAL_REPRESENTATION('',(#1214),#1217);
#1214 = B_SPLINE_CURVE_WITH_KNOTS('',1,(#1215,#1216),.UNSPECIFIED.,.F.,
  .F.,(2,2),(-0.5,1.5),.PIECEWISE_BEZIER_KNOTS.);
#1215 = CARTESIAN_POINT('',(102.5,0.));
#1216 = CARTESIAN_POINT('',(102.5,-2.));
#1217 = ( GEOMETRIC_REPRESENTATION_CONTEXT(2) 
PARAMETRIC_REPRESENTATION_CONTEXT() REPRESENTATION_CONTEXT('2D SPACE',''
  ) );
#1218 = ORIENTED_EDGE('',*,*,#970,.T.);
#1219 = ORIENTED_EDGE('',*,*,#688,.F.);
#1220 = ORIENTED_EDGE('',*,*,#1221,.F.);
#1221 = EDGE_CURVE('',#1222,#663,#1224,.T.);
#1222 = VERTEX_POINT('',#1223);
#1223 = CARTESIAN_POINT('',(8.366025403784,-12.49038105676,4.));
#1224 = SURFACE_CURVE('',#1225,(#1229,#1235),.PCURVE_S1.);
#1225 = LINE('',#1226,#1227);
#1226 = CARTESIAN_POINT('',(0.866025403784,0.5,4.));
#1227 = VECTOR('',#1228,1.);
#1228 = DIRECTION('',(-0.5,0.866025403784,0.));
#1229 = PCURVE('',#175,#1230);
#1230 = DEFINITIONAL_REPRESENTATION('',(#1231),#1234);
#1231 = B_SPLINE_CURVE_WITH_KNOTS('',1,(#1232,#1233),.UNSPECIFIED.,.F.,
  .F.,(2,2),(-15.,0.),.PIECEWISE_BEZIER_KNOTS.);
#1232 = CARTESIAN_POINT('',(8.366025403784,-12.49038105676));
#1233 = CARTESIAN_POINT('',(0.866025403784,0.5));
#1234 = ( GEOMETRIC_REPRESENTATION_CONTEXT(2) 
PARAMETRIC_REPRESENTATION_CONTEXT() REPRESENTATION_CONTEXT('2D SPACE',''
  ) );
#1235 = PCURVE('',#677,#1236);
#1236 = DEFINITIONAL_REPRESENTATION('',(#1237),#1240);
#1237 = B_SPLINE_CURVE_WITH_KNOTS('',1,(#1238,#1239),.UNSPECIFIED.,.F.,
  .F.,(2,2),(-15.,0.),.PIECEWISE_BEZIER_KNOTS.);
#1238 = CARTESIAN_POINT('',(102.5,15.));
#1239 = CARTESIAN_POINT('',(102.5,0.));
#1240 = ( GEOMETRIC_REPRESENTATION_CONTEXT(2) 
PARAMETRIC_REPRESENTATION_CONTEXT() REPRESENTATION_CONTEXT('2D SPACE',''
  ) );
#1241 = ORIENTED_EDGE('',*,*,#1242,.F.);
#1242 = EDGE_CURVE('',#1243,#1222,#1245,.T.);
#1243 = VERTEX_POINT('',#1244);
#1244 = CARTESIAN_POINT('',(6.633974596216,-13.49038105676,4.));
#1245 = SURFACE_CURVE('',#1246,(#1250,#1256),.PCURVE_S1.);
#1246 = LINE('',#1247,#1248);
#1247 = CARTESIAN_POINT('',(7.066987298108,-13.24038105676,4.));
#1248 = VECTOR('',#1249,1.);
#1249 = DIRECTION('',(0.866025403784,0.5,-0.));
#1250 = PCURVE('',#175,#1251);
#1251 = DEFINITIONAL_REPRESENTATION('',(#1252),#1255);
#1252 = B_SPLINE_CURVE_WITH_KNOTS('',1,(#1253,#1254),.UNSPECIFIED.,.F.,
  .F.,(2,2),(-0.5,1.5),.PIECEWISE_BEZIER_KNOTS.);
#1253 = CARTESIAN_POINT('',(6.633974596216,-13.49038105676));
#1254 = CARTESIAN_POINT('',(8.366025403784,-12.49038105676));
#1255 = ( GEOMETRIC_REPRESENTATION_CONTEXT(2) 
PARAMETRIC_REPRESENTATION_CONTEXT() REPRESENTATION_CONTEXT('2D SPACE',''
  ) );
#1256 = PCURVE('',#1257,#1262);
#1257 = PLANE('',#1258);
#1258 = AXIS2_PLACEMENT_3D('',#1259,#1260,#1261);
#1259 = CARTESIAN_POINT('',(6.633974596216,-13.49038105676,-98.5));
#1260 = DIRECTION('',(0.5,-0.866025403784,0.));
#1261 = DIRECTION('',(0.,0.,1.));
#1262 = DEFINITIONAL_REPRESENTATION('',(#1263),#1266);
#1263 = B_SPLINE_CURVE_WITH_KNOTS('',1,(#1264,#1265),.UNSPECIFIED.,.F.,
  .F.,(2,2),(-0.5,1.5),.PIECEWISE_BEZIER_KNOTS.);
#1264 = CARTESIAN_POINT('',(102.5,0.));
#1265 = CARTESIAN_POINT('',(102.5,-2.));
#1266 = ( GEOMETRIC_REPRESENTATION_CONTEXT(2) 
PARAMETRIC_REPRESENTATION_CONTEXT() REPRESENTATION_CONTEXT('2D SPACE',''
  ) );
#1267 = ORIENTED_EDGE('',*,*,#1268,.T.);
#1268 = EDGE_CURVE('',#1243,#584,#1269,.T.);
#1269 = SURFACE_CURVE('',#1270,(#1274,#1280),.PCURVE_S1.);
#1270 = LINE('',#1271,#1272);
#1271 = CARTESIAN_POINT('',(-0.866025403784,-0.5,4.));
#1272 = VECTOR('',#1273,1.);
#1273 = DIRECTION('',(-0.5,0.866025403784,0.));
#1274 = PCURVE('',#175,#1275);
#1275 = DEFINITIONAL_REPRESENTATION('',(#1276),#1279);
#1276 = B_SPLINE_CURVE_WITH_KNOTS('',1,(#1277,#1278),.UNSPECIFIED.,.F.,
  .F.,(2,2),(-15.,0.),.PIECEWISE_BEZIER_KNOTS.);
#1277 = CARTESIAN_POINT('',(6.633974596216,-13.49038105676));
#1278 = CARTESIAN_POINT('',(-0.866025403784,-0.5));
#1279 = ( GEOMETRIC_REPRESENTATION_CONTEXT(2) 
PARAMETRIC_REPRESENTATION_CONTEXT() REPRESENTATION_CONTEXT('2D SPACE',''
  ) );
#1280 = PCURVE('',#622,#1281);
#1281 = DEFINITIONAL_REPRESENTATION('',(#1282),#1285);
#1282 = B_SPLINE_CURVE_WITH_KNOTS('',1,(#1283,#1284),.UNSPECIFIED.,.F.,
  .F.,(2,2),(-15.,0.),.PIECEWISE_BEZIER_KNOTS.);
#1283 = CARTESIAN_POINT('',(102.5,15.));
#1284 = CARTESIAN_POINT('',(102.5,0.));
#1285 = ( GEOMETRIC_REPRESENTATION_CONTEXT(2) 
PARAMETRIC_REPRESENTATION_CONTEXT() REPRESENTATION_CONTEXT('2D SPACE',''
  ) );
#1286 = ORIENTED_EDGE('',*,*,#583,.F.);
#1287 = ORIENTED_EDGE('',*,*,#1288,.F.);
#1288 = EDGE_CURVE('',#1289,#558,#1291,.T.);
#1289 = VERTEX_POINT('',#1290);
#1290 = CARTESIAN_POINT('',(-6.633974596216,-13.49038105676,4.));
#1291 = SURFACE_CURVE('',#1292,(#1296,#1302),.PCURVE_S1.);
#1292 = LINE('',#1293,#1294);
#1293 = CARTESIAN_POINT('',(0.866025403784,-0.5,4.));
#1294 = VECTOR('',#1295,1.);
#1295 = DIRECTION('',(0.5,0.866025403784,-0.));
#1296 = PCURVE('',#175,#1297);
#1297 = DEFINITIONAL_REPRESENTATION('',(#1298),#1301);
#1298 = B_SPLINE_CURVE_WITH_KNOTS('',1,(#1299,#1300),.UNSPECIFIED.,.F.,
  .F.,(2,2),(-15.,0.),.PIECEWISE_BEZIER_KNOTS.);
#1299 = CARTESIAN_POINT('',(-6.633974596216,-13.49038105676));
#1300 = CARTESIAN_POINT('',(0.866025403784,-0.5));
#1301 = ( GEOMETRIC_REPRESENTATION_CONTEXT(2) 
PARAMETRIC_REPRESENTATION_CONTEXT() REPRESENTATION_CONTEXT('2D SPACE',''
  ) );
#1302 = PCURVE('',#572,#1303);
#1303 = DEFINITIONAL_REPRESENTATION('',(#1304),#1307);
#1304 = B_SPLINE_CURVE_WITH_KNOTS('',1,(#1305,#1306),.UNSPECIFIED.,.F.,
  .F.,(2,2),(-15.,0.),.PIECEWISE_BEZIER_KNOTS.);
#1305 = CARTESIAN_POINT('',(102.5,15.));
#1306 = CARTESIAN_POINT('',(102.5,0.));
#1307 = ( GEOMETRIC_REPRESENTATION_CONTEXT(2) 
PARAMETRIC_REPRESENTATION_CONTEXT() REPRESENTATION_CONTEXT('2D SPACE',''
  ) );
#1308 = ORIENTED_EDGE('',*,*,#1309,.F.);
#1309 = EDGE_CURVE('',#1310,#1289,#1312,.T.);
#1310 = VERTEX_POINT('',#1311);
#1311 = CARTESIAN_POINT('',(-8.366025403784,-12.49038105676,4.));
#1312 = SURFACE_CURVE('',#1313,(#1317,#1323),.PCURVE_S1.);
#1313 = LINE('',#1314,#1315);
#1314 = CARTESIAN_POINT('',(-7.933012701892,-12.74038105676,4.));
#1315 = VECTOR('',#1316,1.);
#1316 = DIRECTION('',(0.866025403784,-0.5,0.));
#1317 = PCURVE('',#175,#1318);
#1318 = DEFINITIONAL_REPRESENTATION('',(#1319),#1322);
#1319 = B_SPLINE_CURVE_WITH_KNOTS('',1,(#1320,#1321),.UNSPECIFIED.,.F.,
  .F.,(2,2),(-0.5,1.5),.PIECEWISE_BEZIER_KNOTS.);
#1320 = CARTESIAN_POINT('',(-8.366025403784,-12.49038105676));
#1321 = CARTESIAN_POINT('',(-6.633974596216,-13.49038105676));
#1322 = ( GEOMETRIC_REPRESENTATION_CONTEXT(2) 
PARAMETRIC_REPRESENTATION_CONTEXT() REPRESENTATION_CONTEXT('2D SPACE',''
  ) );
#1323 = PCURVE('',#1324,#1329);
#1324 = PLANE('',#1325);
#1325 = AXIS2_PLACEMENT_3D('',#1326,#1327,#1328);
#1326 = CARTESIAN_POINT('',(-8.366025403784,-12.49038105676,-98.5));
#1327 = DIRECTION('',(-0.5,-0.866025403784,0.));
#1328 = DIRECTION('',(0.,0.,1.));
#1329 = DEFINITIONAL_REPRESENTATION('',(#1330),#1333);
#1330 = B_SPLINE_CURVE_WITH_KNOTS('',1,(#1331,#1332),.UNSPECIFIED.,.F.,
  .F.,(2,2),(-0.5,1.5),.PIECEWISE_BEZIER_KNOTS.);
#1331 = CARTESIAN_POINT('',(102.5,0.));
#1332 = CARTESIAN_POINT('',(102.5,-2.));
#1333 = ( GEOMETRIC_REPRESENTATION_CONTEXT(2) 
PARAMETRIC_REPRESENTATION_CONTEXT() REPRESENTATION_CONTEXT('2D SPACE',''
  ) );
#1334 = ORIENTED_EDGE('',*,*,#1335,.T.);
#1335 = EDGE_CURVE('',#1310,#479,#1336,.T.);
#1336 = SURFACE_CURVE('',#1337,(#1341,#1347),.PCURVE_S1.);
#1337 = LINE('',#1338,#1339);
#1338 = CARTESIAN_POINT('',(-0.866025403784,0.5,4.));
#1339 = VECTOR('',#1340,1.);
#1340 = DIRECTION('',(0.5,0.866025403784,-0.));
#1341 = PCURVE('',#175,#1342);
#1342 = DEFINITIONAL_REPRESENTATION('',(#1343),#1346);
#1343 = B_SPLINE_CURVE_WITH_KNOTS('',1,(#1344,#1345),.UNSPECIFIED.,.F.,
  .F.,(2,2),(-15.,0.),.PIECEWISE_BEZIER_KNOTS.);
#1344 = CARTESIAN_POINT('',(-8.366025403784,-12.49038105676));
#1345 = CARTESIAN_POINT('',(-0.866025403784,0.5));
#1346 = ( GEOMETRIC_REPRESENTATION_CONTEXT(2) 
PARAMETRIC_REPRESENTATION_CONTEXT() REPRESENTATION_CONTEXT('2D SPACE',''
  ) );
#1347 = PCURVE('',#517,#1348);
#1348 = DEFINITIONAL_REPRESENTATION('',(#1349),#1352);
#1349 = B_SPLINE_CURVE_WITH_KNOTS('',1,(#1350,#1351),.UNSPECIFIED.,.F.,
  .F.,(2,2),(-15.,0.),.PIECEWISE_BEZIER_KNOTS.);
#1350 = CARTESIAN_POINT('',(102.5,15.));
#1351 = CARTESIAN_POINT('',(102.5,0.));
#1352 = ( GEOMETRIC_REPRESENTATION_CONTEXT(2) 
PARAMETRIC_REPRESENTATION_CONTEXT() REPRESENTATION_CONTEXT('2D SPACE',''
  ) );
#1353 = ORIENTED_EDGE('',*,*,#478,.F.);
#1354 = ORIENTED_EDGE('',*,*,#1355,.F.);
#1355 = EDGE_CURVE('',#1356,#453,#1358,.T.);
#1356 = VERTEX_POINT('',#1357);
#1357 = CARTESIAN_POINT('',(-15.,-1.,4.));
#1358 = SURFACE_CURVE('',#1359,(#1363,#1369),.PCURVE_S1.);
#1359 = LINE('',#1360,#1361);
#1360 = CARTESIAN_POINT('',(-1.224646799147E-16,-1.,4.));
#1361 = VECTOR('',#1362,1.);
#1362 = DIRECTION('',(1.,-1.224646799147E-16,0.));
#1363 = PCURVE('',#175,#1364);
#1364 = DEFINITIONAL_REPRESENTATION('',(#1365),#1368);
#1365 = B_SPLINE_CURVE_WITH_KNOTS('',1,(#1366,#1367),.UNSPECIFIED.,.F.,
  .F.,(2,2),(-15.,0.),.PIECEWISE_BEZIER_KNOTS.);
#1366 = CARTESIAN_POINT('',(-15.,-1.));
#1367 = CARTESIAN_POINT('',(-1.224646799147E-16,-1.));
#1368 = ( GEOMETRIC_REPRESENTATION_CONTEXT(2) 
PARAMETRIC_REPRESENTATION_CONTEXT() REPRESENTATION_CONTEXT('2D SPACE',''
  ) );
#1369 = PCURVE('',#467,#1370);
#1370 = DEFINITIONAL_REPRESENTATION('',(#1371),#1374);
#1371 = B_SPLINE_CURVE_WITH_KNOTS('',1,(#1372,#1373),.UNSPECIFIED.,.F.,
  .F.,(2,2),(-15.,0.),.PIECEWISE_BEZIER_KNOTS.);
#1372 = CARTESIAN_POINT('',(102.5,15.));
#1373 = CARTESIAN_POINT('',(102.5,0.));
#1374 = ( GEOMETRIC_REPRESENTATION_CONTEXT(2) 
PARAMETRIC_REPRESENTATION_CONTEXT() REPRESENTATION_CONTEXT('2D SPACE',''
  ) );
#1375 = ORIENTED_EDGE('',*,*,#1376,.F.);
#1376 = EDGE_CURVE('',#1377,#1356,#1379,.T.);
#1377 = VERTEX_POINT('',#1378);
#1378 = CARTESIAN_POINT('',(-15.,1.,4.));
#1379 = SURFACE_CURVE('',#1380,(#1384,#1390),.PCURVE_S1.);
#1380 = LINE('',#1381,#1382);
#1381 = CARTESIAN_POINT('',(-15.,0.5,4.));
#1382 = VECTOR('',#1383,1.);
#1383 = DIRECTION('',(-1.224646799147E-16,-1.,0.));
#1384 = PCURVE('',#175,#1385);
#1385 = DEFINITIONAL_REPRESENTATION('',(#1386),#1389);
#1386 = B_SPLINE_CURVE_WITH_KNOTS('',1,(#1387,#1388),.UNSPECIFIED.,.F.,
  .F.,(2,2),(-0.5,1.5),.PIECEWISE_BEZIER_KNOTS.);
#1387 = CARTESIAN_POINT('',(-15.,1.));
#1388 = CARTESIAN_POINT('',(-15.,-1.));
#1389 = ( GEOMETRIC_REPRESENTATION_CONTEXT(2) 
PARAMETRIC_REPRESENTATION_CONTEXT() REPRESENTATION_CONTEXT('2D SPACE',''
  ) );
#1390 = PCURVE('',#1391,#1396);
#1391 = PLANE('',#1392);
#1392 = AXIS2_PLACEMENT_3D('',#1393,#1394,#1395);
#1393 = CARTESIAN_POINT('',(-15.,1.,-98.5));
#1394 = DIRECTION('',(-1.,1.224646799147E-16,0.));
#1395 = DIRECTION('',(0.,0.,1.));
#1396 = DEFINITIONAL_REPRESENTATION('',(#1397),#1400);
#1397 = B_SPLINE_CURVE_WITH_KNOTS('',1,(#1398,#1399),.UNSPECIFIED.,.F.,
  .F.,(2,2),(-0.5,1.5),.PIECEWISE_BEZIER_KNOTS.);
#1398 = CARTESIAN_POINT('',(102.5,0.));
#1399 = CARTESIAN_POINT('',(102.5,-2.));
#1400 = ( GEOMETRIC_REPRESENTATION_CONTEXT(2) 
PARAMETRIC_REPRESENTATION_CONTEXT() REPRESENTATION_CONTEXT('2D SPACE',''
  ) );
#1401 = ORIENTED_EDGE('',*,*,#1402,.T.);
#1402 = EDGE_CURVE('',#1377,#374,#1403,.T.);
#1403 = SURFACE_CURVE('',#1404,(#1408,#1414),.PCURVE_S1.);
#1404 = LINE('',#1405,#1406);
#1405 = CARTESIAN_POINT('',(1.224646799147E-16,1.,4.));
#1406 = VECTOR('',#1407,1.);
#1407 = DIRECTION('',(1.,-1.224646799147E-16,0.));
#1408 = PCURVE('',#175,#1409);
#1409 = DEFINITIONAL_REPRESENTATION('',(#1410),#1413);
#1410 = B_SPLINE_CURVE_WITH_KNOTS('',1,(#1411,#1412),.UNSPECIFIED.,.F.,
  .F.,(2,2),(-15.,0.),.PIECEWISE_BEZIER_KNOTS.);
#1411 = CARTESIAN_POINT('',(-15.,1.));
#1412 = CARTESIAN_POINT('',(1.224646799147E-16,1.));
#1413 = ( GEOMETRIC_REPRESENTATION_CONTEXT(2) 
PARAMETRIC_REPRESENTATION_CONTEXT() REPRESENTATION_CONTEXT('2D SPACE',''
  ) );
#1414 = PCURVE('',#412,#1415);
#1415 = DEFINITIONAL_REPRESENTATION('',(#1416),#1419);
#1416 = B_SPLINE_CURVE_WITH_KNOTS('',1,(#1417,#1418),.UNSPECIFIED.,.F.,
  .F.,(2,2),(-15.,0.),.PIECEWISE_BEZIER_KNOTS.);
#1417 = CARTESIAN_POINT('',(102.5,15.));
#1418 = CARTESIAN_POINT('',(102.5,0.));
#1419 = ( GEOMETRIC_REPRESENTATION_CONTEXT(2) 
PARAMETRIC_REPRESENTATION_CONTEXT() REPRESENTATION_CONTEXT('2D SPACE',''
  ) );
#1420 = ORIENTED_EDGE('',*,*,#373,.F.);
#1421 = ORIENTED_EDGE('',*,*,#1422,.F.);
#1422 = EDGE_CURVE('',#1423,#348,#1425,.T.);
#1423 = VERTEX_POINT('',#1424);
#1424 = CARTESIAN_POINT('',(-8.366025403784,12.490381056767,4.));
#1425 = SURFACE_CURVE('',#1426,(#1430,#1436),.PCURVE_S1.);
#1426 = LINE('',#1427,#1428);
#1427 = CARTESIAN_POINT('',(-0.866025403784,-0.5,4.));
#1428 = VECTOR('',#1429,1.);
#1429 = DIRECTION('',(0.5,-0.866025403784,0.));
#1430 = PCURVE('',#175,#1431);
#1431 = DEFINITIONAL_REPRESENTATION('',(#1432),#1435);
#1432 = B_SPLINE_CURVE_WITH_KNOTS('',1,(#1433,#1434),.UNSPECIFIED.,.F.,
  .F.,(2,2),(-15.,5.551115123126E-17),.PIECEWISE_BEZIER_KNOTS.);
#1433 = CARTESIAN_POINT('',(-8.366025403784,12.490381056767));
#1434 = CARTESIAN_POINT('',(-0.866025403784,-0.5));
#1435 = ( GEOMETRIC_REPRESENTATION_CONTEXT(2) 
PARAMETRIC_REPRESENTATION_CONTEXT() REPRESENTATION_CONTEXT('2D SPACE',''
  ) );
#1436 = PCURVE('',#362,#1437);
#1437 = DEFINITIONAL_REPRESENTATION('',(#1438),#1441);
#1438 = B_SPLINE_CURVE_WITH_KNOTS('',1,(#1439,#1440),.UNSPECIFIED.,.F.,
  .F.,(2,2),(-15.,5.551115123126E-17),.PIECEWISE_BEZIER_KNOTS.);
#1439 = CARTESIAN_POINT('',(102.5,15.));
#1440 = CARTESIAN_POINT('',(102.5,0.));
#1441 = ( GEOMETRIC_REPRESENTATION_CONTEXT(2) 
PARAMETRIC_REPRESENTATION_CONTEXT() REPRESENTATION_CONTEXT('2D SPACE',''
  ) );
#1442 = ORIENTED_EDGE('',*,*,#1443,.F.);
#1443 = EDGE_CURVE('',#1444,#1423,#1446,.T.);
#1444 = VERTEX_POINT('',#1445);
#1445 = CARTESIAN_POINT('',(-6.633974596216,13.490381056767,4.));
#1446 = SURFACE_CURVE('',#1447,(#1451,#1457),.PCURVE_S1.);
#1447 = LINE('',#1448,#1449);
#1448 = CARTESIAN_POINT('',(-7.066987298108,13.240381056767,4.));
#1449 = VECTOR('',#1450,1.);
#1450 = DIRECTION('',(-0.866025403784,-0.5,0.));
#1451 = PCURVE('',#175,#1452);
#1452 = DEFINITIONAL_REPRESENTATION('',(#1453),#1456);
#1453 = B_SPLINE_CURVE_WITH_KNOTS('',1,(#1454,#1455),.UNSPECIFIED.,.F.,
  .F.,(2,2),(-0.5,1.5),.PIECEWISE_BEZIER_KNOTS.);
#1454 = CARTESIAN_POINT('',(-6.633974596216,13.490381056767));
#1455 = CARTESIAN_POINT('',(-8.366025403784,12.490381056767));
#1456 = ( GEOMETRIC_REPRESENTATION_CONTEXT(2) 
PARAMETRIC_REPRESENTATION_CONTEXT() REPRESENTATION_CONTEXT('2D SPACE',''
  ) );
#1457 = PCURVE('',#1458,#1463);
#1458 = PLANE('',#1459);
#1459 = AXIS2_PLACEMENT_3D('',#1460,#1461,#1462);
#1460 = CARTESIAN_POINT('',(-6.633974596216,13.490381056767,-98.5));
#1461 = DIRECTION('',(-0.5,0.866025403784,0.));
#1462 = DIRECTION('',(0.,0.,1.));
#1463 = DEFINITIONAL_REPRESENTATION('',(#1464),#1467);
#1464 = B_SPLINE_CURVE_WITH_KNOTS('',1,(#1465,#1466),.UNSPECIFIED.,.F.,
  .F.,(2,2),(-0.5,1.5),.PIECEWISE_BEZIER_KNOTS.);
#1465 = CARTESIAN_POINT('',(102.5,0.));
#1466 = CARTESIAN_POINT('',(102.5,-2.));
#1467 = ( GEOMETRIC_REPRESENTATION_CONTEXT(2) 
PARAMETRIC_REPRESENTATION_CONTEXT() REPRESENTATION_CONTEXT('2D SPACE',''
  ) );
#1468 = ORIENTED_EDGE('',*,*,#1469,.T.);
#1469 = EDGE_CURVE('',#1444,#269,#1470,.T.);
#1470 = SURFACE_CURVE('',#1471,(#1475,#1481),.PCURVE_S1.);
#1471 = LINE('',#1472,#1473);
#1472 = CARTESIAN_POINT('',(0.866025403784,0.5,4.));
#1473 = VECTOR('',#1474,1.);
#1474 = DIRECTION('',(0.5,-0.866025403784,0.));
#1475 = PCURVE('',#175,#1476);
#1476 = DEFINITIONAL_REPRESENTATION('',(#1477),#1480);
#1477 = B_SPLINE_CURVE_WITH_KNOTS('',1,(#1478,#1479),.UNSPECIFIED.,.F.,
  .F.,(2,2),(-15.,-5.551115123126E-17),.PIECEWISE_BEZIER_KNOTS.);
#1478 = CARTESIAN_POINT('',(-6.633974596216,13.490381056767));
#1479 = CARTESIAN_POINT('',(0.866025403784,0.5));
#1480 = ( GEOMETRIC_REPRESENTATION_CONTEXT(2) 
PARAMETRIC_REPRESENTATION_CONTEXT() REPRESENTATION_CONTEXT('2D SPACE',''
  ) );
#1481 = PCURVE('',#307,#1482);
#1482 = DEFINITIONAL_REPRESENTATION('',(#1483),#1486);
#1483 = B_SPLINE_CURVE_WITH_KNOTS('',1,(#1484,#1485),.UNSPECIFIED.,.F.,
  .F.,(2,2),(-15.,-5.551115123126E-17),.PIECEWISE_BEZIER_KNOTS.);
#1484 = CARTESIAN_POINT('',(102.5,15.));
#1485 = CARTESIAN_POINT('',(102.5,0.));
#1486 = ( GEOMETRIC_REPRESENTATION_CONTEXT(2) 
PARAMETRIC_REPRESENTATION_CONTEXT() REPRESENTATION_CONTEXT('2D SPACE',''
  ) );
#1487 = ORIENTED_EDGE('',*,*,#268,.F.);
#1488 = ORIENTED_EDGE('',*,*,#1489,.F.);
#1489 = EDGE_CURVE('',#1490,#243,#1492,.T.);
#1490 = VERTEX_POINT('',#1491);
#1491 = CARTESIAN_POINT('',(6.633974596216,13.490381056767,4.));
#1492 = SURFACE_CURVE('',#1493,(#1497,#1503),.PCURVE_S1.);
#1493 = LINE('',#1494,#1495);
#1494 = CARTESIAN_POINT('',(-0.866025403784,0.5,4.));
#1495 = VECTOR('',#1496,1.);
#1496 = DIRECTION('',(-0.5,-0.866025403784,0.));
#1497 = PCURVE('',#175,#1498);
#1498 = DEFINITIONAL_REPRESENTATION('',(#1499),#1502);
#1499 = B_SPLINE_CURVE_WITH_KNOTS('',1,(#1500,#1501),.UNSPECIFIED.,.F.,
  .F.,(2,2),(-15.,0.),.PIECEWISE_BEZIER_KNOTS.);
#1500 = CARTESIAN_POINT('',(6.633974596216,13.490381056767));
#1501 = CARTESIAN_POINT('',(-0.866025403784,0.5));
#1502 = ( GEOMETRIC_REPRESENTATION_CONTEXT(2) 
PARAMETRIC_REPRESENTATION_CONTEXT() REPRESENTATION_CONTEXT('2D SPACE',''
  ) );
#1503 = PCURVE('',#257,#1504);
#1504 = DEFINITIONAL_REPRESENTATION('',(#1505),#1508);
#1505 = B_SPLINE_CURVE_WITH_KNOTS('',1,(#1506,#1507),.UNSPECIFIED.,.F.,
  .F.,(2,2),(-15.,0.),.PIECEWISE_BEZIER_KNOTS.);
#1506 = CARTESIAN_POINT('',(102.5,15.));
#1507 = CARTESIAN_POINT('',(102.5,0.));
#1508 = ( GEOMETRIC_REPRESENTATION_CONTEXT(2) 
PARAMETRIC_REPRESENTATION_CONTEXT() REPRESENTATION_CONTEXT('2D SPACE',''
  ) );
#1509 = ORIENTED_EDGE('',*,*,#1510,.F.);
#1510 = EDGE_CURVE('',#1511,#1490,#1513,.T.);
#1511 = VERTEX_POINT('',#1512);
#1512 = CARTESIAN_POINT('',(8.366025403784,12.490381056767,4.));
#1513 = SURFACE_CURVE('',#1514,(#1518,#1524),.PCURVE_S1.);
#1514 = LINE('',#1515,#1516);
#1515 = CARTESIAN_POINT('',(7.933012701892,12.740381056767,4.));
#1516 = VECTOR('',#1517,1.);
#1517 = DIRECTION('',(-0.866025403784,0.5,0.));
#1518 = PCURVE('',#175,#1519);
#1519 = DEFINITIONAL_REPRESENTATION('',(#1520),#1523);
#1520 = B_SPLINE_CURVE_WITH_KNOTS('',1,(#1521,#1522),.UNSPECIFIED.,.F.,
  .F.,(2,2),(-0.5,1.5),.PIECEWISE_BEZIER_KNOTS.);
#1521 = CARTESIAN_POINT('',(8.366025403784,12.490381056767));
#1522 = CARTESIAN_POINT('',(6.633974596216,13.490381056767));
#1523 = ( GEOMETRIC_REPRESENTATION_CONTEXT(2) 
PARAMETRIC_REPRESENTATION_CONTEXT() REPRESENTATION_CONTEXT('2D SPACE',''
  ) );
#1524 = PCURVE('',#1525,#1530);
#1525 = PLANE('',#1526);
#1526 = AXIS2_PLACEMENT_3D('',#1527,#1528,#1529);
#1527 = CARTESIAN_POINT('',(8.366025403784,12.490381056767,-98.5));
#1528 = DIRECTION('',(0.5,0.866025403784,0.));
#1529 = DIRECTION('',(0.,0.,1.));
#1530 = DEFINITIONAL_REPRESENTATION('',(#1531),#1534);
#1531 = B_SPLINE_CURVE_WITH_KNOTS('',1,(#1532,#1533),.UNSPECIFIED.,.F.,
  .F.,(2,2),(-0.5,1.5),.PIECEWISE_BEZIER_KNOTS.);
#1532 = CARTESIAN_POINT('',(102.5,0.));
#1533 = CARTESIAN_POINT('',(102.5,-2.));
#1534 = ( GEOMETRIC_REPRESENTATION_CONTEXT(2) 
PARAMETRIC_REPRESENTATION_CONTEXT() REPRESENTATION_CONTEXT('2D SPACE',''
  ) );
#1535 = ORIENTED_EDGE('',*,*,#1536,.T.);
#1536 = EDGE_CURVE('',#1511,#159,#1537,.T.);
#1537 = SURFACE_CURVE('',#1538,(#1542,#1548),.PCURVE_S1.);
#1538 = LINE('',#1539,#1540);
#1539 = CARTESIAN_POINT('',(0.866025403784,-0.5,4.));
#1540 = VECTOR('',#1541,1.);
#1541 = DIRECTION('',(-0.5,-0.866025403784,0.));
#1542 = PCURVE('',#175,#1543);
#1543 = DEFINITIONAL_REPRESENTATION('',(#1544),#1547);
#1544 = B_SPLINE_CURVE_WITH_KNOTS('',1,(#1545,#1546),.UNSPECIFIED.,.F.,
  .F.,(2,2),(-15.,0.),.PIECEWISE_BEZIER_KNOTS.);
#1545 = CARTESIAN_POINT('',(8.366025403784,12.490381056767));
#1546 = CARTESIAN_POINT('',(0.866025403784,-0.5));
#1547 = ( GEOMETRIC_REPRESENTATION_CONTEXT(2) 
PARAMETRIC_REPRESENTATION_CONTEXT() REPRESENTATION_CONTEXT('2D SPACE',''
  ) );
#1548 = PCURVE('',#202,#1549);
#1549 = DEFINITIONAL_REPRESENTATION('',(#1550),#1553);
#1550 = B_SPLINE_CURVE_WITH_KNOTS('',1,(#1551,#1552),.UNSPECIFIED.,.F.,
  .F.,(2,2),(-15.,0.),.PIECEWISE_BEZIER_KNOTS.);
#1551 = CARTESIAN_POINT('',(102.5,15.));
#1552 = CARTESIAN_POINT('',(102.5,0.));
#1553 = ( GEOMETRIC_REPRESENTATION_CONTEXT(2) 
PARAMETRIC_REPRESENTATION_CONTEXT() REPRESENTATION_CONTEXT('2D SPACE',''
  ) );
#1554 = FACE_BOUND('',#1555,.T.);
#1555 = EDGE_LOOP('',(#1556));
#1556 = ORIENTED_EDGE('',*,*,#1557,.F.);
#1557 = EDGE_CURVE('',#1558,#1558,#1560,.T.);
#1558 = VERTEX_POINT('',#1559);
#1559 = CARTESIAN_POINT('',(47.,-4.898587196589E-16,4.));
#1560 = SURFACE_CURVE('',#1561,(#1566,#1573),.PCURVE_S1.);
#1561 = CIRCLE('',#1562,2.);
#1562 = AXIS2_PLACEMENT_3D('',#1563,#1564,#1565);
#1563 = CARTESIAN_POINT('',(45.,0.,4.));
#1564 = DIRECTION('',(0.,0.,1.));
#1565 = DIRECTION('',(1.,0.,-0.));
#1566 = PCURVE('',#175,#1567);
#1567 = DEFINITIONAL_REPRESENTATION('',(#1568),#1572);
#1568 = CIRCLE('',#1569,2.);
#1569 = AXIS2_PLACEMENT_2D('',#1570,#1571);
#1570 = CARTESIAN_POINT('',(45.,0.));
#1571 = DIRECTION('',(1.,0.));
#1572 = ( GEOMETRIC_REPRESENTATION_CONTEXT(2) 
PARAMETRIC_REPRESENTATION_CONTEXT() REPRESENTATION_CONTEXT('2D SPACE',''
  ) );
#1573 = PCURVE('',#1574,#1579);
#1574 = CYLINDRICAL_SURFACE('',#1575,2.);
#1575 = AXIS2_PLACEMENT_3D('',#1576,#1577,#1578);
#1576 = CARTESIAN_POINT('',(45.,0.,0.));
#1577 = DIRECTION('',(0.,0.,1.));
#1578 = DIRECTION('',(1.,0.,0.));
#1579 = DEFINITIONAL_REPRESENTATION('',(#1580),#1584);
#1580 = LINE('',#1581,#1582);
#1581 = CARTESIAN_POINT('',(0.,4.));
#1582 = VECTOR('',#1583,1.);
#1583 = DIRECTION('',(1.,0.));
#1584 = ( GEOMETRIC_REPRESENTATION_CONTEXT(2) 
PARAMETRIC_REPRESENTATION_CONTEXT() REPRESENTATION_CONTEXT('2D SPACE',''
  ) );
#1585 = FACE_BOUND('',#1586,.T.);
#1586 = EDGE_LOOP('',(#1587));
#1587 = ORIENTED_EDGE('',*,*,#1588,.F.);
#1588 = EDGE_CURVE('',#1589,#1589,#1591,.T.);
#1589 = VERTEX_POINT('',#1590);
#1590 = CARTESIAN_POINT('',(5.707906935397E-15,47.,4.));
#1591 = SURFACE_CURVE('',#1592,(#1597,#1604),.PCURVE_S1.);
#1592 = CIRCLE('',#1593,2.);
#1593 = AXIS2_PLACEMENT_3D('',#1594,#1595,#1596);
#1594 = CARTESIAN_POINT('',(4.996003610813E-15,45.,4.));
#1595 = DIRECTION('',(0.,0.,1.));
#1596 = DIRECTION('',(1.110223024625E-16,1.,-0.));
#1597 = PCURVE('',#175,#1598);
#1598 = DEFINITIONAL_REPRESENTATION('',(#1599),#1603);
#1599 = CIRCLE('',#1600,2.);
#1600 = AXIS2_PLACEMENT_2D('',#1601,#1602);
#1601 = CARTESIAN_POINT('',(4.996003610813E-15,45.));
#1602 = DIRECTION('',(1.110223024625E-16,1.));
#1603 = ( GEOMETRIC_REPRESENTATION_CONTEXT(2) 
PARAMETRIC_REPRESENTATION_CONTEXT() REPRESENTATION_CONTEXT('2D SPACE',''
  ) );
#1604 = PCURVE('',#1605,#1610);
#1605 = CYLINDRICAL_SURFACE('',#1606,2.);
#1606 = AXIS2_PLACEMENT_3D('',#1607,#1608,#1609);
#1607 = CARTESIAN_POINT('',(4.996003610813E-15,45.,0.));
#1608 = DIRECTION('',(0.,0.,1.));
#1609 = DIRECTION('',(1.110223024625E-16,1.,0.));
#1610 = DEFINITIONAL_REPRESENTATION('',(#1611),#1615);
#1611 = LINE('',#1612,#1613);
#1612 = CARTESIAN_POINT('',(0.,4.));
#1613 = VECTOR('',#1614,1.);
#1614 = DIRECTION('',(1.,0.));
#1615 = ( GEOMETRIC_REPRESENTATION_CONTEXT(2) 
PARAMETRIC_REPRESENTATION_CONTEXT() REPRESENTATION_CONTEXT('2D SPACE',''
  ) );
#1616 = FACE_BOUND('',#1617,.T.);
#1617 = EDGE_LOOP('',(#1618));
#1618 = ORIENTED_EDGE('',*,*,#1619,.F.);
#1619 = EDGE_CURVE('',#1620,#1620,#1622,.T.);
#1620 = VERTEX_POINT('',#1621);
#1621 = CARTESIAN_POINT('',(33.234018715768,33.234018715768,4.));
#1622 = SURFACE_CURVE('',#1623,(#1628,#1635),.PCURVE_S1.);
#1623 = CIRCLE('',#1624,2.);
#1624 = AXIS2_PLACEMENT_3D('',#1625,#1626,#1627);
#1625 = CARTESIAN_POINT('',(31.819805153395,31.819805153395,4.));
#1626 = DIRECTION('',(0.,0.,1.));
#1627 = DIRECTION('',(0.707106781187,0.707106781187,-0.));
#1628 = PCURVE('',#175,#1629);
#1629 = DEFINITIONAL_REPRESENTATION('',(#1630),#1634);
#1630 = CIRCLE('',#1631,2.);
#1631 = AXIS2_PLACEMENT_2D('',#1632,#1633);
#1632 = CARTESIAN_POINT('',(31.819805153395,31.819805153395));
#1633 = DIRECTION('',(0.707106781187,0.707106781187));
#1634 = ( GEOMETRIC_REPRESENTATION_CONTEXT(2) 
PARAMETRIC_REPRESENTATION_CONTEXT() REPRESENTATION_CONTEXT('2D SPACE',''
  ) );
#1635 = PCURVE('',#1636,#1641);
#1636 = CYLINDRICAL_SURFACE('',#1637,2.);
#1637 = AXIS2_PLACEMENT_3D('',#1638,#1639,#1640);
#1638 = CARTESIAN_POINT('',(31.819805153395,31.819805153395,0.));
#1639 = DIRECTION('',(0.,0.,1.));
#1640 = DIRECTION('',(0.707106781187,0.707106781187,0.));
#1641 = DEFINITIONAL_REPRESENTATION('',(#1642),#1646);
#1642 = LINE('',#1643,#1644);
#1643 = CARTESIAN_POINT('',(0.,4.));
#1644 = VECTOR('',#1645,1.);
#1645 = DIRECTION('',(1.,0.));
#1646 = ( GEOMETRIC_REPRESENTATION_CONTEXT(2) 
PARAMETRIC_REPRESENTATION_CONTEXT() REPRESENTATION_CONTEXT('2D SPACE',''
  ) );
#1647 = ADVANCED_FACE('',(#1648),#677,.F.);
#1648 = FACE_BOUND('',#1649,.F.);
#1649 = EDGE_LOOP('',(#1650,#1673,#1694,#1715,#1736,#1757,#1778,#1779));
#1650 = ORIENTED_EDGE('',*,*,#1651,.F.);
#1651 = EDGE_CURVE('',#1652,#1222,#1654,.T.);
#1652 = VERTEX_POINT('',#1653);
#1653 = CARTESIAN_POINT('',(8.366025403784,-12.49038105676,0.));
#1654 = SURFACE_CURVE('',#1655,(#1659,#1666),.PCURVE_S1.);
#1655 = LINE('',#1656,#1657);
#1656 = CARTESIAN_POINT('',(8.366025403784,-12.49038105676,-98.5));
#1657 = VECTOR('',#1658,1.);
#1658 = DIRECTION('',(0.,0.,1.));
#1659 = PCURVE('',#677,#1660);
#1660 = DEFINITIONAL_REPRESENTATION('',(#1661),#1665);
#1661 = LINE('',#1662,#1663);
#1662 = CARTESIAN_POINT('',(0.,15.));
#1663 = VECTOR('',#1664,1.);
#1664 = DIRECTION('',(1.,0.));
#1665 = ( GEOMETRIC_REPRESENTATION_CONTEXT(2) 
PARAMETRIC_REPRESENTATION_CONTEXT() REPRESENTATION_CONTEXT('2D SPACE',''
  ) );
#1666 = PCURVE('',#1257,#1667);
#1667 = DEFINITIONAL_REPRESENTATION('',(#1668),#1672);
#1668 = LINE('',#1669,#1670);
#1669 = CARTESIAN_POINT('',(0.,-2.));
#1670 = VECTOR('',#1671,1.);
#1671 = DIRECTION('',(1.,0.));
#1672 = ( GEOMETRIC_REPRESENTATION_CONTEXT(2) 
PARAMETRIC_REPRESENTATION_CONTEXT() REPRESENTATION_CONTEXT('2D SPACE',''
  ) );
#1673 = ORIENTED_EDGE('',*,*,#1674,.T.);
#1674 = EDGE_CURVE('',#1652,#1675,#1677,.T.);
#1675 = VERTEX_POINT('',#1676);
#1676 = CARTESIAN_POINT('',(6.845155775335,-9.856157588604,0.));
#1677 = SURFACE_CURVE('',#1678,(#1682,#1688),.PCURVE_S1.);
#1678 = LINE('',#1679,#1680);
#1679 = CARTESIAN_POINT('',(0.866025403784,0.5,0.));
#1680 = VECTOR('',#1681,1.);
#1681 = DIRECTION('',(-0.5,0.866025403784,0.));
#1682 = PCURVE('',#677,#1683);
#1683 = DEFINITIONAL_REPRESENTATION('',(#1684),#1687);
#1684 = B_SPLINE_CURVE_WITH_KNOTS('',1,(#1685,#1686),.UNSPECIFIED.,.F.,
  .F.,(2,2),(-15.,0.),.PIECEWISE_BEZIER_KNOTS.);
#1685 = CARTESIAN_POINT('',(98.5,15.));
#1686 = CARTESIAN_POINT('',(98.5,0.));
#1687 = ( GEOMETRIC_REPRESENTATION_CONTEXT(2) 
PARAMETRIC_REPRESENTATION_CONTEXT() REPRESENTATION_CONTEXT('2D SPACE',''
  ) );
#1688 = PCURVE('',#886,#1689);
#1689 = DEFINITIONAL_REPRESENTATION('',(#1690),#1693);
#1690 = B_SPLINE_CURVE_WITH_KNOTS('',1,(#1691,#1692),.UNSPECIFIED.,.F.,
  .F.,(2,2),(-15.,0.),.PIECEWISE_BEZIER_KNOTS.);
#1691 = CARTESIAN_POINT('',(8.366025403784,-12.49038105676));
#1692 = CARTESIAN_POINT('',(0.866025403784,0.5));
#1693 = ( GEOMETRIC_REPRESENTATION_CONTEXT(2) 
PARAMETRIC_REPRESENTATION_CONTEXT() REPRESENTATION_CONTEXT('2D SPACE',''
  ) );
#1694 = ORIENTED_EDGE('',*,*,#1695,.F.);
#1695 = EDGE_CURVE('',#1696,#1675,#1698,.T.);
#1696 = VERTEX_POINT('',#1697);
#1697 = CARTESIAN_POINT('',(6.845155775335,-9.856157588604,-45.));
#1698 = SURFACE_CURVE('',#1699,(#1703,#1709),.PCURVE_S1.);
#1699 = LINE('',#1700,#1701);
#1700 = CARTESIAN_POINT('',(6.845155775335,-9.856157588604,-45.));
#1701 = VECTOR('',#1702,1.);
#1702 = DIRECTION('',(0.,0.,1.));
#1703 = PCURVE('',#677,#1704);
#1704 = DEFINITIONAL_REPRESENTATION('',(#1705),#1708);
#1705 = B_SPLINE_CURVE_WITH_KNOTS('',1,(#1706,#1707),.UNSPECIFIED.,.F.,
  .F.,(2,2),(-5.999999999062E-07,45.0000006),.PIECEWISE_BEZIER_KNOTS.);
#1706 = CARTESIAN_POINT('',(53.4999994,11.958260743101));
#1707 = CARTESIAN_POINT('',(98.5000006,11.958260743101));
#1708 = ( GEOMETRIC_REPRESENTATION_CONTEXT(2) 
PARAMETRIC_REPRESENTATION_CONTEXT() REPRESENTATION_CONTEXT('2D SPACE',''
  ) );
#1709 = PCURVE('',#912,#1710);
#1710 = DEFINITIONAL_REPRESENTATION('',(#1711),#1714);
#1711 = B_SPLINE_CURVE_WITH_KNOTS('',1,(#1712,#1713),.UNSPECIFIED.,.F.,
  .F.,(2,2),(-5.999999999062E-07,45.0000006),.PIECEWISE_BEZIER_KNOTS.);
#1712 = CARTESIAN_POINT('',(5.319417842594,-5.999999999062E-07));
#1713 = CARTESIAN_POINT('',(5.319417842594,45.0000006));
#1714 = ( GEOMETRIC_REPRESENTATION_CONTEXT(2) 
PARAMETRIC_REPRESENTATION_CONTEXT() REPRESENTATION_CONTEXT('2D SPACE',''
  ) );
#1715 = ORIENTED_EDGE('',*,*,#1716,.T.);
#1716 = EDGE_CURVE('',#1696,#1717,#1719,.T.);
#1717 = VERTEX_POINT('',#1718);
#1718 = CARTESIAN_POINT('',(5.338161358784,-7.245966692415,-45.));
#1719 = SURFACE_CURVE('',#1720,(#1724,#1730),.PCURVE_S1.);
#1720 = LINE('',#1721,#1722);
#1721 = CARTESIAN_POINT('',(0.866025403784,0.5,-45.));
#1722 = VECTOR('',#1723,1.);
#1723 = DIRECTION('',(-0.5,0.866025403784,0.));
#1724 = PCURVE('',#677,#1725);
#1725 = DEFINITIONAL_REPRESENTATION('',(#1726),#1729);
#1726 = B_SPLINE_CURVE_WITH_KNOTS('',1,(#1727,#1728),.UNSPECIFIED.,.F.,
  .F.,(2,2),(-14.43375672974,0.),.PIECEWISE_BEZIER_KNOTS.);
#1727 = CARTESIAN_POINT('',(53.5,14.433756729741));
#1728 = CARTESIAN_POINT('',(53.5,0.));
#1729 = ( GEOMETRIC_REPRESENTATION_CONTEXT(2) 
PARAMETRIC_REPRESENTATION_CONTEXT() REPRESENTATION_CONTEXT('2D SPACE',''
  ) );
#1730 = PCURVE('',#938,#1731);
#1731 = DEFINITIONAL_REPRESENTATION('',(#1732),#1735);
#1732 = B_SPLINE_CURVE_WITH_KNOTS('',1,(#1733,#1734),.UNSPECIFIED.,.F.,
  .F.,(2,2),(-14.43375672974,0.),.PIECEWISE_BEZIER_KNOTS.);
#1733 = CARTESIAN_POINT('',(8.082903768655,-12.));
#1734 = CARTESIAN_POINT('',(0.866025403784,0.5));
#1735 = ( GEOMETRIC_REPRESENTATION_CONTEXT(2) 
PARAMETRIC_REPRESENTATION_CONTEXT() REPRESENTATION_CONTEXT('2D SPACE',''
  ) );
#1736 = ORIENTED_EDGE('',*,*,#1737,.T.);
#1737 = EDGE_CURVE('',#1717,#1738,#1740,.T.);
#1738 = VERTEX_POINT('',#1739);
#1739 = CARTESIAN_POINT('',(5.338161358784,-7.245966692415,8.5));
#1740 = SURFACE_CURVE('',#1741,(#1745,#1751),.PCURVE_S1.);
#1741 = LINE('',#1742,#1743);
#1742 = CARTESIAN_POINT('',(5.338161358784,-7.245966692415,-45.));
#1743 = VECTOR('',#1744,1.);
#1744 = DIRECTION('',(0.,0.,1.));
#1745 = PCURVE('',#677,#1746);
#1746 = DEFINITIONAL_REPRESENTATION('',(#1747),#1750);
#1747 = B_SPLINE_CURVE_WITH_KNOTS('',1,(#1748,#1749),.UNSPECIFIED.,.F.,
  .F.,(2,2),(-5.999999999062E-07,64.2),.PIECEWISE_BEZIER_KNOTS.);
#1748 = CARTESIAN_POINT('',(53.4999994,8.944271909999));
#1749 = CARTESIAN_POINT('',(117.7,8.944271909999));
#1750 = ( GEOMETRIC_REPRESENTATION_CONTEXT(2) 
PARAMETRIC_REPRESENTATION_CONTEXT() REPRESENTATION_CONTEXT('2D SPACE',''
  ) );
#1751 = PCURVE('',#758,#1752);
#1752 = DEFINITIONAL_REPRESENTATION('',(#1753),#1756);
#1753 = B_SPLINE_CURVE_WITH_KNOTS('',1,(#1754,#1755),.UNSPECIFIED.,.F.,
  .F.,(2,2),(-5.999999999062E-07,64.2),.PIECEWISE_BEZIER_KNOTS.);
#1754 = CARTESIAN_POINT('',(5.347328770324,-5.999999999062E-07));
#1755 = CARTESIAN_POINT('',(5.347328770324,64.2));
#1756 = ( GEOMETRIC_REPRESENTATION_CONTEXT(2) 
PARAMETRIC_REPRESENTATION_CONTEXT() REPRESENTATION_CONTEXT('2D SPACE',''
  ) );
#1757 = ORIENTED_EDGE('',*,*,#1758,.T.);
#1758 = EDGE_CURVE('',#1738,#634,#1759,.T.);
#1759 = SURFACE_CURVE('',#1760,(#1764,#1771),.PCURVE_S1.);
#1760 = LINE('',#1761,#1762);
#1761 = CARTESIAN_POINT('',(0.866025403784,0.5,8.5));
#1762 = VECTOR('',#1763,1.);
#1763 = DIRECTION('',(0.5,-0.866025403784,0.));
#1764 = PCURVE('',#677,#1765);
#1765 = DEFINITIONAL_REPRESENTATION('',(#1766),#1770);
#1766 = LINE('',#1767,#1768);
#1767 = CARTESIAN_POINT('',(107.,0.));
#1768 = VECTOR('',#1769,1.);
#1769 = DIRECTION('',(0.,1.));
#1770 = ( GEOMETRIC_REPRESENTATION_CONTEXT(2) 
PARAMETRIC_REPRESENTATION_CONTEXT() REPRESENTATION_CONTEXT('2D SPACE',''
  ) );
#1771 = PCURVE('',#650,#1772);
#1772 = DEFINITIONAL_REPRESENTATION('',(#1773),#1777);
#1773 = LINE('',#1774,#1775);
#1774 = CARTESIAN_POINT('',(0.,2.));
#1775 = VECTOR('',#1776,1.);
#1776 = DIRECTION('',(1.,0.));
#1777 = ( GEOMETRIC_REPRESENTATION_CONTEXT(2) 
PARAMETRIC_REPRESENTATION_CONTEXT() REPRESENTATION_CONTEXT('2D SPACE',''
  ) );
#1778 = ORIENTED_EDGE('',*,*,#662,.F.);
#1779 = ORIENTED_EDGE('',*,*,#1221,.F.);
#1780 = ADVANCED_FACE('',(#1781),#650,.F.);
#1781 = FACE_BOUND('',#1782,.F.);
#1782 = EDGE_LOOP('',(#1783,#1807,#1828,#1829));
#1783 = ORIENTED_EDGE('',*,*,#1784,.F.);
#1784 = EDGE_CURVE('',#1785,#1738,#1787,.T.);
#1785 = VERTEX_POINT('',#1786);
#1786 = CARTESIAN_POINT('',(3.606110551215,-8.245966692415,8.5));
#1787 = SURFACE_CURVE('',#1788,(#1793,#1800),.PCURVE_S1.);
#1788 = CIRCLE('',#1789,9.);
#1789 = AXIS2_PLACEMENT_3D('',#1790,#1791,#1792);
#1790 = CARTESIAN_POINT('',(0.,0.,8.5));
#1791 = DIRECTION('',(0.,0.,1.));
#1792 = DIRECTION('',(1.,0.,-0.));
#1793 = PCURVE('',#650,#1794);
#1794 = DEFINITIONAL_REPRESENTATION('',(#1795),#1799);
#1795 = CIRCLE('',#1796,9.);
#1796 = AXIS2_PLACEMENT_2D('',#1797,#1798);
#1797 = CARTESIAN_POINT('',(0.,1.));
#1798 = DIRECTION('',(0.5,0.866025403784));
#1799 = ( GEOMETRIC_REPRESENTATION_CONTEXT(2) 
PARAMETRIC_REPRESENTATION_CONTEXT() REPRESENTATION_CONTEXT('2D SPACE',''
  ) );
#1800 = PCURVE('',#758,#1801);
#1801 = DEFINITIONAL_REPRESENTATION('',(#1802),#1806);
#1802 = LINE('',#1803,#1804);
#1803 = CARTESIAN_POINT('',(0.,53.5));
#1804 = VECTOR('',#1805,1.);
#1805 = DIRECTION('',(1.,0.));
#1806 = ( GEOMETRIC_REPRESENTATION_CONTEXT(2) 
PARAMETRIC_REPRESENTATION_CONTEXT() REPRESENTATION_CONTEXT('2D SPACE',''
  ) );
#1807 = ORIENTED_EDGE('',*,*,#1808,.T.);
#1808 = EDGE_CURVE('',#1785,#608,#1809,.T.);
#1809 = SURFACE_CURVE('',#1810,(#1814,#1821),.PCURVE_S1.);
#1810 = LINE('',#1811,#1812);
#1811 = CARTESIAN_POINT('',(-0.866025403784,-0.5,8.5));
#1812 = VECTOR('',#1813,1.);
#1813 = DIRECTION('',(0.5,-0.866025403784,0.));
#1814 = PCURVE('',#650,#1815);
#1815 = DEFINITIONAL_REPRESENTATION('',(#1816),#1820);
#1816 = LINE('',#1817,#1818);
#1817 = CARTESIAN_POINT('',(0.,0.));
#1818 = VECTOR('',#1819,1.);
#1819 = DIRECTION('',(1.,0.));
#1820 = ( GEOMETRIC_REPRESENTATION_CONTEXT(2) 
PARAMETRIC_REPRESENTATION_CONTEXT() REPRESENTATION_CONTEXT('2D SPACE',''
  ) );
#1821 = PCURVE('',#622,#1822);
#1822 = DEFINITIONAL_REPRESENTATION('',(#1823),#1827);
#1823 = LINE('',#1824,#1825);
#1824 = CARTESIAN_POINT('',(107.,0.));
#1825 = VECTOR('',#1826,1.);
#1826 = DIRECTION('',(0.,1.));
#1827 = ( GEOMETRIC_REPRESENTATION_CONTEXT(2) 
PARAMETRIC_REPRESENTATION_CONTEXT() REPRESENTATION_CONTEXT('2D SPACE',''
  ) );
#1828 = ORIENTED_EDGE('',*,*,#633,.T.);
#1829 = ORIENTED_EDGE('',*,*,#1758,.F.);
#1830 = ADVANCED_FACE('',(#1831),#622,.T.);
#1831 = FACE_BOUND('',#1832,.T.);
#1832 = EDGE_LOOP('',(#1833,#1856,#1877,#1903,#1929,#1948,#1949,#1950));
#1833 = ORIENTED_EDGE('',*,*,#1834,.F.);
#1834 = EDGE_CURVE('',#1835,#1243,#1837,.T.);
#1835 = VERTEX_POINT('',#1836);
#1836 = CARTESIAN_POINT('',(6.633974596216,-13.49038105676,0.));
#1837 = SURFACE_CURVE('',#1838,(#1842,#1849),.PCURVE_S1.);
#1838 = LINE('',#1839,#1840);
#1839 = CARTESIAN_POINT('',(6.633974596216,-13.49038105676,-98.5));
#1840 = VECTOR('',#1841,1.);
#1841 = DIRECTION('',(0.,0.,1.));
#1842 = PCURVE('',#622,#1843);
#1843 = DEFINITIONAL_REPRESENTATION('',(#1844),#1848);
#1844 = LINE('',#1845,#1846);
#1845 = CARTESIAN_POINT('',(0.,15.));
#1846 = VECTOR('',#1847,1.);
#1847 = DIRECTION('',(1.,0.));
#1848 = ( GEOMETRIC_REPRESENTATION_CONTEXT(2) 
PARAMETRIC_REPRESENTATION_CONTEXT() REPRESENTATION_CONTEXT('2D SPACE',''
  ) );
#1849 = PCURVE('',#1257,#1850);
#1850 = DEFINITIONAL_REPRESENTATION('',(#1851),#1855);
#1851 = LINE('',#1852,#1853);
#1852 = CARTESIAN_POINT('',(0.,0.));
#1853 = VECTOR('',#1854,1.);
#1854 = DIRECTION('',(1.,0.));
#1855 = ( GEOMETRIC_REPRESENTATION_CONTEXT(2) 
PARAMETRIC_REPRESENTATION_CONTEXT() REPRESENTATION_CONTEXT('2D SPACE',''
  ) );
#1856 = ORIENTED_EDGE('',*,*,#1857,.T.);
#1857 = EDGE_CURVE('',#1835,#1858,#1860,.T.);
#1858 = VERTEX_POINT('',#1859);
#1859 = CARTESIAN_POINT('',(5.113104967766,-10.8561575886,0.));
#1860 = SURFACE_CURVE('',#1861,(#1865,#1871),.PCURVE_S1.);
#1861 = LINE('',#1862,#1863);
#1862 = CARTESIAN_POINT('',(-0.866025403784,-0.5,0.));
#1863 = VECTOR('',#1864,1.);
#1864 = DIRECTION('',(-0.5,0.866025403784,0.));
#1865 = PCURVE('',#622,#1866);
#1866 = DEFINITIONAL_REPRESENTATION('',(#1867),#1870);
#1867 = B_SPLINE_CURVE_WITH_KNOTS('',1,(#1868,#1869),.UNSPECIFIED.,.F.,
  .F.,(2,2),(-15.,0.),.PIECEWISE_BEZIER_KNOTS.);
#1868 = CARTESIAN_POINT('',(98.5,15.));
#1869 = CARTESIAN_POINT('',(98.5,0.));
#1870 = ( GEOMETRIC_REPRESENTATION_CONTEXT(2) 
PARAMETRIC_REPRESENTATION_CONTEXT() REPRESENTATION_CONTEXT('2D SPACE',''
  ) );
#1871 = PCURVE('',#886,#1872);
#1872 = DEFINITIONAL_REPRESENTATION('',(#1873),#1876);
#1873 = B_SPLINE_CURVE_WITH_KNOTS('',1,(#1874,#1875),.UNSPECIFIED.,.F.,
  .F.,(2,2),(-15.,0.),.PIECEWISE_BEZIER_KNOTS.);
#1874 = CARTESIAN_POINT('',(6.633974596216,-13.49038105676));
#1875 = CARTESIAN_POINT('',(-0.866025403784,-0.5));
#1876 = ( GEOMETRIC_REPRESENTATION_CONTEXT(2) 
PARAMETRIC_REPRESENTATION_CONTEXT() REPRESENTATION_CONTEXT('2D SPACE',''
  ) );
#1877 = ORIENTED_EDGE('',*,*,#1878,.F.);
#1878 = EDGE_CURVE('',#1879,#1858,#1881,.T.);
#1879 = VERTEX_POINT('',#1880);
#1880 = CARTESIAN_POINT('',(5.113104967766,-10.8561575886,-45.));
#1881 = SURFACE_CURVE('',#1882,(#1886,#1892),.PCURVE_S1.);
#1882 = LINE('',#1883,#1884);
#1883 = CARTESIAN_POINT('',(5.113104967766,-10.8561575886,-45.));
#1884 = VECTOR('',#1885,1.);
#1885 = DIRECTION('',(0.,0.,1.));
#1886 = PCURVE('',#622,#1887);
#1887 = DEFINITIONAL_REPRESENTATION('',(#1888),#1891);
#1888 = B_SPLINE_CURVE_WITH_KNOTS('',1,(#1889,#1890),.UNSPECIFIED.,.F.,
  .F.,(2,2),(-5.999999999062E-07,45.0000006),.PIECEWISE_BEZIER_KNOTS.);
#1889 = CARTESIAN_POINT('',(53.4999994,11.958260743101));
#1890 = CARTESIAN_POINT('',(98.5000006,11.958260743101));
#1891 = ( GEOMETRIC_REPRESENTATION_CONTEXT(2) 
PARAMETRIC_REPRESENTATION_CONTEXT() REPRESENTATION_CONTEXT('2D SPACE',''
  ) );
#1892 = PCURVE('',#1893,#1898);
#1893 = CYLINDRICAL_SURFACE('',#1894,12.);
#1894 = AXIS2_PLACEMENT_3D('',#1895,#1896,#1897);
#1895 = CARTESIAN_POINT('',(0.,0.,-45.));
#1896 = DIRECTION('',(0.,0.,1.));
#1897 = DIRECTION('',(1.,0.,0.));
#1898 = DEFINITIONAL_REPRESENTATION('',(#1899),#1902);
#1899 = B_SPLINE_CURVE_WITH_KNOTS('',1,(#1900,#1901),.UNSPECIFIED.,.F.,
  .F.,(2,2),(-5.999999999062E-07,45.0000006),.PIECEWISE_BEZIER_KNOTS.);
#1900 = CARTESIAN_POINT('',(5.152557669372,-5.999999999062E-07));
#1901 = CARTESIAN_POINT('',(5.152557669372,45.0000006));
#1902 = ( GEOMETRIC_REPRESENTATION_CONTEXT(2) 
PARAMETRIC_REPRESENTATION_CONTEXT() REPRESENTATION_CONTEXT('2D SPACE',''
  ) );
#1903 = ORIENTED_EDGE('',*,*,#1904,.T.);
#1904 = EDGE_CURVE('',#1879,#1905,#1907,.T.);
#1905 = VERTEX_POINT('',#1906);
#1906 = CARTESIAN_POINT('',(3.606110551215,-8.245966692415,-45.));
#1907 = SURFACE_CURVE('',#1908,(#1912,#1918),.PCURVE_S1.);
#1908 = LINE('',#1909,#1910);
#1909 = CARTESIAN_POINT('',(-0.866025403784,-0.5,-45.));
#1910 = VECTOR('',#1911,1.);
#1911 = DIRECTION('',(-0.5,0.866025403784,0.));
#1912 = PCURVE('',#622,#1913);
#1913 = DEFINITIONAL_REPRESENTATION('',(#1914),#1917);
#1914 = B_SPLINE_CURVE_WITH_KNOTS('',1,(#1915,#1916),.UNSPECIFIED.,.F.,
  .F.,(2,2),(-13.27905619136,0.),.PIECEWISE_BEZIER_KNOTS.);
#1915 = CARTESIAN_POINT('',(53.5,13.279056191361));
#1916 = CARTESIAN_POINT('',(53.5,0.));
#1917 = ( GEOMETRIC_REPRESENTATION_CONTEXT(2) 
PARAMETRIC_REPRESENTATION_CONTEXT() REPRESENTATION_CONTEXT('2D SPACE',''
  ) );
#1918 = PCURVE('',#1919,#1924);
#1919 = PLANE('',#1920);
#1920 = AXIS2_PLACEMENT_3D('',#1921,#1922,#1923);
#1921 = CARTESIAN_POINT('',(0.,0.,-45.));
#1922 = DIRECTION('',(0.,0.,1.));
#1923 = DIRECTION('',(1.,0.,0.));
#1924 = DEFINITIONAL_REPRESENTATION('',(#1925),#1928);
#1925 = B_SPLINE_CURVE_WITH_KNOTS('',1,(#1926,#1927),.UNSPECIFIED.,.F.,
  .F.,(2,2),(-13.27905619136,0.),.PIECEWISE_BEZIER_KNOTS.);
#1926 = CARTESIAN_POINT('',(5.773502691896,-12.));
#1927 = CARTESIAN_POINT('',(-0.866025403784,-0.5));
#1928 = ( GEOMETRIC_REPRESENTATION_CONTEXT(2) 
PARAMETRIC_REPRESENTATION_CONTEXT() REPRESENTATION_CONTEXT('2D SPACE',''
  ) );
#1929 = ORIENTED_EDGE('',*,*,#1930,.T.);
#1930 = EDGE_CURVE('',#1905,#1785,#1931,.T.);
#1931 = SURFACE_CURVE('',#1932,(#1936,#1942),.PCURVE_S1.);
#1932 = LINE('',#1933,#1934);
#1933 = CARTESIAN_POINT('',(3.606110551215,-8.245966692415,-45.));
#1934 = VECTOR('',#1935,1.);
#1935 = DIRECTION('',(0.,0.,1.));
#1936 = PCURVE('',#622,#1937);
#1937 = DEFINITIONAL_REPRESENTATION('',(#1938),#1941);
#1938 = B_SPLINE_CURVE_WITH_KNOTS('',1,(#1939,#1940),.UNSPECIFIED.,.F.,
  .F.,(2,2),(-5.999999999062E-07,64.2),.PIECEWISE_BEZIER_KNOTS.);
#1939 = CARTESIAN_POINT('',(53.4999994,8.944271909999));
#1940 = CARTESIAN_POINT('',(117.7,8.944271909999));
#1941 = ( GEOMETRIC_REPRESENTATION_CONTEXT(2) 
PARAMETRIC_REPRESENTATION_CONTEXT() REPRESENTATION_CONTEXT('2D SPACE',''
  ) );
#1942 = PCURVE('',#758,#1943);
#1943 = DEFINITIONAL_REPRESENTATION('',(#1944),#1947);
#1944 = B_SPLINE_CURVE_WITH_KNOTS('',1,(#1945,#1946),.UNSPECIFIED.,.F.,
  .F.,(2,2),(-5.999999999062E-07,64.2),.PIECEWISE_BEZIER_KNOTS.);
#1945 = CARTESIAN_POINT('',(5.124646741642,-5.999999999062E-07));
#1946 = CARTESIAN_POINT('',(5.124646741642,64.2));
#1947 = ( GEOMETRIC_REPRESENTATION_CONTEXT(2) 
PARAMETRIC_REPRESENTATION_CONTEXT() REPRESENTATION_CONTEXT('2D SPACE',''
  ) );
#1948 = ORIENTED_EDGE('',*,*,#1808,.T.);
#1949 = ORIENTED_EDGE('',*,*,#607,.F.);
#1950 = ORIENTED_EDGE('',*,*,#1268,.F.);
#1951 = ADVANCED_FACE('',(#1952),#572,.F.);
#1952 = FACE_BOUND('',#1953,.F.);
#1953 = EDGE_LOOP('',(#1954,#1977,#1998,#2019,#2040,#2061,#2082,#2083));
#1954 = ORIENTED_EDGE('',*,*,#1955,.F.);
#1955 = EDGE_CURVE('',#1956,#1289,#1958,.T.);
#1956 = VERTEX_POINT('',#1957);
#1957 = CARTESIAN_POINT('',(-6.633974596216,-13.49038105676,0.));
#1958 = SURFACE_CURVE('',#1959,(#1963,#1970),.PCURVE_S1.);
#1959 = LINE('',#1960,#1961);
#1960 = CARTESIAN_POINT('',(-6.633974596216,-13.49038105676,-98.5));
#1961 = VECTOR('',#1962,1.);
#1962 = DIRECTION('',(0.,0.,1.));
#1963 = PCURVE('',#572,#1964);
#1964 = DEFINITIONAL_REPRESENTATION('',(#1965),#1969);
#1965 = LINE('',#1966,#1967);
#1966 = CARTESIAN_POINT('',(0.,15.));
#1967 = VECTOR('',#1968,1.);
#1968 = DIRECTION('',(1.,0.));
#1969 = ( GEOMETRIC_REPRESENTATION_CONTEXT(2) 
PARAMETRIC_REPRESENTATION_CONTEXT() REPRESENTATION_CONTEXT('2D SPACE',''
  ) );
#1970 = PCURVE('',#1324,#1971);
#1971 = DEFINITIONAL_REPRESENTATION('',(#1972),#1976);
#1972 = LINE('',#1973,#1974);
#1973 = CARTESIAN_POINT('',(0.,-2.));
#1974 = VECTOR('',#1975,1.);
#1975 = DIRECTION('',(1.,0.));
#1976 = ( GEOMETRIC_REPRESENTATION_CONTEXT(2) 
PARAMETRIC_REPRESENTATION_CONTEXT() REPRESENTATION_CONTEXT('2D SPACE',''
  ) );
#1977 = ORIENTED_EDGE('',*,*,#1978,.T.);
#1978 = EDGE_CURVE('',#1956,#1979,#1981,.T.);
#1979 = VERTEX_POINT('',#1980);
#1980 = CARTESIAN_POINT('',(-5.113104967766,-10.8561575886,0.));
#1981 = SURFACE_CURVE('',#1982,(#1986,#1992),.PCURVE_S1.);
#1982 = LINE('',#1983,#1984);
#1983 = CARTESIAN_POINT('',(0.866025403784,-0.5,0.));
#1984 = VECTOR('',#1985,1.);
#1985 = DIRECTION('',(0.5,0.866025403784,-0.));
#1986 = PCURVE('',#572,#1987);
#1987 = DEFINITIONAL_REPRESENTATION('',(#1988),#1991);
#1988 = B_SPLINE_CURVE_WITH_KNOTS('',1,(#1989,#1990),.UNSPECIFIED.,.F.,
  .F.,(2,2),(-15.,0.),.PIECEWISE_BEZIER_KNOTS.);
#1989 = CARTESIAN_POINT('',(98.5,15.));
#1990 = CARTESIAN_POINT('',(98.5,0.));
#1991 = ( GEOMETRIC_REPRESENTATION_CONTEXT(2) 
PARAMETRIC_REPRESENTATION_CONTEXT() REPRESENTATION_CONTEXT('2D SPACE',''
  ) );
#1992 = PCURVE('',#886,#1993);
#1993 = DEFINITIONAL_REPRESENTATION('',(#1994),#1997);
#1994 = B_SPLINE_CURVE_WITH_KNOTS('',1,(#1995,#1996),.UNSPECIFIED.,.F.,
  .F.,(2,2),(-15.,0.),.PIECEWISE_BEZIER_KNOTS.);
#1995 = CARTESIAN_POINT('',(-6.633974596216,-13.49038105676));
#1996 = CARTESIAN_POINT('',(0.866025403784,-0.5));
#1997 = ( GEOMETRIC_REPRESENTATION_CONTEXT(2) 
PARAMETRIC_REPRESENTATION_CONTEXT() REPRESENTATION_CONTEXT('2D SPACE',''
  ) );
#1998 = ORIENTED_EDGE('',*,*,#1999,.F.);
#1999 = EDGE_CURVE('',#2000,#1979,#2002,.T.);
#2000 = VERTEX_POINT('',#2001);
#2001 = CARTESIAN_POINT('',(-5.113104967766,-10.8561575886,-45.));
#2002 = SURFACE_CURVE('',#2003,(#2007,#2013),.PCURVE_S1.);
#2003 = LINE('',#2004,#2005);
#2004 = CARTESIAN_POINT('',(-5.113104967766,-10.8561575886,-45.));
#2005 = VECTOR('',#2006,1.);
#2006 = DIRECTION('',(0.,0.,1.));
#2007 = PCURVE('',#572,#2008);
#2008 = DEFINITIONAL_REPRESENTATION('',(#2009),#2012);
#2009 = B_SPLINE_CURVE_WITH_KNOTS('',1,(#2010,#2011),.UNSPECIFIED.,.F.,
  .F.,(2,2),(-5.999999999062E-07,45.0000006),.PIECEWISE_BEZIER_KNOTS.);
#2010 = CARTESIAN_POINT('',(53.4999994,11.958260743101));
#2011 = CARTESIAN_POINT('',(98.5000006,11.958260743101));
#2012 = ( GEOMETRIC_REPRESENTATION_CONTEXT(2) 
PARAMETRIC_REPRESENTATION_CONTEXT() REPRESENTATION_CONTEXT('2D SPACE',''
  ) );
#2013 = PCURVE('',#1893,#2014);
#2014 = DEFINITIONAL_REPRESENTATION('',(#2015),#2018);
#2015 = B_SPLINE_CURVE_WITH_KNOTS('',1,(#2016,#2017),.UNSPECIFIED.,.F.,
  .F.,(2,2),(-5.999999999062E-07,45.0000006),.PIECEWISE_BEZIER_KNOTS.);
#2016 = CARTESIAN_POINT('',(4.272220291397,-5.999999999062E-07));
#2017 = CARTESIAN_POINT('',(4.272220291397,45.0000006));
#2018 = ( GEOMETRIC_REPRESENTATION_CONTEXT(2) 
PARAMETRIC_REPRESENTATION_CONTEXT() REPRESENTATION_CONTEXT('2D SPACE',''
  ) );
#2019 = ORIENTED_EDGE('',*,*,#2020,.T.);
#2020 = EDGE_CURVE('',#2000,#2021,#2023,.T.);
#2021 = VERTEX_POINT('',#2022);
#2022 = CARTESIAN_POINT('',(-3.606110551215,-8.245966692415,-45.));
#2023 = SURFACE_CURVE('',#2024,(#2028,#2034),.PCURVE_S1.);
#2024 = LINE('',#2025,#2026);
#2025 = CARTESIAN_POINT('',(0.866025403784,-0.5,-45.));
#2026 = VECTOR('',#2027,1.);
#2027 = DIRECTION('',(0.5,0.866025403784,-0.));
#2028 = PCURVE('',#572,#2029);
#2029 = DEFINITIONAL_REPRESENTATION('',(#2030),#2033);
#2030 = B_SPLINE_CURVE_WITH_KNOTS('',1,(#2031,#2032),.UNSPECIFIED.,.F.,
  .F.,(2,2),(-13.27905619136,0.),.PIECEWISE_BEZIER_KNOTS.);
#2031 = CARTESIAN_POINT('',(53.5,13.279056191361));
#2032 = CARTESIAN_POINT('',(53.5,0.));
#2033 = ( GEOMETRIC_REPRESENTATION_CONTEXT(2) 
PARAMETRIC_REPRESENTATION_CONTEXT() REPRESENTATION_CONTEXT('2D SPACE',''
  ) );
#2034 = PCURVE('',#1919,#2035);
#2035 = DEFINITIONAL_REPRESENTATION('',(#2036),#2039);
#2036 = B_SPLINE_CURVE_WITH_KNOTS('',1,(#2037,#2038),.UNSPECIFIED.,.F.,
  .F.,(2,2),(-13.27905619136,0.),.PIECEWISE_BEZIER_KNOTS.);
#2037 = CARTESIAN_POINT('',(-5.773502691896,-12.));
#2038 = CARTESIAN_POINT('',(0.866025403784,-0.5));
#2039 = ( GEOMETRIC_REPRESENTATION_CONTEXT(2) 
PARAMETRIC_REPRESENTATION_CONTEXT() REPRESENTATION_CONTEXT('2D SPACE',''
  ) );
#2040 = ORIENTED_EDGE('',*,*,#2041,.T.);
#2041 = EDGE_CURVE('',#2021,#2042,#2044,.T.);
#2042 = VERTEX_POINT('',#2043);
#2043 = CARTESIAN_POINT('',(-3.606110551215,-8.245966692415,8.5));
#2044 = SURFACE_CURVE('',#2045,(#2049,#2055),.PCURVE_S1.);
#2045 = LINE('',#2046,#2047);
#2046 = CARTESIAN_POINT('',(-3.606110551215,-8.245966692415,-45.));
#2047 = VECTOR('',#2048,1.);
#2048 = DIRECTION('',(0.,0.,1.));
#2049 = PCURVE('',#572,#2050);
#2050 = DEFINITIONAL_REPRESENTATION('',(#2051),#2054);
#2051 = B_SPLINE_CURVE_WITH_KNOTS('',1,(#2052,#2053),.UNSPECIFIED.,.F.,
  .F.,(2,2),(-5.999999999062E-07,64.2),.PIECEWISE_BEZIER_KNOTS.);
#2052 = CARTESIAN_POINT('',(53.4999994,8.944271909999));
#2053 = CARTESIAN_POINT('',(117.7,8.944271909999));
#2054 = ( GEOMETRIC_REPRESENTATION_CONTEXT(2) 
PARAMETRIC_REPRESENTATION_CONTEXT() REPRESENTATION_CONTEXT('2D SPACE',''
  ) );
#2055 = PCURVE('',#758,#2056);
#2056 = DEFINITIONAL_REPRESENTATION('',(#2057),#2060);
#2057 = B_SPLINE_CURVE_WITH_KNOTS('',1,(#2058,#2059),.UNSPECIFIED.,.F.,
  .F.,(2,2),(-5.999999999062E-07,64.2),.PIECEWISE_BEZIER_KNOTS.);
#2058 = CARTESIAN_POINT('',(4.300131219127,-5.999999999062E-07));
#2059 = CARTESIAN_POINT('',(4.300131219127,64.2));
#2060 = ( GEOMETRIC_REPRESENTATION_CONTEXT(2) 
PARAMETRIC_REPRESENTATION_CONTEXT() REPRESENTATION_CONTEXT('2D SPACE',''
  ) );
#2061 = ORIENTED_EDGE('',*,*,#2062,.T.);
#2062 = EDGE_CURVE('',#2042,#529,#2063,.T.);
#2063 = SURFACE_CURVE('',#2064,(#2068,#2075),.PCURVE_S1.);
#2064 = LINE('',#2065,#2066);
#2065 = CARTESIAN_POINT('',(0.866025403784,-0.5,8.5));
#2066 = VECTOR('',#2067,1.);
#2067 = DIRECTION('',(-0.5,-0.866025403784,0.));
#2068 = PCURVE('',#572,#2069);
#2069 = DEFINITIONAL_REPRESENTATION('',(#2070),#2074);
#2070 = LINE('',#2071,#2072);
#2071 = CARTESIAN_POINT('',(107.,0.));
#2072 = VECTOR('',#2073,1.);
#2073 = DIRECTION('',(0.,1.));
#2074 = ( GEOMETRIC_REPRESENTATION_CONTEXT(2) 
PARAMETRIC_REPRESENTATION_CONTEXT() REPRESENTATION_CONTEXT('2D SPACE',''
  ) );
#2075 = PCURVE('',#545,#2076);
#2076 = DEFINITIONAL_REPRESENTATION('',(#2077),#2081);
#2077 = LINE('',#2078,#2079);
#2078 = CARTESIAN_POINT('',(0.,2.));
#2079 = VECTOR('',#2080,1.);
#2080 = DIRECTION('',(1.,0.));
#2081 = ( GEOMETRIC_REPRESENTATION_CONTEXT(2) 
PARAMETRIC_REPRESENTATION_CONTEXT() REPRESENTATION_CONTEXT('2D SPACE',''
  ) );
#2082 = ORIENTED_EDGE('',*,*,#557,.F.);
#2083 = ORIENTED_EDGE('',*,*,#1288,.F.);
#2084 = ADVANCED_FACE('',(#2085),#545,.F.);
#2085 = FACE_BOUND('',#2086,.F.);
#2086 = EDGE_LOOP('',(#2087,#2111,#2132,#2133));
#2087 = ORIENTED_EDGE('',*,*,#2088,.F.);
#2088 = EDGE_CURVE('',#2089,#2042,#2091,.T.);
#2089 = VERTEX_POINT('',#2090);
#2090 = CARTESIAN_POINT('',(-5.338161358784,-7.245966692415,8.5));
#2091 = SURFACE_CURVE('',#2092,(#2097,#2104),.PCURVE_S1.);
#2092 = CIRCLE('',#2093,9.);
#2093 = AXIS2_PLACEMENT_3D('',#2094,#2095,#2096);
#2094 = CARTESIAN_POINT('',(0.,0.,8.5));
#2095 = DIRECTION('',(0.,0.,1.));
#2096 = DIRECTION('',(1.,0.,-0.));
#2097 = PCURVE('',#545,#2098);
#2098 = DEFINITIONAL_REPRESENTATION('',(#2099),#2103);
#2099 = CIRCLE('',#2100,9.);
#2100 = AXIS2_PLACEMENT_2D('',#2101,#2102);
#2101 = CARTESIAN_POINT('',(0.,1.));
#2102 = DIRECTION('',(-0.5,0.866025403784));
#2103 = ( GEOMETRIC_REPRESENTATION_CONTEXT(2) 
PARAMETRIC_REPRESENTATION_CONTEXT() REPRESENTATION_CONTEXT('2D SPACE',''
  ) );
#2104 = PCURVE('',#758,#2105);
#2105 = DEFINITIONAL_REPRESENTATION('',(#2106),#2110);
#2106 = LINE('',#2107,#2108);
#2107 = CARTESIAN_POINT('',(0.,53.5));
#2108 = VECTOR('',#2109,1.);
#2109 = DIRECTION('',(1.,0.));
#2110 = ( GEOMETRIC_REPRESENTATION_CONTEXT(2) 
PARAMETRIC_REPRESENTATION_CONTEXT() REPRESENTATION_CONTEXT('2D SPACE',''
  ) );
#2111 = ORIENTED_EDGE('',*,*,#2112,.T.);
#2112 = EDGE_CURVE('',#2089,#503,#2113,.T.);
#2113 = SURFACE_CURVE('',#2114,(#2118,#2125),.PCURVE_S1.);
#2114 = LINE('',#2115,#2116);
#2115 = CARTESIAN_POINT('',(-0.866025403784,0.5,8.5));
#2116 = VECTOR('',#2117,1.);
#2117 = DIRECTION('',(-0.5,-0.866025403784,0.));
#2118 = PCURVE('',#545,#2119);
#2119 = DEFINITIONAL_REPRESENTATION('',(#2120),#2124);
#2120 = LINE('',#2121,#2122);
#2121 = CARTESIAN_POINT('',(0.,0.));
#2122 = VECTOR('',#2123,1.);
#2123 = DIRECTION('',(1.,0.));
#2124 = ( GEOMETRIC_REPRESENTATION_CONTEXT(2) 
PARAMETRIC_REPRESENTATION_CONTEXT() REPRESENTATION_CONTEXT('2D SPACE',''
  ) );
#2125 = PCURVE('',#517,#2126);
#2126 = DEFINITIONAL_REPRESENTATION('',(#2127),#2131);
#2127 = LINE('',#2128,#2129);
#2128 = CARTESIAN_POINT('',(107.,0.));
#2129 = VECTOR('',#2130,1.);
#2130 = DIRECTION('',(0.,1.));
#2131 = ( GEOMETRIC_REPRESENTATION_CONTEXT(2) 
PARAMETRIC_REPRESENTATION_CONTEXT() REPRESENTATION_CONTEXT('2D SPACE',''
  ) );
#2132 = ORIENTED_EDGE('',*,*,#528,.T.);
#2133 = ORIENTED_EDGE('',*,*,#2062,.F.);
#2134 = ADVANCED_FACE('',(#2135),#517,.T.);
#2135 = FACE_BOUND('',#2136,.T.);
#2136 = EDGE_LOOP('',(#2137,#2160,#2181,#2207,#2233,#2252,#2253,#2254));
#2137 = ORIENTED_EDGE('',*,*,#2138,.F.);
#2138 = EDGE_CURVE('',#2139,#1310,#2141,.T.);
#2139 = VERTEX_POINT('',#2140);
#2140 = CARTESIAN_POINT('',(-8.366025403784,-12.49038105676,0.));
#2141 = SURFACE_CURVE('',#2142,(#2146,#2153),.PCURVE_S1.);
#2142 = LINE('',#2143,#2144);
#2143 = CARTESIAN_POINT('',(-8.366025403784,-12.49038105676,-98.5));
#2144 = VECTOR('',#2145,1.);
#2145 = DIRECTION('',(0.,0.,1.));
#2146 = PCURVE('',#517,#2147);
#2147 = DEFINITIONAL_REPRESENTATION('',(#2148),#2152);
#2148 = LINE('',#2149,#2150);
#2149 = CARTESIAN_POINT('',(0.,15.));
#2150 = VECTOR('',#2151,1.);
#2151 = DIRECTION('',(1.,0.));
#2152 = ( GEOMETRIC_REPRESENTATION_CONTEXT(2) 
PARAMETRIC_REPRESENTATION_CONTEXT() REPRESENTATION_CONTEXT('2D SPACE',''
  ) );
#2153 = PCURVE('',#1324,#2154);
#2154 = DEFINITIONAL_REPRESENTATION('',(#2155),#2159);
#2155 = LINE('',#2156,#2157);
#2156 = CARTESIAN_POINT('',(0.,0.));
#2157 = VECTOR('',#2158,1.);
#2158 = DIRECTION('',(1.,0.));
#2159 = ( GEOMETRIC_REPRESENTATION_CONTEXT(2) 
PARAMETRIC_REPRESENTATION_CONTEXT() REPRESENTATION_CONTEXT('2D SPACE',''
  ) );
#2160 = ORIENTED_EDGE('',*,*,#2161,.T.);
#2161 = EDGE_CURVE('',#2139,#2162,#2164,.T.);
#2162 = VERTEX_POINT('',#2163);
#2163 = CARTESIAN_POINT('',(-6.845155775335,-9.856157588604,0.));
#2164 = SURFACE_CURVE('',#2165,(#2169,#2175),.PCURVE_S1.);
#2165 = LINE('',#2166,#2167);
#2166 = CARTESIAN_POINT('',(-0.866025403784,0.5,0.));
#2167 = VECTOR('',#2168,1.);
#2168 = DIRECTION('',(0.5,0.866025403784,-0.));
#2169 = PCURVE('',#517,#2170);
#2170 = DEFINITIONAL_REPRESENTATION('',(#2171),#2174);
#2171 = B_SPLINE_CURVE_WITH_KNOTS('',1,(#2172,#2173),.UNSPECIFIED.,.F.,
  .F.,(2,2),(-15.,0.),.PIECEWISE_BEZIER_KNOTS.);
#2172 = CARTESIAN_POINT('',(98.5,15.));
#2173 = CARTESIAN_POINT('',(98.5,0.));
#2174 = ( GEOMETRIC_REPRESENTATION_CONTEXT(2) 
PARAMETRIC_REPRESENTATION_CONTEXT() REPRESENTATION_CONTEXT('2D SPACE',''
  ) );
#2175 = PCURVE('',#886,#2176);
#2176 = DEFINITIONAL_REPRESENTATION('',(#2177),#2180);
#2177 = B_SPLINE_CURVE_WITH_KNOTS('',1,(#2178,#2179),.UNSPECIFIED.,.F.,
  .F.,(2,2),(-15.,0.),.PIECEWISE_BEZIER_KNOTS.);
#2178 = CARTESIAN_POINT('',(-8.366025403784,-12.49038105676));
#2179 = CARTESIAN_POINT('',(-0.866025403784,0.5));
#2180 = ( GEOMETRIC_REPRESENTATION_CONTEXT(2) 
PARAMETRIC_REPRESENTATION_CONTEXT() REPRESENTATION_CONTEXT('2D SPACE',''
  ) );
#2181 = ORIENTED_EDGE('',*,*,#2182,.F.);
#2182 = EDGE_CURVE('',#2183,#2162,#2185,.T.);
#2183 = VERTEX_POINT('',#2184);
#2184 = CARTESIAN_POINT('',(-6.845155775335,-9.856157588604,-45.));
#2185 = SURFACE_CURVE('',#2186,(#2190,#2196),.PCURVE_S1.);
#2186 = LINE('',#2187,#2188);
#2187 = CARTESIAN_POINT('',(-6.845155775335,-9.856157588604,-45.));
#2188 = VECTOR('',#2189,1.);
#2189 = DIRECTION('',(0.,0.,1.));
#2190 = PCURVE('',#517,#2191);
#2191 = DEFINITIONAL_REPRESENTATION('',(#2192),#2195);
#2192 = B_SPLINE_CURVE_WITH_KNOTS('',1,(#2193,#2194),.UNSPECIFIED.,.F.,
  .F.,(2,2),(-5.999999999062E-07,45.0000006),.PIECEWISE_BEZIER_KNOTS.);
#2193 = CARTESIAN_POINT('',(53.4999994,11.958260743101));
#2194 = CARTESIAN_POINT('',(98.5000006,11.958260743101));
#2195 = ( GEOMETRIC_REPRESENTATION_CONTEXT(2) 
PARAMETRIC_REPRESENTATION_CONTEXT() REPRESENTATION_CONTEXT('2D SPACE',''
  ) );
#2196 = PCURVE('',#2197,#2202);
#2197 = CYLINDRICAL_SURFACE('',#2198,12.);
#2198 = AXIS2_PLACEMENT_3D('',#2199,#2200,#2201);
#2199 = CARTESIAN_POINT('',(0.,0.,-45.));
#2200 = DIRECTION('',(0.,0.,1.));
#2201 = DIRECTION('',(1.,0.,0.));
#2202 = DEFINITIONAL_REPRESENTATION('',(#2203),#2206);
#2203 = B_SPLINE_CURVE_WITH_KNOTS('',1,(#2204,#2205),.UNSPECIFIED.,.F.,
  .F.,(2,2),(-5.999999999062E-07,45.0000006),.PIECEWISE_BEZIER_KNOTS.);
#2204 = CARTESIAN_POINT('',(4.105360118176,-5.999999999062E-07));
#2205 = CARTESIAN_POINT('',(4.105360118176,45.0000006));
#2206 = ( GEOMETRIC_REPRESENTATION_CONTEXT(2) 
PARAMETRIC_REPRESENTATION_CONTEXT() REPRESENTATION_CONTEXT('2D SPACE',''
  ) );
#2207 = ORIENTED_EDGE('',*,*,#2208,.T.);
#2208 = EDGE_CURVE('',#2183,#2209,#2211,.T.);
#2209 = VERTEX_POINT('',#2210);
#2210 = CARTESIAN_POINT('',(-5.338161358784,-7.245966692415,-45.));
#2211 = SURFACE_CURVE('',#2212,(#2216,#2222),.PCURVE_S1.);
#2212 = LINE('',#2213,#2214);
#2213 = CARTESIAN_POINT('',(-0.866025403784,0.5,-45.));
#2214 = VECTOR('',#2215,1.);
#2215 = DIRECTION('',(0.5,0.866025403784,-0.));
#2216 = PCURVE('',#517,#2217);
#2217 = DEFINITIONAL_REPRESENTATION('',(#2218),#2221);
#2218 = B_SPLINE_CURVE_WITH_KNOTS('',1,(#2219,#2220),.UNSPECIFIED.,.F.,
  .F.,(2,2),(-14.43375672974,0.),.PIECEWISE_BEZIER_KNOTS.);
#2219 = CARTESIAN_POINT('',(53.5,14.433756729741));
#2220 = CARTESIAN_POINT('',(53.5,0.));
#2221 = ( GEOMETRIC_REPRESENTATION_CONTEXT(2) 
PARAMETRIC_REPRESENTATION_CONTEXT() REPRESENTATION_CONTEXT('2D SPACE',''
  ) );
#2222 = PCURVE('',#2223,#2228);
#2223 = PLANE('',#2224);
#2224 = AXIS2_PLACEMENT_3D('',#2225,#2226,#2227);
#2225 = CARTESIAN_POINT('',(0.,0.,-45.));
#2226 = DIRECTION('',(0.,0.,1.));
#2227 = DIRECTION('',(1.,0.,0.));
#2228 = DEFINITIONAL_REPRESENTATION('',(#2229),#2232);
#2229 = B_SPLINE_CURVE_WITH_KNOTS('',1,(#2230,#2231),.UNSPECIFIED.,.F.,
  .F.,(2,2),(-14.43375672974,0.),.PIECEWISE_BEZIER_KNOTS.);
#2230 = CARTESIAN_POINT('',(-8.082903768655,-12.));
#2231 = CARTESIAN_POINT('',(-0.866025403784,0.5));
#2232 = ( GEOMETRIC_REPRESENTATION_CONTEXT(2) 
PARAMETRIC_REPRESENTATION_CONTEXT() REPRESENTATION_CONTEXT('2D SPACE',''
  ) );
#2233 = ORIENTED_EDGE('',*,*,#2234,.T.);
#2234 = EDGE_CURVE('',#2209,#2089,#2235,.T.);
#2235 = SURFACE_CURVE('',#2236,(#2240,#2246),.PCURVE_S1.);
#2236 = LINE('',#2237,#2238);
#2237 = CARTESIAN_POINT('',(-5.338161358784,-7.245966692415,-45.));
#2238 = VECTOR('',#2239,1.);
#2239 = DIRECTION('',(0.,0.,1.));
#2240 = PCURVE('',#517,#2241);
#2241 = DEFINITIONAL_REPRESENTATION('',(#2242),#2245);
#2242 = B_SPLINE_CURVE_WITH_KNOTS('',1,(#2243,#2244),.UNSPECIFIED.,.F.,
  .F.,(2,2),(-5.999999999062E-07,64.2),.PIECEWISE_BEZIER_KNOTS.);
#2243 = CARTESIAN_POINT('',(53.4999994,8.944271909999));
#2244 = CARTESIAN_POINT('',(117.7,8.944271909999));
#2245 = ( GEOMETRIC_REPRESENTATION_CONTEXT(2) 
PARAMETRIC_REPRESENTATION_CONTEXT() REPRESENTATION_CONTEXT('2D SPACE',''
  ) );
#2246 = PCURVE('',#758,#2247);
#2247 = DEFINITIONAL_REPRESENTATION('',(#2248),#2251);
#2248 = B_SPLINE_CURVE_WITH_KNOTS('',1,(#2249,#2250),.UNSPECIFIED.,.F.,
  .F.,(2,2),(-5.999999999062E-07,64.2),.PIECEWISE_BEZIER_KNOTS.);
#2249 = CARTESIAN_POINT('',(4.077449190445,-5.999999999062E-07));
#2250 = CARTESIAN_POINT('',(4.077449190445,64.2));
#2251 = ( GEOMETRIC_REPRESENTATION_CONTEXT(2) 
PARAMETRIC_REPRESENTATION_CONTEXT() REPRESENTATION_CONTEXT('2D SPACE',''
  ) );
#2252 = ORIENTED_EDGE('',*,*,#2112,.T.);
#2253 = ORIENTED_EDGE('',*,*,#502,.F.);
#2254 = ORIENTED_EDGE('',*,*,#1335,.F.);
#2255 = ADVANCED_FACE('',(#2256),#467,.F.);
#2256 = FACE_BOUND('',#2257,.F.);
#2257 = EDGE_LOOP('',(#2258,#2281,#2302,#2323,#2344,#2365,#2386,#2387));
#2258 = ORIENTED_EDGE('',*,*,#2259,.F.);
#2259 = EDGE_CURVE('',#2260,#1356,#2262,.T.);
#2260 = VERTEX_POINT('',#2261);
#2261 = CARTESIAN_POINT('',(-15.,-1.,0.));
#2262 = SURFACE_CURVE('',#2263,(#2267,#2274),.PCURVE_S1.);
#2263 = LINE('',#2264,#2265);
#2264 = CARTESIAN_POINT('',(-15.,-1.,-98.5));
#2265 = VECTOR('',#2266,1.);
#2266 = DIRECTION('',(0.,0.,1.));
#2267 = PCURVE('',#467,#2268);
#2268 = DEFINITIONAL_REPRESENTATION('',(#2269),#2273);
#2269 = LINE('',#2270,#2271);
#2270 = CARTESIAN_POINT('',(0.,15.));
#2271 = VECTOR('',#2272,1.);
#2272 = DIRECTION('',(1.,0.));
#2273 = ( GEOMETRIC_REPRESENTATION_CONTEXT(2) 
PARAMETRIC_REPRESENTATION_CONTEXT() REPRESENTATION_CONTEXT('2D SPACE',''
  ) );
#2274 = PCURVE('',#1391,#2275);
#2275 = DEFINITIONAL_REPRESENTATION('',(#2276),#2280);
#2276 = LINE('',#2277,#2278);
#2277 = CARTESIAN_POINT('',(0.,-2.));
#2278 = VECTOR('',#2279,1.);
#2279 = DIRECTION('',(1.,0.));
#2280 = ( GEOMETRIC_REPRESENTATION_CONTEXT(2) 
PARAMETRIC_REPRESENTATION_CONTEXT() REPRESENTATION_CONTEXT('2D SPACE',''
  ) );
#2281 = ORIENTED_EDGE('',*,*,#2282,.T.);
#2282 = EDGE_CURVE('',#2260,#2283,#2285,.T.);
#2283 = VERTEX_POINT('',#2284);
#2284 = CARTESIAN_POINT('',(-11.9582607431,-1.,0.));
#2285 = SURFACE_CURVE('',#2286,(#2290,#2296),.PCURVE_S1.);
#2286 = LINE('',#2287,#2288);
#2287 = CARTESIAN_POINT('',(-1.224646799147E-16,-1.,0.));
#2288 = VECTOR('',#2289,1.);
#2289 = DIRECTION('',(1.,-1.224646799147E-16,0.));
#2290 = PCURVE('',#467,#2291);
#2291 = DEFINITIONAL_REPRESENTATION('',(#2292),#2295);
#2292 = B_SPLINE_CURVE_WITH_KNOTS('',1,(#2293,#2294),.UNSPECIFIED.,.F.,
  .F.,(2,2),(-15.,0.),.PIECEWISE_BEZIER_KNOTS.);
#2293 = CARTESIAN_POINT('',(98.5,15.));
#2294 = CARTESIAN_POINT('',(98.5,0.));
#2295 = ( GEOMETRIC_REPRESENTATION_CONTEXT(2) 
PARAMETRIC_REPRESENTATION_CONTEXT() REPRESENTATION_CONTEXT('2D SPACE',''
  ) );
#2296 = PCURVE('',#886,#2297);
#2297 = DEFINITIONAL_REPRESENTATION('',(#2298),#2301);
#2298 = B_SPLINE_CURVE_WITH_KNOTS('',1,(#2299,#2300),.UNSPECIFIED.,.F.,
  .F.,(2,2),(-15.,0.),.PIECEWISE_BEZIER_KNOTS.);
#2299 = CARTESIAN_POINT('',(-15.,-1.));
#2300 = CARTESIAN_POINT('',(-1.224646799147E-16,-1.));
#2301 = ( GEOMETRIC_REPRESENTATION_CONTEXT(2) 
PARAMETRIC_REPRESENTATION_CONTEXT() REPRESENTATION_CONTEXT('2D SPACE',''
  ) );
#2302 = ORIENTED_EDGE('',*,*,#2303,.F.);
#2303 = EDGE_CURVE('',#2304,#2283,#2306,.T.);
#2304 = VERTEX_POINT('',#2305);
#2305 = CARTESIAN_POINT('',(-11.9582607431,-1.,-45.));
#2306 = SURFACE_CURVE('',#2307,(#2311,#2317),.PCURVE_S1.);
#2307 = LINE('',#2308,#2309);
#2308 = CARTESIAN_POINT('',(-11.9582607431,-1.,-45.));
#2309 = VECTOR('',#2310,1.);
#2310 = DIRECTION('',(0.,0.,1.));
#2311 = PCURVE('',#467,#2312);
#2312 = DEFINITIONAL_REPRESENTATION('',(#2313),#2316);
#2313 = B_SPLINE_CURVE_WITH_KNOTS('',1,(#2314,#2315),.UNSPECIFIED.,.F.,
  .F.,(2,2),(-5.999999999062E-07,45.0000006),.PIECEWISE_BEZIER_KNOTS.);
#2314 = CARTESIAN_POINT('',(53.4999994,11.958260743101));
#2315 = CARTESIAN_POINT('',(98.5000006,11.958260743101));
#2316 = ( GEOMETRIC_REPRESENTATION_CONTEXT(2) 
PARAMETRIC_REPRESENTATION_CONTEXT() REPRESENTATION_CONTEXT('2D SPACE',''
  ) );
#2317 = PCURVE('',#2197,#2318);
#2318 = DEFINITIONAL_REPRESENTATION('',(#2319),#2322);
#2319 = B_SPLINE_CURVE_WITH_KNOTS('',1,(#2320,#2321),.UNSPECIFIED.,.F.,
  .F.,(2,2),(-5.999999999062E-07,45.0000006),.PIECEWISE_BEZIER_KNOTS.);
#2320 = CARTESIAN_POINT('',(3.2250227402,-5.999999999062E-07));
#2321 = CARTESIAN_POINT('',(3.2250227402,45.0000006));
#2322 = ( GEOMETRIC_REPRESENTATION_CONTEXT(2) 
PARAMETRIC_REPRESENTATION_CONTEXT() REPRESENTATION_CONTEXT('2D SPACE',''
  ) );
#2323 = ORIENTED_EDGE('',*,*,#2324,.T.);
#2324 = EDGE_CURVE('',#2304,#2325,#2327,.T.);
#2325 = VERTEX_POINT('',#2326);
#2326 = CARTESIAN_POINT('',(-8.944271909999,-1.,-45.));
#2327 = SURFACE_CURVE('',#2328,(#2332,#2338),.PCURVE_S1.);
#2328 = LINE('',#2329,#2330);
#2329 = CARTESIAN_POINT('',(-1.224646799147E-16,-1.,-45.));
#2330 = VECTOR('',#2331,1.);
#2331 = DIRECTION('',(1.,-1.224646799147E-16,0.));
#2332 = PCURVE('',#467,#2333);
#2333 = DEFINITIONAL_REPRESENTATION('',(#2334),#2337);
#2334 = B_SPLINE_CURVE_WITH_KNOTS('',1,(#2335,#2336),.UNSPECIFIED.,.F.,
  .F.,(2,2),(-12.,0.),.PIECEWISE_BEZIER_KNOTS.);
#2335 = CARTESIAN_POINT('',(53.5,12.));
#2336 = CARTESIAN_POINT('',(53.5,0.));
#2337 = ( GEOMETRIC_REPRESENTATION_CONTEXT(2) 
PARAMETRIC_REPRESENTATION_CONTEXT() REPRESENTATION_CONTEXT('2D SPACE',''
  ) );
#2338 = PCURVE('',#2223,#2339);
#2339 = DEFINITIONAL_REPRESENTATION('',(#2340),#2343);
#2340 = B_SPLINE_CURVE_WITH_KNOTS('',1,(#2341,#2342),.UNSPECIFIED.,.F.,
  .F.,(2,2),(-12.,0.),.PIECEWISE_BEZIER_KNOTS.);
#2341 = CARTESIAN_POINT('',(-12.,-1.));
#2342 = CARTESIAN_POINT('',(-1.224646799147E-16,-1.));
#2343 = ( GEOMETRIC_REPRESENTATION_CONTEXT(2) 
PARAMETRIC_REPRESENTATION_CONTEXT() REPRESENTATION_CONTEXT('2D SPACE',''
  ) );
#2344 = ORIENTED_EDGE('',*,*,#2345,.T.);
#2345 = EDGE_CURVE('',#2325,#2346,#2348,.T.);
#2346 = VERTEX_POINT('',#2347);
#2347 = CARTESIAN_POINT('',(-8.944271909999,-1.,8.5));
#2348 = SURFACE_CURVE('',#2349,(#2353,#2359),.PCURVE_S1.);
#2349 = LINE('',#2350,#2351);
#2350 = CARTESIAN_POINT('',(-8.944271909999,-1.,-45.));
#2351 = VECTOR('',#2352,1.);
#2352 = DIRECTION('',(0.,0.,1.));
#2353 = PCURVE('',#467,#2354);
#2354 = DEFINITIONAL_REPRESENTATION('',(#2355),#2358);
#2355 = B_SPLINE_CURVE_WITH_KNOTS('',1,(#2356,#2357),.UNSPECIFIED.,.F.,
  .F.,(2,2),(-5.999999999062E-07,64.2),.PIECEWISE_BEZIER_KNOTS.);
#2356 = CARTESIAN_POINT('',(53.4999994,8.944271909999));
#2357 = CARTESIAN_POINT('',(117.7,8.944271909999));
#2358 = ( GEOMETRIC_REPRESENTATION_CONTEXT(2) 
PARAMETRIC_REPRESENTATION_CONTEXT() REPRESENTATION_CONTEXT('2D SPACE',''
  ) );
#2359 = PCURVE('',#758,#2360);
#2360 = DEFINITIONAL_REPRESENTATION('',(#2361),#2364);
#2361 = B_SPLINE_CURVE_WITH_KNOTS('',1,(#2362,#2363),.UNSPECIFIED.,.F.,
  .F.,(2,2),(-5.999999999062E-07,64.2),.PIECEWISE_BEZIER_KNOTS.);
#2362 = CARTESIAN_POINT('',(3.252933667931,-5.999999999062E-07));
#2363 = CARTESIAN_POINT('',(3.252933667931,64.2));
#2364 = ( GEOMETRIC_REPRESENTATION_CONTEXT(2) 
PARAMETRIC_REPRESENTATION_CONTEXT() REPRESENTATION_CONTEXT('2D SPACE',''
  ) );
#2365 = ORIENTED_EDGE('',*,*,#2366,.T.);
#2366 = EDGE_CURVE('',#2346,#424,#2367,.T.);
#2367 = SURFACE_CURVE('',#2368,(#2372,#2379),.PCURVE_S1.);
#2368 = LINE('',#2369,#2370);
#2369 = CARTESIAN_POINT('',(-1.224646799147E-16,-1.,8.5));
#2370 = VECTOR('',#2371,1.);
#2371 = DIRECTION('',(-1.,1.224646799147E-16,0.));
#2372 = PCURVE('',#467,#2373);
#2373 = DEFINITIONAL_REPRESENTATION('',(#2374),#2378);
#2374 = LINE('',#2375,#2376);
#2375 = CARTESIAN_POINT('',(107.,0.));
#2376 = VECTOR('',#2377,1.);
#2377 = DIRECTION('',(0.,1.));
#2378 = ( GEOMETRIC_REPRESENTATION_CONTEXT(2) 
PARAMETRIC_REPRESENTATION_CONTEXT() REPRESENTATION_CONTEXT('2D SPACE',''
  ) );
#2379 = PCURVE('',#440,#2380);
#2380 = DEFINITIONAL_REPRESENTATION('',(#2381),#2385);
#2381 = LINE('',#2382,#2383);
#2382 = CARTESIAN_POINT('',(0.,2.));
#2383 = VECTOR('',#2384,1.);
#2384 = DIRECTION('',(1.,0.));
#2385 = ( GEOMETRIC_REPRESENTATION_CONTEXT(2) 
PARAMETRIC_REPRESENTATION_CONTEXT() REPRESENTATION_CONTEXT('2D SPACE',''
  ) );
#2386 = ORIENTED_EDGE('',*,*,#452,.F.);
#2387 = ORIENTED_EDGE('',*,*,#1355,.F.);
#2388 = ADVANCED_FACE('',(#2389),#440,.F.);
#2389 = FACE_BOUND('',#2390,.F.);
#2390 = EDGE_LOOP('',(#2391,#2415,#2436,#2437));
#2391 = ORIENTED_EDGE('',*,*,#2392,.F.);
#2392 = EDGE_CURVE('',#2393,#2346,#2395,.T.);
#2393 = VERTEX_POINT('',#2394);
#2394 = CARTESIAN_POINT('',(-8.944271909999,1.,8.5));
#2395 = SURFACE_CURVE('',#2396,(#2401,#2408),.PCURVE_S1.);
#2396 = CIRCLE('',#2397,9.);
#2397 = AXIS2_PLACEMENT_3D('',#2398,#2399,#2400);
#2398 = CARTESIAN_POINT('',(0.,0.,8.5));
#2399 = DIRECTION('',(0.,0.,1.));
#2400 = DIRECTION('',(1.,0.,-0.));
#2401 = PCURVE('',#440,#2402);
#2402 = DEFINITIONAL_REPRESENTATION('',(#2403),#2407);
#2403 = CIRCLE('',#2404,9.);
#2404 = AXIS2_PLACEMENT_2D('',#2405,#2406);
#2405 = CARTESIAN_POINT('',(0.,1.));
#2406 = DIRECTION('',(-1.,-1.224646799147E-16));
#2407 = ( GEOMETRIC_REPRESENTATION_CONTEXT(2) 
PARAMETRIC_REPRESENTATION_CONTEXT() REPRESENTATION_CONTEXT('2D SPACE',''
  ) );
#2408 = PCURVE('',#758,#2409);
#2409 = DEFINITIONAL_REPRESENTATION('',(#2410),#2414);
#2410 = LINE('',#2411,#2412);
#2411 = CARTESIAN_POINT('',(0.,53.5));
#2412 = VECTOR('',#2413,1.);
#2413 = DIRECTION('',(1.,0.));
#2414 = ( GEOMETRIC_REPRESENTATION_CONTEXT(2) 
PARAMETRIC_REPRESENTATION_CONTEXT() REPRESENTATION_CONTEXT('2D SPACE',''
  ) );
#2415 = ORIENTED_EDGE('',*,*,#2416,.T.);
#2416 = EDGE_CURVE('',#2393,#398,#2417,.T.);
#2417 = SURFACE_CURVE('',#2418,(#2422,#2429),.PCURVE_S1.);
#2418 = LINE('',#2419,#2420);
#2419 = CARTESIAN_POINT('',(1.224646799147E-16,1.,8.5));
#2420 = VECTOR('',#2421,1.);
#2421 = DIRECTION('',(-1.,1.224646799147E-16,0.));
#2422 = PCURVE('',#440,#2423);
#2423 = DEFINITIONAL_REPRESENTATION('',(#2424),#2428);
#2424 = LINE('',#2425,#2426);
#2425 = CARTESIAN_POINT('',(0.,0.));
#2426 = VECTOR('',#2427,1.);
#2427 = DIRECTION('',(1.,0.));
#2428 = ( GEOMETRIC_REPRESENTATION_CONTEXT(2) 
PARAMETRIC_REPRESENTATION_CONTEXT() REPRESENTATION_CONTEXT('2D SPACE',''
  ) );
#2429 = PCURVE('',#412,#2430);
#2430 = DEFINITIONAL_REPRESENTATION('',(#2431),#2435);
#2431 = LINE('',#2432,#2433);
#2432 = CARTESIAN_POINT('',(107.,0.));
#2433 = VECTOR('',#2434,1.);
#2434 = DIRECTION('',(0.,1.));
#2435 = ( GEOMETRIC_REPRESENTATION_CONTEXT(2) 
PARAMETRIC_REPRESENTATION_CONTEXT() REPRESENTATION_CONTEXT('2D SPACE',''
  ) );
#2436 = ORIENTED_EDGE('',*,*,#423,.T.);
#2437 = ORIENTED_EDGE('',*,*,#2366,.F.);
#2438 = ADVANCED_FACE('',(#2439),#412,.T.);
#2439 = FACE_BOUND('',#2440,.T.);
#2440 = EDGE_LOOP('',(#2441,#2464,#2485,#2511,#2537,#2556,#2557,#2558));
#2441 = ORIENTED_EDGE('',*,*,#2442,.F.);
#2442 = EDGE_CURVE('',#2443,#1377,#2445,.T.);
#2443 = VERTEX_POINT('',#2444);
#2444 = CARTESIAN_POINT('',(-15.,1.,0.));
#2445 = SURFACE_CURVE('',#2446,(#2450,#2457),.PCURVE_S1.);
#2446 = LINE('',#2447,#2448);
#2447 = CARTESIAN_POINT('',(-15.,1.,-98.5));
#2448 = VECTOR('',#2449,1.);
#2449 = DIRECTION('',(0.,0.,1.));
#2450 = PCURVE('',#412,#2451);
#2451 = DEFINITIONAL_REPRESENTATION('',(#2452),#2456);
#2452 = LINE('',#2453,#2454);
#2453 = CARTESIAN_POINT('',(0.,15.));
#2454 = VECTOR('',#2455,1.);
#2455 = DIRECTION('',(1.,0.));
#2456 = ( GEOMETRIC_REPRESENTATION_CONTEXT(2) 
PARAMETRIC_REPRESENTATION_CONTEXT() REPRESENTATION_CONTEXT('2D SPACE',''
  ) );
#2457 = PCURVE('',#1391,#2458);
#2458 = DEFINITIONAL_REPRESENTATION('',(#2459),#2463);
#2459 = LINE('',#2460,#2461);
#2460 = CARTESIAN_POINT('',(0.,0.));
#2461 = VECTOR('',#2462,1.);
#2462 = DIRECTION('',(1.,0.));
#2463 = ( GEOMETRIC_REPRESENTATION_CONTEXT(2) 
PARAMETRIC_REPRESENTATION_CONTEXT() REPRESENTATION_CONTEXT('2D SPACE',''
  ) );
#2464 = ORIENTED_EDGE('',*,*,#2465,.T.);
#2465 = EDGE_CURVE('',#2443,#2466,#2468,.T.);
#2466 = VERTEX_POINT('',#2467);
#2467 = CARTESIAN_POINT('',(-11.9582607431,1.,0.));
#2468 = SURFACE_CURVE('',#2469,(#2473,#2479),.PCURVE_S1.);
#2469 = LINE('',#2470,#2471);
#2470 = CARTESIAN_POINT('',(1.224646799147E-16,1.,0.));
#2471 = VECTOR('',#2472,1.);
#2472 = DIRECTION('',(1.,-1.224646799147E-16,0.));
#2473 = PCURVE('',#412,#2474);
#2474 = DEFINITIONAL_REPRESENTATION('',(#2475),#2478);
#2475 = B_SPLINE_CURVE_WITH_KNOTS('',1,(#2476,#2477),.UNSPECIFIED.,.F.,
  .F.,(2,2),(-15.,0.),.PIECEWISE_BEZIER_KNOTS.);
#2476 = CARTESIAN_POINT('',(98.5,15.));
#2477 = CARTESIAN_POINT('',(98.5,0.));
#2478 = ( GEOMETRIC_REPRESENTATION_CONTEXT(2) 
PARAMETRIC_REPRESENTATION_CONTEXT() REPRESENTATION_CONTEXT('2D SPACE',''
  ) );
#2479 = PCURVE('',#886,#2480);
#2480 = DEFINITIONAL_REPRESENTATION('',(#2481),#2484);
#2481 = B_SPLINE_CURVE_WITH_KNOTS('',1,(#2482,#2483),.UNSPECIFIED.,.F.,
  .F.,(2,2),(-15.,0.),.PIECEWISE_BEZIER_KNOTS.);
#2482 = CARTESIAN_POINT('',(-15.,1.));
#2483 = CARTESIAN_POINT('',(1.224646799147E-16,1.));
#2484 = ( GEOMETRIC_REPRESENTATION_CONTEXT(2) 
PARAMETRIC_REPRESENTATION_CONTEXT() REPRESENTATION_CONTEXT('2D SPACE',''
  ) );
#2485 = ORIENTED_EDGE('',*,*,#2486,.F.);
#2486 = EDGE_CURVE('',#2487,#2466,#2489,.T.);
#2487 = VERTEX_POINT('',#2488);
#2488 = CARTESIAN_POINT('',(-11.9582607431,1.,-45.));
#2489 = SURFACE_CURVE('',#2490,(#2494,#2500),.PCURVE_S1.);
#2490 = LINE('',#2491,#2492);
#2491 = CARTESIAN_POINT('',(-11.9582607431,1.,-45.));
#2492 = VECTOR('',#2493,1.);
#2493 = DIRECTION('',(0.,0.,1.));
#2494 = PCURVE('',#412,#2495);
#2495 = DEFINITIONAL_REPRESENTATION('',(#2496),#2499);
#2496 = B_SPLINE_CURVE_WITH_KNOTS('',1,(#2497,#2498),.UNSPECIFIED.,.F.,
  .F.,(2,2),(-5.999999999062E-07,45.0000006),.PIECEWISE_BEZIER_KNOTS.);
#2497 = CARTESIAN_POINT('',(53.4999994,11.958260743101));
#2498 = CARTESIAN_POINT('',(98.5000006,11.958260743101));
#2499 = ( GEOMETRIC_REPRESENTATION_CONTEXT(2) 
PARAMETRIC_REPRESENTATION_CONTEXT() REPRESENTATION_CONTEXT('2D SPACE',''
  ) );
#2500 = PCURVE('',#2501,#2506);
#2501 = CYLINDRICAL_SURFACE('',#2502,12.);
#2502 = AXIS2_PLACEMENT_3D('',#2503,#2504,#2505);
#2503 = CARTESIAN_POINT('',(0.,0.,-45.));
#2504 = DIRECTION('',(0.,0.,1.));
#2505 = DIRECTION('',(1.,0.,0.));
#2506 = DEFINITIONAL_REPRESENTATION('',(#2507),#2510);
#2507 = B_SPLINE_CURVE_WITH_KNOTS('',1,(#2508,#2509),.UNSPECIFIED.,.F.,
  .F.,(2,2),(-5.999999999062E-07,45.0000006),.PIECEWISE_BEZIER_KNOTS.);
#2508 = CARTESIAN_POINT('',(3.058162566979,-5.999999999062E-07));
#2509 = CARTESIAN_POINT('',(3.058162566979,45.0000006));
#2510 = ( GEOMETRIC_REPRESENTATION_CONTEXT(2) 
PARAMETRIC_REPRESENTATION_CONTEXT() REPRESENTATION_CONTEXT('2D SPACE',''
  ) );
#2511 = ORIENTED_EDGE('',*,*,#2512,.T.);
#2512 = EDGE_CURVE('',#2487,#2513,#2515,.T.);
#2513 = VERTEX_POINT('',#2514);
#2514 = CARTESIAN_POINT('',(-8.944271909999,1.,-45.));
#2515 = SURFACE_CURVE('',#2516,(#2520,#2526),.PCURVE_S1.);
#2516 = LINE('',#2517,#2518);
#2517 = CARTESIAN_POINT('',(1.224646799147E-16,1.,-45.));
#2518 = VECTOR('',#2519,1.);
#2519 = DIRECTION('',(1.,-1.224646799147E-16,0.));
#2520 = PCURVE('',#412,#2521);
#2521 = DEFINITIONAL_REPRESENTATION('',(#2522),#2525);
#2522 = B_SPLINE_CURVE_WITH_KNOTS('',1,(#2523,#2524),.UNSPECIFIED.,.F.,
  .F.,(2,2),(-12.,0.),.PIECEWISE_BEZIER_KNOTS.);
#2523 = CARTESIAN_POINT('',(53.5,12.));
#2524 = CARTESIAN_POINT('',(53.5,0.));
#2525 = ( GEOMETRIC_REPRESENTATION_CONTEXT(2) 
PARAMETRIC_REPRESENTATION_CONTEXT() REPRESENTATION_CONTEXT('2D SPACE',''
  ) );
#2526 = PCURVE('',#2527,#2532);
#2527 = PLANE('',#2528);
#2528 = AXIS2_PLACEMENT_3D('',#2529,#2530,#2531);
#2529 = CARTESIAN_POINT('',(0.,0.,-45.));
#2530 = DIRECTION('',(0.,0.,1.));
#2531 = DIRECTION('',(1.,0.,0.));
#2532 = DEFINITIONAL_REPRESENTATION('',(#2533),#2536);
#2533 = B_SPLINE_CURVE_WITH_KNOTS('',1,(#2534,#2535),.UNSPECIFIED.,.F.,
  .F.,(2,2),(-12.,0.),.PIECEWISE_BEZIER_KNOTS.);
#2534 = CARTESIAN_POINT('',(-12.,1.));
#2535 = CARTESIAN_POINT('',(1.224646799147E-16,1.));
#2536 = ( GEOMETRIC_REPRESENTATION_CONTEXT(2) 
PARAMETRIC_REPRESENTATION_CONTEXT() REPRESENTATION_CONTEXT('2D SPACE',''
  ) );
#2537 = ORIENTED_EDGE('',*,*,#2538,.T.);
#2538 = EDGE_CURVE('',#2513,#2393,#2539,.T.);
#2539 = SURFACE_CURVE('',#2540,(#2544,#2550),.PCURVE_S1.);
#2540 = LINE('',#2541,#2542);
#2541 = CARTESIAN_POINT('',(-8.944271909999,1.,-45.));
#2542 = VECTOR('',#2543,1.);
#2543 = DIRECTION('',(0.,0.,1.));
#2544 = PCURVE('',#412,#2545);
#2545 = DEFINITIONAL_REPRESENTATION('',(#2546),#2549);
#2546 = B_SPLINE_CURVE_WITH_KNOTS('',1,(#2547,#2548),.UNSPECIFIED.,.F.,
  .F.,(2,2),(-5.999999999062E-07,64.2),.PIECEWISE_BEZIER_KNOTS.);
#2547 = CARTESIAN_POINT('',(53.4999994,8.944271909999));
#2548 = CARTESIAN_POINT('',(117.7,8.944271909999));
#2549 = ( GEOMETRIC_REPRESENTATION_CONTEXT(2) 
PARAMETRIC_REPRESENTATION_CONTEXT() REPRESENTATION_CONTEXT('2D SPACE',''
  ) );
#2550 = PCURVE('',#758,#2551);
#2551 = DEFINITIONAL_REPRESENTATION('',(#2552),#2555);
#2552 = B_SPLINE_CURVE_WITH_KNOTS('',1,(#2553,#2554),.UNSPECIFIED.,.F.,
  .F.,(2,2),(-5.999999999062E-07,64.2),.PIECEWISE_BEZIER_KNOTS.);
#2553 = CARTESIAN_POINT('',(3.030251639249,-5.999999999062E-07));
#2554 = CARTESIAN_POINT('',(3.030251639249,64.2));
#2555 = ( GEOMETRIC_REPRESENTATION_CONTEXT(2) 
PARAMETRIC_REPRESENTATION_CONTEXT() REPRESENTATION_CONTEXT('2D SPACE',''
  ) );
#2556 = ORIENTED_EDGE('',*,*,#2416,.T.);
#2557 = ORIENTED_EDGE('',*,*,#397,.F.);
#2558 = ORIENTED_EDGE('',*,*,#1402,.F.);
#2559 = ADVANCED_FACE('',(#2560),#362,.F.);
#2560 = FACE_BOUND('',#2561,.F.);
#2561 = EDGE_LOOP('',(#2562,#2585,#2606,#2627,#2648,#2669,#2690,#2691));
#2562 = ORIENTED_EDGE('',*,*,#2563,.F.);
#2563 = EDGE_CURVE('',#2564,#1423,#2566,.T.);
#2564 = VERTEX_POINT('',#2565);
#2565 = CARTESIAN_POINT('',(-8.366025403784,12.490381056767,0.));
#2566 = SURFACE_CURVE('',#2567,(#2571,#2578),.PCURVE_S1.);
#2567 = LINE('',#2568,#2569);
#2568 = CARTESIAN_POINT('',(-8.366025403784,12.490381056767,-98.5));
#2569 = VECTOR('',#2570,1.);
#2570 = DIRECTION('',(0.,0.,1.));
#2571 = PCURVE('',#362,#2572);
#2572 = DEFINITIONAL_REPRESENTATION('',(#2573),#2577);
#2573 = LINE('',#2574,#2575);
#2574 = CARTESIAN_POINT('',(0.,15.));
#2575 = VECTOR('',#2576,1.);
#2576 = DIRECTION('',(1.,0.));
#2577 = ( GEOMETRIC_REPRESENTATION_CONTEXT(2) 
PARAMETRIC_REPRESENTATION_CONTEXT() REPRESENTATION_CONTEXT('2D SPACE',''
  ) );
#2578 = PCURVE('',#1458,#2579);
#2579 = DEFINITIONAL_REPRESENTATION('',(#2580),#2584);
#2580 = LINE('',#2581,#2582);
#2581 = CARTESIAN_POINT('',(0.,-2.));
#2582 = VECTOR('',#2583,1.);
#2583 = DIRECTION('',(1.,0.));
#2584 = ( GEOMETRIC_REPRESENTATION_CONTEXT(2) 
PARAMETRIC_REPRESENTATION_CONTEXT() REPRESENTATION_CONTEXT('2D SPACE',''
  ) );
#2585 = ORIENTED_EDGE('',*,*,#2586,.T.);
#2586 = EDGE_CURVE('',#2564,#2587,#2589,.T.);
#2587 = VERTEX_POINT('',#2588);
#2588 = CARTESIAN_POINT('',(-6.845155775335,9.856157588604,0.));
#2589 = SURFACE_CURVE('',#2590,(#2594,#2600),.PCURVE_S1.);
#2590 = LINE('',#2591,#2592);
#2591 = CARTESIAN_POINT('',(-0.866025403784,-0.5,1.42108547152E-14));
#2592 = VECTOR('',#2593,1.);
#2593 = DIRECTION('',(0.5,-0.866025403784,0.));
#2594 = PCURVE('',#362,#2595);
#2595 = DEFINITIONAL_REPRESENTATION('',(#2596),#2599);
#2596 = B_SPLINE_CURVE_WITH_KNOTS('',1,(#2597,#2598),.UNSPECIFIED.,.F.,
  .F.,(2,2),(-15.,5.551115123126E-17),.PIECEWISE_BEZIER_KNOTS.);
#2597 = CARTESIAN_POINT('',(98.5,15.));
#2598 = CARTESIAN_POINT('',(98.5,0.));
#2599 = ( GEOMETRIC_REPRESENTATION_CONTEXT(2) 
PARAMETRIC_REPRESENTATION_CONTEXT() REPRESENTATION_CONTEXT('2D SPACE',''
  ) );
#2600 = PCURVE('',#886,#2601);
#2601 = DEFINITIONAL_REPRESENTATION('',(#2602),#2605);
#2602 = B_SPLINE_CURVE_WITH_KNOTS('',1,(#2603,#2604),.UNSPECIFIED.,.F.,
  .F.,(2,2),(-15.,5.551115123126E-17),.PIECEWISE_BEZIER_KNOTS.);
#2603 = CARTESIAN_POINT('',(-8.366025403784,12.490381056767));
#2604 = CARTESIAN_POINT('',(-0.866025403784,-0.5));
#2605 = ( GEOMETRIC_REPRESENTATION_CONTEXT(2) 
PARAMETRIC_REPRESENTATION_CONTEXT() REPRESENTATION_CONTEXT('2D SPACE',''
  ) );
#2606 = ORIENTED_EDGE('',*,*,#2607,.F.);
#2607 = EDGE_CURVE('',#2608,#2587,#2610,.T.);
#2608 = VERTEX_POINT('',#2609);
#2609 = CARTESIAN_POINT('',(-6.845155775335,9.856157588604,-45.));
#2610 = SURFACE_CURVE('',#2611,(#2615,#2621),.PCURVE_S1.);
#2611 = LINE('',#2612,#2613);
#2612 = CARTESIAN_POINT('',(-6.845155775335,9.856157588604,-45.));
#2613 = VECTOR('',#2614,1.);
#2614 = DIRECTION('',(0.,0.,1.));
#2615 = PCURVE('',#362,#2616);
#2616 = DEFINITIONAL_REPRESENTATION('',(#2617),#2620);
#2617 = B_SPLINE_CURVE_WITH_KNOTS('',1,(#2618,#2619),.UNSPECIFIED.,.F.,
  .F.,(2,2),(-5.999999999062E-07,45.0000006),.PIECEWISE_BEZIER_KNOTS.);
#2618 = CARTESIAN_POINT('',(53.4999994,11.958260743101));
#2619 = CARTESIAN_POINT('',(98.5000006,11.958260743101));
#2620 = ( GEOMETRIC_REPRESENTATION_CONTEXT(2) 
PARAMETRIC_REPRESENTATION_CONTEXT() REPRESENTATION_CONTEXT('2D SPACE',''
  ) );
#2621 = PCURVE('',#2501,#2622);
#2622 = DEFINITIONAL_REPRESENTATION('',(#2623),#2626);
#2623 = B_SPLINE_CURVE_WITH_KNOTS('',1,(#2624,#2625),.UNSPECIFIED.,.F.,
  .F.,(2,2),(-5.999999999062E-07,45.0000006),.PIECEWISE_BEZIER_KNOTS.);
#2624 = CARTESIAN_POINT('',(2.177825189004,-5.999999999062E-07));
#2625 = CARTESIAN_POINT('',(2.177825189004,45.0000006));
#2626 = ( GEOMETRIC_REPRESENTATION_CONTEXT(2) 
PARAMETRIC_REPRESENTATION_CONTEXT() REPRESENTATION_CONTEXT('2D SPACE',''
  ) );
#2627 = ORIENTED_EDGE('',*,*,#2628,.T.);
#2628 = EDGE_CURVE('',#2608,#2629,#2631,.T.);
#2629 = VERTEX_POINT('',#2630);
#2630 = CARTESIAN_POINT('',(-5.338161358784,7.245966692415,-45.));
#2631 = SURFACE_CURVE('',#2632,(#2636,#2642),.PCURVE_S1.);
#2632 = LINE('',#2633,#2634);
#2633 = CARTESIAN_POINT('',(-0.866025403784,-0.5,-45.));
#2634 = VECTOR('',#2635,1.);
#2635 = DIRECTION('',(0.5,-0.866025403784,0.));
#2636 = PCURVE('',#362,#2637);
#2637 = DEFINITIONAL_REPRESENTATION('',(#2638),#2641);
#2638 = B_SPLINE_CURVE_WITH_KNOTS('',1,(#2639,#2640),.UNSPECIFIED.,.F.,
  .F.,(2,2),(-14.43375672974,5.551115123126E-17),
  .PIECEWISE_BEZIER_KNOTS.);
#2639 = CARTESIAN_POINT('',(53.5,14.433756729741));
#2640 = CARTESIAN_POINT('',(53.5,0.));
#2641 = ( GEOMETRIC_REPRESENTATION_CONTEXT(2) 
PARAMETRIC_REPRESENTATION_CONTEXT() REPRESENTATION_CONTEXT('2D SPACE',''
  ) );
#2642 = PCURVE('',#2527,#2643);
#2643 = DEFINITIONAL_REPRESENTATION('',(#2644),#2647);
#2644 = B_SPLINE_CURVE_WITH_KNOTS('',1,(#2645,#2646),.UNSPECIFIED.,.F.,
  .F.,(2,2),(-14.43375672974,5.551115123126E-17),
  .PIECEWISE_BEZIER_KNOTS.);
#2645 = CARTESIAN_POINT('',(-8.082903768655,12.));
#2646 = CARTESIAN_POINT('',(-0.866025403784,-0.5));
#2647 = ( GEOMETRIC_REPRESENTATION_CONTEXT(2) 
PARAMETRIC_REPRESENTATION_CONTEXT() REPRESENTATION_CONTEXT('2D SPACE',''
  ) );
#2648 = ORIENTED_EDGE('',*,*,#2649,.T.);
#2649 = EDGE_CURVE('',#2629,#2650,#2652,.T.);
#2650 = VERTEX_POINT('',#2651);
#2651 = CARTESIAN_POINT('',(-5.338161358784,7.245966692415,8.5));
#2652 = SURFACE_CURVE('',#2653,(#2657,#2663),.PCURVE_S1.);
#2653 = LINE('',#2654,#2655);
#2654 = CARTESIAN_POINT('',(-5.338161358784,7.245966692415,-45.));
#2655 = VECTOR('',#2656,1.);
#2656 = DIRECTION('',(0.,0.,1.));
#2657 = PCURVE('',#362,#2658);
#2658 = DEFINITIONAL_REPRESENTATION('',(#2659),#2662);
#2659 = B_SPLINE_CURVE_WITH_KNOTS('',1,(#2660,#2661),.UNSPECIFIED.,.F.,
  .F.,(2,2),(-5.999999999062E-07,64.2),.PIECEWISE_BEZIER_KNOTS.);
#2660 = CARTESIAN_POINT('',(53.4999994,8.944271909999));
#2661 = CARTESIAN_POINT('',(117.7,8.944271909999));
#2662 = ( GEOMETRIC_REPRESENTATION_CONTEXT(2) 
PARAMETRIC_REPRESENTATION_CONTEXT() REPRESENTATION_CONTEXT('2D SPACE',''
  ) );
#2663 = PCURVE('',#758,#2664);
#2664 = DEFINITIONAL_REPRESENTATION('',(#2665),#2668);
#2665 = B_SPLINE_CURVE_WITH_KNOTS('',1,(#2666,#2667),.UNSPECIFIED.,.F.,
  .F.,(2,2),(-5.999999999062E-07,64.2),.PIECEWISE_BEZIER_KNOTS.);
#2666 = CARTESIAN_POINT('',(2.205736116734,-5.999999999062E-07));
#2667 = CARTESIAN_POINT('',(2.205736116734,64.2));
#2668 = ( GEOMETRIC_REPRESENTATION_CONTEXT(2) 
PARAMETRIC_REPRESENTATION_CONTEXT() REPRESENTATION_CONTEXT('2D SPACE',''
  ) );
#2669 = ORIENTED_EDGE('',*,*,#2670,.T.);
#2670 = EDGE_CURVE('',#2650,#319,#2671,.T.);
#2671 = SURFACE_CURVE('',#2672,(#2676,#2683),.PCURVE_S1.);
#2672 = LINE('',#2673,#2674);
#2673 = CARTESIAN_POINT('',(-0.866025403784,-0.5,8.5));
#2674 = VECTOR('',#2675,1.);
#2675 = DIRECTION('',(-0.5,0.866025403784,0.));
#2676 = PCURVE('',#362,#2677);
#2677 = DEFINITIONAL_REPRESENTATION('',(#2678),#2682);
#2678 = LINE('',#2679,#2680);
#2679 = CARTESIAN_POINT('',(107.,0.));
#2680 = VECTOR('',#2681,1.);
#2681 = DIRECTION('',(0.,1.));
#2682 = ( GEOMETRIC_REPRESENTATION_CONTEXT(2) 
PARAMETRIC_REPRESENTATION_CONTEXT() REPRESENTATION_CONTEXT('2D SPACE',''
  ) );
#2683 = PCURVE('',#335,#2684);
#2684 = DEFINITIONAL_REPRESENTATION('',(#2685),#2689);
#2685 = LINE('',#2686,#2687);
#2686 = CARTESIAN_POINT('',(0.,2.));
#2687 = VECTOR('',#2688,1.);
#2688 = DIRECTION('',(1.,0.));
#2689 = ( GEOMETRIC_REPRESENTATION_CONTEXT(2) 
PARAMETRIC_REPRESENTATION_CONTEXT() REPRESENTATION_CONTEXT('2D SPACE',''
  ) );
#2690 = ORIENTED_EDGE('',*,*,#347,.F.);
#2691 = ORIENTED_EDGE('',*,*,#1422,.F.);
#2692 = ADVANCED_FACE('',(#2693),#335,.F.);
#2693 = FACE_BOUND('',#2694,.F.);
#2694 = EDGE_LOOP('',(#2695,#2719,#2740,#2741));
#2695 = ORIENTED_EDGE('',*,*,#2696,.F.);
#2696 = EDGE_CURVE('',#2697,#2650,#2699,.T.);
#2697 = VERTEX_POINT('',#2698);
#2698 = CARTESIAN_POINT('',(-3.606110551215,8.245966692415,8.5));
#2699 = SURFACE_CURVE('',#2700,(#2705,#2712),.PCURVE_S1.);
#2700 = CIRCLE('',#2701,9.);
#2701 = AXIS2_PLACEMENT_3D('',#2702,#2703,#2704);
#2702 = CARTESIAN_POINT('',(0.,0.,8.5));
#2703 = DIRECTION('',(0.,0.,1.));
#2704 = DIRECTION('',(1.,0.,-0.));
#2705 = PCURVE('',#335,#2706);
#2706 = DEFINITIONAL_REPRESENTATION('',(#2707),#2711);
#2707 = CIRCLE('',#2708,9.);
#2708 = AXIS2_PLACEMENT_2D('',#2709,#2710);
#2709 = CARTESIAN_POINT('',(-5.551115123126E-17,1.));
#2710 = DIRECTION('',(-0.5,-0.866025403784));
#2711 = ( GEOMETRIC_REPRESENTATION_CONTEXT(2) 
PARAMETRIC_REPRESENTATION_CONTEXT() REPRESENTATION_CONTEXT('2D SPACE',''
  ) );
#2712 = PCURVE('',#758,#2713);
#2713 = DEFINITIONAL_REPRESENTATION('',(#2714),#2718);
#2714 = LINE('',#2715,#2716);
#2715 = CARTESIAN_POINT('',(0.,53.5));
#2716 = VECTOR('',#2717,1.);
#2717 = DIRECTION('',(1.,0.));
#2718 = ( GEOMETRIC_REPRESENTATION_CONTEXT(2) 
PARAMETRIC_REPRESENTATION_CONTEXT() REPRESENTATION_CONTEXT('2D SPACE',''
  ) );
#2719 = ORIENTED_EDGE('',*,*,#2720,.T.);
#2720 = EDGE_CURVE('',#2697,#293,#2721,.T.);
#2721 = SURFACE_CURVE('',#2722,(#2726,#2733),.PCURVE_S1.);
#2722 = LINE('',#2723,#2724);
#2723 = CARTESIAN_POINT('',(0.866025403784,0.5,8.5));
#2724 = VECTOR('',#2725,1.);
#2725 = DIRECTION('',(-0.5,0.866025403784,0.));
#2726 = PCURVE('',#335,#2727);
#2727 = DEFINITIONAL_REPRESENTATION('',(#2728),#2732);
#2728 = LINE('',#2729,#2730);
#2729 = CARTESIAN_POINT('',(0.,0.));
#2730 = VECTOR('',#2731,1.);
#2731 = DIRECTION('',(1.,0.));
#2732 = ( GEOMETRIC_REPRESENTATION_CONTEXT(2) 
PARAMETRIC_REPRESENTATION_CONTEXT() REPRESENTATION_CONTEXT('2D SPACE',''
  ) );
#2733 = PCURVE('',#307,#2734);
#2734 = DEFINITIONAL_REPRESENTATION('',(#2735),#2739);
#2735 = LINE('',#2736,#2737);
#2736 = CARTESIAN_POINT('',(107.,0.));
#2737 = VECTOR('',#2738,1.);
#2738 = DIRECTION('',(0.,1.));
#2739 = ( GEOMETRIC_REPRESENTATION_CONTEXT(2) 
PARAMETRIC_REPRESENTATION_CONTEXT() REPRESENTATION_CONTEXT('2D SPACE',''
  ) );
#2740 = ORIENTED_EDGE('',*,*,#318,.T.);
#2741 = ORIENTED_EDGE('',*,*,#2670,.F.);
#2742 = ADVANCED_FACE('',(#2743),#307,.T.);
#2743 = FACE_BOUND('',#2744,.T.);
#2744 = EDGE_LOOP('',(#2745,#2768,#2789,#2815,#2841,#2860,#2861,#2862));
#2745 = ORIENTED_EDGE('',*,*,#2746,.F.);
#2746 = EDGE_CURVE('',#2747,#1444,#2749,.T.);
#2747 = VERTEX_POINT('',#2748);
#2748 = CARTESIAN_POINT('',(-6.633974596216,13.490381056767,0.));
#2749 = SURFACE_CURVE('',#2750,(#2754,#2761),.PCURVE_S1.);
#2750 = LINE('',#2751,#2752);
#2751 = CARTESIAN_POINT('',(-6.633974596216,13.490381056767,-98.5));
#2752 = VECTOR('',#2753,1.);
#2753 = DIRECTION('',(0.,0.,1.));
#2754 = PCURVE('',#307,#2755);
#2755 = DEFINITIONAL_REPRESENTATION('',(#2756),#2760);
#2756 = LINE('',#2757,#2758);
#2757 = CARTESIAN_POINT('',(0.,15.));
#2758 = VECTOR('',#2759,1.);
#2759 = DIRECTION('',(1.,0.));
#2760 = ( GEOMETRIC_REPRESENTATION_CONTEXT(2) 
PARAMETRIC_REPRESENTATION_CONTEXT() REPRESENTATION_CONTEXT('2D SPACE',''
  ) );
#2761 = PCURVE('',#1458,#2762);
#2762 = DEFINITIONAL_REPRESENTATION('',(#2763),#2767);
#2763 = LINE('',#2764,#2765);
#2764 = CARTESIAN_POINT('',(0.,0.));
#2765 = VECTOR('',#2766,1.);
#2766 = DIRECTION('',(1.,0.));
#2767 = ( GEOMETRIC_REPRESENTATION_CONTEXT(2) 
PARAMETRIC_REPRESENTATION_CONTEXT() REPRESENTATION_CONTEXT('2D SPACE',''
  ) );
#2768 = ORIENTED_EDGE('',*,*,#2769,.T.);
#2769 = EDGE_CURVE('',#2747,#2770,#2772,.T.);
#2770 = VERTEX_POINT('',#2771);
#2771 = CARTESIAN_POINT('',(-5.113104967766,10.856157588604,0.));
#2772 = SURFACE_CURVE('',#2773,(#2777,#2783),.PCURVE_S1.);
#2773 = LINE('',#2774,#2775);
#2774 = CARTESIAN_POINT('',(0.866025403784,0.5,1.42108547152E-14));
#2775 = VECTOR('',#2776,1.);
#2776 = DIRECTION('',(0.5,-0.866025403784,0.));
#2777 = PCURVE('',#307,#2778);
#2778 = DEFINITIONAL_REPRESENTATION('',(#2779),#2782);
#2779 = B_SPLINE_CURVE_WITH_KNOTS('',1,(#2780,#2781),.UNSPECIFIED.,.F.,
  .F.,(2,2),(-15.,-5.551115123126E-17),.PIECEWISE_BEZIER_KNOTS.);
#2780 = CARTESIAN_POINT('',(98.5,15.));
#2781 = CARTESIAN_POINT('',(98.5,0.));
#2782 = ( GEOMETRIC_REPRESENTATION_CONTEXT(2) 
PARAMETRIC_REPRESENTATION_CONTEXT() REPRESENTATION_CONTEXT('2D SPACE',''
  ) );
#2783 = PCURVE('',#886,#2784);
#2784 = DEFINITIONAL_REPRESENTATION('',(#2785),#2788);
#2785 = B_SPLINE_CURVE_WITH_KNOTS('',1,(#2786,#2787),.UNSPECIFIED.,.F.,
  .F.,(2,2),(-15.,-5.551115123126E-17),.PIECEWISE_BEZIER_KNOTS.);
#2786 = CARTESIAN_POINT('',(-6.633974596216,13.490381056767));
#2787 = CARTESIAN_POINT('',(0.866025403784,0.5));
#2788 = ( GEOMETRIC_REPRESENTATION_CONTEXT(2) 
PARAMETRIC_REPRESENTATION_CONTEXT() REPRESENTATION_CONTEXT('2D SPACE',''
  ) );
#2789 = ORIENTED_EDGE('',*,*,#2790,.F.);
#2790 = EDGE_CURVE('',#2791,#2770,#2793,.T.);
#2791 = VERTEX_POINT('',#2792);
#2792 = CARTESIAN_POINT('',(-5.113104967766,10.856157588604,-45.));
#2793 = SURFACE_CURVE('',#2794,(#2798,#2804),.PCURVE_S1.);
#2794 = LINE('',#2795,#2796);
#2795 = CARTESIAN_POINT('',(-5.113104967766,10.856157588604,-45.));
#2796 = VECTOR('',#2797,1.);
#2797 = DIRECTION('',(0.,0.,1.));
#2798 = PCURVE('',#307,#2799);
#2799 = DEFINITIONAL_REPRESENTATION('',(#2800),#2803);
#2800 = B_SPLINE_CURVE_WITH_KNOTS('',1,(#2801,#2802),.UNSPECIFIED.,.F.,
  .F.,(2,2),(-5.999999999062E-07,45.0000006),.PIECEWISE_BEZIER_KNOTS.);
#2801 = CARTESIAN_POINT('',(53.4999994,11.958260743101));
#2802 = CARTESIAN_POINT('',(98.5000006,11.958260743101));
#2803 = ( GEOMETRIC_REPRESENTATION_CONTEXT(2) 
PARAMETRIC_REPRESENTATION_CONTEXT() REPRESENTATION_CONTEXT('2D SPACE',''
  ) );
#2804 = PCURVE('',#2805,#2810);
#2805 = CYLINDRICAL_SURFACE('',#2806,12.);
#2806 = AXIS2_PLACEMENT_3D('',#2807,#2808,#2809);
#2807 = CARTESIAN_POINT('',(0.,0.,-45.));
#2808 = DIRECTION('',(0.,0.,1.));
#2809 = DIRECTION('',(1.,0.,0.));
#2810 = DEFINITIONAL_REPRESENTATION('',(#2811),#2814);
#2811 = B_SPLINE_CURVE_WITH_KNOTS('',1,(#2812,#2813),.UNSPECIFIED.,.F.,
  .F.,(2,2),(-5.999999999062E-07,45.0000006),.PIECEWISE_BEZIER_KNOTS.);
#2812 = CARTESIAN_POINT('',(2.010965015783,-5.999999999062E-07));
#2813 = CARTESIAN_POINT('',(2.010965015783,45.0000006));
#2814 = ( GEOMETRIC_REPRESENTATION_CONTEXT(2) 
PARAMETRIC_REPRESENTATION_CONTEXT() REPRESENTATION_CONTEXT('2D SPACE',''
  ) );
#2815 = ORIENTED_EDGE('',*,*,#2816,.T.);
#2816 = EDGE_CURVE('',#2791,#2817,#2819,.T.);
#2817 = VERTEX_POINT('',#2818);
#2818 = CARTESIAN_POINT('',(-3.606110551215,8.245966692415,-45.));
#2819 = SURFACE_CURVE('',#2820,(#2824,#2830),.PCURVE_S1.);
#2820 = LINE('',#2821,#2822);
#2821 = CARTESIAN_POINT('',(0.866025403784,0.5,-45.));
#2822 = VECTOR('',#2823,1.);
#2823 = DIRECTION('',(0.5,-0.866025403784,0.));
#2824 = PCURVE('',#307,#2825);
#2825 = DEFINITIONAL_REPRESENTATION('',(#2826),#2829);
#2826 = B_SPLINE_CURVE_WITH_KNOTS('',1,(#2827,#2828),.UNSPECIFIED.,.F.,
  .F.,(2,2),(-13.27905619136,-5.551115123126E-17),
  .PIECEWISE_BEZIER_KNOTS.);
#2827 = CARTESIAN_POINT('',(53.5,13.279056191361));
#2828 = CARTESIAN_POINT('',(53.5,0.));
#2829 = ( GEOMETRIC_REPRESENTATION_CONTEXT(2) 
PARAMETRIC_REPRESENTATION_CONTEXT() REPRESENTATION_CONTEXT('2D SPACE',''
  ) );
#2830 = PCURVE('',#2831,#2836);
#2831 = PLANE('',#2832);
#2832 = AXIS2_PLACEMENT_3D('',#2833,#2834,#2835);
#2833 = CARTESIAN_POINT('',(0.,0.,-45.));
#2834 = DIRECTION('',(0.,0.,1.));
#2835 = DIRECTION('',(1.,0.,0.));
#2836 = DEFINITIONAL_REPRESENTATION('',(#2837),#2840);
#2837 = B_SPLINE_CURVE_WITH_KNOTS('',1,(#2838,#2839),.UNSPECIFIED.,.F.,
  .F.,(2,2),(-13.27905619136,-5.551115123126E-17),
  .PIECEWISE_BEZIER_KNOTS.);
#2838 = CARTESIAN_POINT('',(-5.773502691896,12.));
#2839 = CARTESIAN_POINT('',(0.866025403784,0.5));
#2840 = ( GEOMETRIC_REPRESENTATION_CONTEXT(2) 
PARAMETRIC_REPRESENTATION_CONTEXT() REPRESENTATION_CONTEXT('2D SPACE',''
  ) );
#2841 = ORIENTED_EDGE('',*,*,#2842,.T.);
#2842 = EDGE_CURVE('',#2817,#2697,#2843,.T.);
#2843 = SURFACE_CURVE('',#2844,(#2848,#2854),.PCURVE_S1.);
#2844 = LINE('',#2845,#2846);
#2845 = CARTESIAN_POINT('',(-3.606110551215,8.245966692415,-45.));
#2846 = VECTOR('',#2847,1.);
#2847 = DIRECTION('',(0.,0.,1.));
#2848 = PCURVE('',#307,#2849);
#2849 = DEFINITIONAL_REPRESENTATION('',(#2850),#2853);
#2850 = B_SPLINE_CURVE_WITH_KNOTS('',1,(#2851,#2852),.UNSPECIFIED.,.F.,
  .F.,(2,2),(-5.999999999062E-07,64.2),.PIECEWISE_BEZIER_KNOTS.);
#2851 = CARTESIAN_POINT('',(53.4999994,8.944271909999));
#2852 = CARTESIAN_POINT('',(117.7,8.944271909999));
#2853 = ( GEOMETRIC_REPRESENTATION_CONTEXT(2) 
PARAMETRIC_REPRESENTATION_CONTEXT() REPRESENTATION_CONTEXT('2D SPACE',''
  ) );
#2854 = PCURVE('',#758,#2855);
#2855 = DEFINITIONAL_REPRESENTATION('',(#2856),#2859);
#2856 = B_SPLINE_CURVE_WITH_KNOTS('',1,(#2857,#2858),.UNSPECIFIED.,.F.,
  .F.,(2,2),(-5.999999999062E-07,64.2),.PIECEWISE_BEZIER_KNOTS.);
#2857 = CARTESIAN_POINT('',(1.983054088052,-5.999999999062E-07));
#2858 = CARTESIAN_POINT('',(1.983054088052,64.2));
#2859 = ( GEOMETRIC_REPRESENTATION_CONTEXT(2) 
PARAMETRIC_REPRESENTATION_CONTEXT() REPRESENTATION_CONTEXT('2D SPACE',''
  ) );
#2860 = ORIENTED_EDGE('',*,*,#2720,.T.);
#2861 = ORIENTED_EDGE('',*,*,#292,.F.);
#2862 = ORIENTED_EDGE('',*,*,#1469,.F.);
#2863 = ADVANCED_FACE('',(#2864),#257,.F.);
#2864 = FACE_BOUND('',#2865,.F.);
#2865 = EDGE_LOOP('',(#2866,#2889,#2910,#2931,#2952,#2973,#2994,#2995));
#2866 = ORIENTED_EDGE('',*,*,#2867,.F.);
#2867 = EDGE_CURVE('',#2868,#1490,#2870,.T.);
#2868 = VERTEX_POINT('',#2869);
#2869 = CARTESIAN_POINT('',(6.633974596216,13.490381056767,0.));
#2870 = SURFACE_CURVE('',#2871,(#2875,#2882),.PCURVE_S1.);
#2871 = LINE('',#2872,#2873);
#2872 = CARTESIAN_POINT('',(6.633974596216,13.490381056767,-98.5));
#2873 = VECTOR('',#2874,1.);
#2874 = DIRECTION('',(0.,0.,1.));
#2875 = PCURVE('',#257,#2876);
#2876 = DEFINITIONAL_REPRESENTATION('',(#2877),#2881);
#2877 = LINE('',#2878,#2879);
#2878 = CARTESIAN_POINT('',(0.,15.));
#2879 = VECTOR('',#2880,1.);
#2880 = DIRECTION('',(1.,0.));
#2881 = ( GEOMETRIC_REPRESENTATION_CONTEXT(2) 
PARAMETRIC_REPRESENTATION_CONTEXT() REPRESENTATION_CONTEXT('2D SPACE',''
  ) );
#2882 = PCURVE('',#1525,#2883);
#2883 = DEFINITIONAL_REPRESENTATION('',(#2884),#2888);
#2884 = LINE('',#2885,#2886);
#2885 = CARTESIAN_POINT('',(0.,-2.));
#2886 = VECTOR('',#2887,1.);
#2887 = DIRECTION('',(1.,0.));
#2888 = ( GEOMETRIC_REPRESENTATION_CONTEXT(2) 
PARAMETRIC_REPRESENTATION_CONTEXT() REPRESENTATION_CONTEXT('2D SPACE',''
  ) );
#2889 = ORIENTED_EDGE('',*,*,#2890,.T.);
#2890 = EDGE_CURVE('',#2868,#2891,#2893,.T.);
#2891 = VERTEX_POINT('',#2892);
#2892 = CARTESIAN_POINT('',(5.113104967766,10.856157588604,0.));
#2893 = SURFACE_CURVE('',#2894,(#2898,#2904),.PCURVE_S1.);
#2894 = LINE('',#2895,#2896);
#2895 = CARTESIAN_POINT('',(-0.866025403784,0.5,0.));
#2896 = VECTOR('',#2897,1.);
#2897 = DIRECTION('',(-0.5,-0.866025403784,0.));
#2898 = PCURVE('',#257,#2899);
#2899 = DEFINITIONAL_REPRESENTATION('',(#2900),#2903);
#2900 = B_SPLINE_CURVE_WITH_KNOTS('',1,(#2901,#2902),.UNSPECIFIED.,.F.,
  .F.,(2,2),(-15.,0.),.PIECEWISE_BEZIER_KNOTS.);
#2901 = CARTESIAN_POINT('',(98.5,15.));
#2902 = CARTESIAN_POINT('',(98.5,0.));
#2903 = ( GEOMETRIC_REPRESENTATION_CONTEXT(2) 
PARAMETRIC_REPRESENTATION_CONTEXT() REPRESENTATION_CONTEXT('2D SPACE',''
  ) );
#2904 = PCURVE('',#886,#2905);
#2905 = DEFINITIONAL_REPRESENTATION('',(#2906),#2909);
#2906 = B_SPLINE_CURVE_WITH_KNOTS('',1,(#2907,#2908),.UNSPECIFIED.,.F.,
  .F.,(2,2),(-15.,0.),.PIECEWISE_BEZIER_KNOTS.);
#2907 = CARTESIAN_POINT('',(6.633974596216,13.490381056767));
#2908 = CARTESIAN_POINT('',(-0.866025403784,0.5));
#2909 = ( GEOMETRIC_REPRESENTATION_CONTEXT(2) 
PARAMETRIC_REPRESENTATION_CONTEXT() REPRESENTATION_CONTEXT('2D SPACE',''
  ) );
#2910 = ORIENTED_EDGE('',*,*,#2911,.F.);
#2911 = EDGE_CURVE('',#2912,#2891,#2914,.T.);
#2912 = VERTEX_POINT('',#2913);
#2913 = CARTESIAN_POINT('',(5.113104967766,10.856157588604,-45.));
#2914 = SURFACE_CURVE('',#2915,(#2919,#2925),.PCURVE_S1.);
#2915 = LINE('',#2916,#2917);
#2916 = CARTESIAN_POINT('',(5.113104967766,10.856157588604,-45.));
#2917 = VECTOR('',#2918,1.);
#2918 = DIRECTION('',(0.,0.,1.));
#2919 = PCURVE('',#257,#2920);
#2920 = DEFINITIONAL_REPRESENTATION('',(#2921),#2924);
#2921 = B_SPLINE_CURVE_WITH_KNOTS('',1,(#2922,#2923),.UNSPECIFIED.,.F.,
  .F.,(2,2),(-5.999999999062E-07,45.0000006),.PIECEWISE_BEZIER_KNOTS.);
#2922 = CARTESIAN_POINT('',(53.4999994,11.958260743101));
#2923 = CARTESIAN_POINT('',(98.5000006,11.958260743101));
#2924 = ( GEOMETRIC_REPRESENTATION_CONTEXT(2) 
PARAMETRIC_REPRESENTATION_CONTEXT() REPRESENTATION_CONTEXT('2D SPACE',''
  ) );
#2925 = PCURVE('',#2805,#2926);
#2926 = DEFINITIONAL_REPRESENTATION('',(#2927),#2930);
#2927 = B_SPLINE_CURVE_WITH_KNOTS('',1,(#2928,#2929),.UNSPECIFIED.,.F.,
  .F.,(2,2),(-5.999999999062E-07,45.0000006),.PIECEWISE_BEZIER_KNOTS.);
#2928 = CARTESIAN_POINT('',(1.130627637807,-5.999999999062E-07));
#2929 = CARTESIAN_POINT('',(1.130627637807,45.0000006));
#2930 = ( GEOMETRIC_REPRESENTATION_CONTEXT(2) 
PARAMETRIC_REPRESENTATION_CONTEXT() REPRESENTATION_CONTEXT('2D SPACE',''
  ) );
#2931 = ORIENTED_EDGE('',*,*,#2932,.T.);
#2932 = EDGE_CURVE('',#2912,#2933,#2935,.T.);
#2933 = VERTEX_POINT('',#2934);
#2934 = CARTESIAN_POINT('',(3.606110551215,8.245966692415,-45.));
#2935 = SURFACE_CURVE('',#2936,(#2940,#2946),.PCURVE_S1.);
#2936 = LINE('',#2937,#2938);
#2937 = CARTESIAN_POINT('',(-0.866025403784,0.5,-45.));
#2938 = VECTOR('',#2939,1.);
#2939 = DIRECTION('',(-0.5,-0.866025403784,0.));
#2940 = PCURVE('',#257,#2941);
#2941 = DEFINITIONAL_REPRESENTATION('',(#2942),#2945);
#2942 = B_SPLINE_CURVE_WITH_KNOTS('',1,(#2943,#2944),.UNSPECIFIED.,.F.,
  .F.,(2,2),(-13.27905619136,0.),.PIECEWISE_BEZIER_KNOTS.);
#2943 = CARTESIAN_POINT('',(53.5,13.279056191361));
#2944 = CARTESIAN_POINT('',(53.5,0.));
#2945 = ( GEOMETRIC_REPRESENTATION_CONTEXT(2) 
PARAMETRIC_REPRESENTATION_CONTEXT() REPRESENTATION_CONTEXT('2D SPACE',''
  ) );
#2946 = PCURVE('',#2831,#2947);
#2947 = DEFINITIONAL_REPRESENTATION('',(#2948),#2951);
#2948 = B_SPLINE_CURVE_WITH_KNOTS('',1,(#2949,#2950),.UNSPECIFIED.,.F.,
  .F.,(2,2),(-13.27905619136,0.),.PIECEWISE_BEZIER_KNOTS.);
#2949 = CARTESIAN_POINT('',(5.773502691896,12.));
#2950 = CARTESIAN_POINT('',(-0.866025403784,0.5));
#2951 = ( GEOMETRIC_REPRESENTATION_CONTEXT(2) 
PARAMETRIC_REPRESENTATION_CONTEXT() REPRESENTATION_CONTEXT('2D SPACE',''
  ) );
#2952 = ORIENTED_EDGE('',*,*,#2953,.T.);
#2953 = EDGE_CURVE('',#2933,#2954,#2956,.T.);
#2954 = VERTEX_POINT('',#2955);
#2955 = CARTESIAN_POINT('',(3.606110551215,8.245966692415,8.5));
#2956 = SURFACE_CURVE('',#2957,(#2961,#2967),.PCURVE_S1.);
#2957 = LINE('',#2958,#2959);
#2958 = CARTESIAN_POINT('',(3.606110551215,8.245966692415,-45.));
#2959 = VECTOR('',#2960,1.);
#2960 = DIRECTION('',(0.,0.,1.));
#2961 = PCURVE('',#257,#2962);
#2962 = DEFINITIONAL_REPRESENTATION('',(#2963),#2966);
#2963 = B_SPLINE_CURVE_WITH_KNOTS('',1,(#2964,#2965),.UNSPECIFIED.,.F.,
  .F.,(2,2),(-5.999999999062E-07,64.2),.PIECEWISE_BEZIER_KNOTS.);
#2964 = CARTESIAN_POINT('',(53.4999994,8.944271909999));
#2965 = CARTESIAN_POINT('',(117.7,8.944271909999));
#2966 = ( GEOMETRIC_REPRESENTATION_CONTEXT(2) 
PARAMETRIC_REPRESENTATION_CONTEXT() REPRESENTATION_CONTEXT('2D SPACE',''
  ) );
#2967 = PCURVE('',#758,#2968);
#2968 = DEFINITIONAL_REPRESENTATION('',(#2969),#2972);
#2969 = B_SPLINE_CURVE_WITH_KNOTS('',1,(#2970,#2971),.UNSPECIFIED.,.F.,
  .F.,(2,2),(-5.999999999062E-07,64.2),.PIECEWISE_BEZIER_KNOTS.);
#2970 = CARTESIAN_POINT('',(1.158538565538,-5.999999999062E-07));
#2971 = CARTESIAN_POINT('',(1.158538565538,64.2));
#2972 = ( GEOMETRIC_REPRESENTATION_CONTEXT(2) 
PARAMETRIC_REPRESENTATION_CONTEXT() REPRESENTATION_CONTEXT('2D SPACE',''
  ) );
#2973 = ORIENTED_EDGE('',*,*,#2974,.T.);
#2974 = EDGE_CURVE('',#2954,#214,#2975,.T.);
#2975 = SURFACE_CURVE('',#2976,(#2980,#2987),.PCURVE_S1.);
#2976 = LINE('',#2977,#2978);
#2977 = CARTESIAN_POINT('',(-0.866025403784,0.5,8.5));
#2978 = VECTOR('',#2979,1.);
#2979 = DIRECTION('',(0.5,0.866025403784,0.));
#2980 = PCURVE('',#257,#2981);
#2981 = DEFINITIONAL_REPRESENTATION('',(#2982),#2986);
#2982 = LINE('',#2983,#2984);
#2983 = CARTESIAN_POINT('',(107.,0.));
#2984 = VECTOR('',#2985,1.);
#2985 = DIRECTION('',(0.,1.));
#2986 = ( GEOMETRIC_REPRESENTATION_CONTEXT(2) 
PARAMETRIC_REPRESENTATION_CONTEXT() REPRESENTATION_CONTEXT('2D SPACE',''
  ) );
#2987 = PCURVE('',#230,#2988);
#2988 = DEFINITIONAL_REPRESENTATION('',(#2989),#2993);
#2989 = LINE('',#2990,#2991);
#2990 = CARTESIAN_POINT('',(0.,2.));
#2991 = VECTOR('',#2992,1.);
#2992 = DIRECTION('',(1.,0.));
#2993 = ( GEOMETRIC_REPRESENTATION_CONTEXT(2) 
PARAMETRIC_REPRESENTATION_CONTEXT() REPRESENTATION_CONTEXT('2D SPACE',''
  ) );
#2994 = ORIENTED_EDGE('',*,*,#242,.F.);
#2995 = ORIENTED_EDGE('',*,*,#1489,.F.);
#2996 = ADVANCED_FACE('',(#2997),#230,.F.);
#2997 = FACE_BOUND('',#2998,.F.);
#2998 = EDGE_LOOP('',(#2999,#3023,#3044,#3045));
#2999 = ORIENTED_EDGE('',*,*,#3000,.F.);
#3000 = EDGE_CURVE('',#3001,#2954,#3003,.T.);
#3001 = VERTEX_POINT('',#3002);
#3002 = CARTESIAN_POINT('',(5.338161358784,7.245966692415,8.5));
#3003 = SURFACE_CURVE('',#3004,(#3009,#3016),.PCURVE_S1.);
#3004 = CIRCLE('',#3005,9.);
#3005 = AXIS2_PLACEMENT_3D('',#3006,#3007,#3008);
#3006 = CARTESIAN_POINT('',(0.,0.,8.5));
#3007 = DIRECTION('',(0.,0.,1.));
#3008 = DIRECTION('',(1.,0.,-0.));
#3009 = PCURVE('',#230,#3010);
#3010 = DEFINITIONAL_REPRESENTATION('',(#3011),#3015);
#3011 = CIRCLE('',#3012,9.);
#3012 = AXIS2_PLACEMENT_2D('',#3013,#3014);
#3013 = CARTESIAN_POINT('',(0.,1.));
#3014 = DIRECTION('',(0.5,-0.866025403784));
#3015 = ( GEOMETRIC_REPRESENTATION_CONTEXT(2) 
PARAMETRIC_REPRESENTATION_CONTEXT() REPRESENTATION_CONTEXT('2D SPACE',''
  ) );
#3016 = PCURVE('',#758,#3017);
#3017 = DEFINITIONAL_REPRESENTATION('',(#3018),#3022);
#3018 = LINE('',#3019,#3020);
#3019 = CARTESIAN_POINT('',(0.,53.5));
#3020 = VECTOR('',#3021,1.);
#3021 = DIRECTION('',(1.,0.));
#3022 = ( GEOMETRIC_REPRESENTATION_CONTEXT(2) 
PARAMETRIC_REPRESENTATION_CONTEXT() REPRESENTATION_CONTEXT('2D SPACE',''
  ) );
#3023 = ORIENTED_EDGE('',*,*,#3024,.T.);
#3024 = EDGE_CURVE('',#3001,#188,#3025,.T.);
#3025 = SURFACE_CURVE('',#3026,(#3030,#3037),.PCURVE_S1.);
#3026 = LINE('',#3027,#3028);
#3027 = CARTESIAN_POINT('',(0.866025403784,-0.5,8.5));
#3028 = VECTOR('',#3029,1.);
#3029 = DIRECTION('',(0.5,0.866025403784,0.));
#3030 = PCURVE('',#230,#3031);
#3031 = DEFINITIONAL_REPRESENTATION('',(#3032),#3036);
#3032 = LINE('',#3033,#3034);
#3033 = CARTESIAN_POINT('',(0.,0.));
#3034 = VECTOR('',#3035,1.);
#3035 = DIRECTION('',(1.,0.));
#3036 = ( GEOMETRIC_REPRESENTATION_CONTEXT(2) 
PARAMETRIC_REPRESENTATION_CONTEXT() REPRESENTATION_CONTEXT('2D SPACE',''
  ) );
#3037 = PCURVE('',#202,#3038);
#3038 = DEFINITIONAL_REPRESENTATION('',(#3039),#3043);
#3039 = LINE('',#3040,#3041);
#3040 = CARTESIAN_POINT('',(107.,0.));
#3041 = VECTOR('',#3042,1.);
#3042 = DIRECTION('',(0.,1.));
#3043 = ( GEOMETRIC_REPRESENTATION_CONTEXT(2) 
PARAMETRIC_REPRESENTATION_CONTEXT() REPRESENTATION_CONTEXT('2D SPACE',''
  ) );
#3044 = ORIENTED_EDGE('',*,*,#213,.T.);
#3045 = ORIENTED_EDGE('',*,*,#2974,.F.);
#3046 = ADVANCED_FACE('',(#3047),#202,.T.);
#3047 = FACE_BOUND('',#3048,.T.);
#3048 = EDGE_LOOP('',(#3049,#3072,#3093,#3119,#3145,#3164,#3165,#3166));
#3049 = ORIENTED_EDGE('',*,*,#3050,.F.);
#3050 = EDGE_CURVE('',#3051,#1511,#3053,.T.);
#3051 = VERTEX_POINT('',#3052);
#3052 = CARTESIAN_POINT('',(8.366025403784,12.490381056767,0.));
#3053 = SURFACE_CURVE('',#3054,(#3058,#3065),.PCURVE_S1.);
#3054 = LINE('',#3055,#3056);
#3055 = CARTESIAN_POINT('',(8.366025403784,12.490381056767,-98.5));
#3056 = VECTOR('',#3057,1.);
#3057 = DIRECTION('',(0.,0.,1.));
#3058 = PCURVE('',#202,#3059);
#3059 = DEFINITIONAL_REPRESENTATION('',(#3060),#3064);
#3060 = LINE('',#3061,#3062);
#3061 = CARTESIAN_POINT('',(0.,15.));
#3062 = VECTOR('',#3063,1.);
#3063 = DIRECTION('',(1.,0.));
#3064 = ( GEOMETRIC_REPRESENTATION_CONTEXT(2) 
PARAMETRIC_REPRESENTATION_CONTEXT() REPRESENTATION_CONTEXT('2D SPACE',''
  ) );
#3065 = PCURVE('',#1525,#3066);
#3066 = DEFINITIONAL_REPRESENTATION('',(#3067),#3071);
#3067 = LINE('',#3068,#3069);
#3068 = CARTESIAN_POINT('',(0.,0.));
#3069 = VECTOR('',#3070,1.);
#3070 = DIRECTION('',(1.,0.));
#3071 = ( GEOMETRIC_REPRESENTATION_CONTEXT(2) 
PARAMETRIC_REPRESENTATION_CONTEXT() REPRESENTATION_CONTEXT('2D SPACE',''
  ) );
#3072 = ORIENTED_EDGE('',*,*,#3073,.T.);
#3073 = EDGE_CURVE('',#3051,#3074,#3076,.T.);
#3074 = VERTEX_POINT('',#3075);
#3075 = CARTESIAN_POINT('',(6.845155775335,9.856157588604,0.));
#3076 = SURFACE_CURVE('',#3077,(#3081,#3087),.PCURVE_S1.);
#3077 = LINE('',#3078,#3079);
#3078 = CARTESIAN_POINT('',(0.866025403784,-0.5,0.));
#3079 = VECTOR('',#3080,1.);
#3080 = DIRECTION('',(-0.5,-0.866025403784,0.));
#3081 = PCURVE('',#202,#3082);
#3082 = DEFINITIONAL_REPRESENTATION('',(#3083),#3086);
#3083 = B_SPLINE_CURVE_WITH_KNOTS('',1,(#3084,#3085),.UNSPECIFIED.,.F.,
  .F.,(2,2),(-15.,0.),.PIECEWISE_BEZIER_KNOTS.);
#3084 = CARTESIAN_POINT('',(98.5,15.));
#3085 = CARTESIAN_POINT('',(98.5,0.));
#3086 = ( GEOMETRIC_REPRESENTATION_CONTEXT(2) 
PARAMETRIC_REPRESENTATION_CONTEXT() REPRESENTATION_CONTEXT('2D SPACE',''
  ) );
#3087 = PCURVE('',#886,#3088);
#3088 = DEFINITIONAL_REPRESENTATION('',(#3089),#3092);
#3089 = B_SPLINE_CURVE_WITH_KNOTS('',1,(#3090,#3091),.UNSPECIFIED.,.F.,
  .F.,(2,2),(-15.,0.),.PIECEWISE_BEZIER_KNOTS.);
#3090 = CARTESIAN_POINT('',(8.366025403784,12.490381056767));
#3091 = CARTESIAN_POINT('',(0.866025403784,-0.5));
#3092 = ( GEOMETRIC_REPRESENTATION_CONTEXT(2) 
PARAMETRIC_REPRESENTATION_CONTEXT() REPRESENTATION_CONTEXT('2D SPACE',''
  ) );
#3093 = ORIENTED_EDGE('',*,*,#3094,.F.);
#3094 = EDGE_CURVE('',#3095,#3074,#3097,.T.);
#3095 = VERTEX_POINT('',#3096);
#3096 = CARTESIAN_POINT('',(6.845155775335,9.856157588604,-45.));
#3097 = SURFACE_CURVE('',#3098,(#3102,#3108),.PCURVE_S1.);
#3098 = LINE('',#3099,#3100);
#3099 = CARTESIAN_POINT('',(6.845155775335,9.856157588604,-45.));
#3100 = VECTOR('',#3101,1.);
#3101 = DIRECTION('',(0.,0.,1.));
#3102 = PCURVE('',#202,#3103);
#3103 = DEFINITIONAL_REPRESENTATION('',(#3104),#3107);
#3104 = B_SPLINE_CURVE_WITH_KNOTS('',1,(#3105,#3106),.UNSPECIFIED.,.F.,
  .F.,(2,2),(-5.999999999062E-07,45.0000006),.PIECEWISE_BEZIER_KNOTS.);
#3105 = CARTESIAN_POINT('',(53.4999994,11.958260743101));
#3106 = CARTESIAN_POINT('',(98.5000006,11.958260743101));
#3107 = ( GEOMETRIC_REPRESENTATION_CONTEXT(2) 
PARAMETRIC_REPRESENTATION_CONTEXT() REPRESENTATION_CONTEXT('2D SPACE',''
  ) );
#3108 = PCURVE('',#3109,#3114);
#3109 = CYLINDRICAL_SURFACE('',#3110,12.);
#3110 = AXIS2_PLACEMENT_3D('',#3111,#3112,#3113);
#3111 = CARTESIAN_POINT('',(0.,0.,-45.));
#3112 = DIRECTION('',(0.,0.,1.));
#3113 = DIRECTION('',(1.,0.,0.));
#3114 = DEFINITIONAL_REPRESENTATION('',(#3115),#3118);
#3115 = B_SPLINE_CURVE_WITH_KNOTS('',1,(#3116,#3117),.UNSPECIFIED.,.F.,
  .F.,(2,2),(-5.999999999062E-07,45.0000006),.PIECEWISE_BEZIER_KNOTS.);
#3116 = CARTESIAN_POINT('',(0.963767464586,-5.999999999062E-07));
#3117 = CARTESIAN_POINT('',(0.963767464586,45.0000006));
#3118 = ( GEOMETRIC_REPRESENTATION_CONTEXT(2) 
PARAMETRIC_REPRESENTATION_CONTEXT() REPRESENTATION_CONTEXT('2D SPACE',''
  ) );
#3119 = ORIENTED_EDGE('',*,*,#3120,.T.);
#3120 = EDGE_CURVE('',#3095,#3121,#3123,.T.);
#3121 = VERTEX_POINT('',#3122);
#3122 = CARTESIAN_POINT('',(5.338161358784,7.245966692415,-45.));
#3123 = SURFACE_CURVE('',#3124,(#3128,#3134),.PCURVE_S1.);
#3124 = LINE('',#3125,#3126);
#3125 = CARTESIAN_POINT('',(0.866025403784,-0.5,-45.));
#3126 = VECTOR('',#3127,1.);
#3127 = DIRECTION('',(-0.5,-0.866025403784,0.));
#3128 = PCURVE('',#202,#3129);
#3129 = DEFINITIONAL_REPRESENTATION('',(#3130),#3133);
#3130 = B_SPLINE_CURVE_WITH_KNOTS('',1,(#3131,#3132),.UNSPECIFIED.,.F.,
  .F.,(2,2),(-14.43375672974,0.),.PIECEWISE_BEZIER_KNOTS.);
#3131 = CARTESIAN_POINT('',(53.5,14.433756729741));
#3132 = CARTESIAN_POINT('',(53.5,0.));
#3133 = ( GEOMETRIC_REPRESENTATION_CONTEXT(2) 
PARAMETRIC_REPRESENTATION_CONTEXT() REPRESENTATION_CONTEXT('2D SPACE',''
  ) );
#3134 = PCURVE('',#3135,#3140);
#3135 = PLANE('',#3136);
#3136 = AXIS2_PLACEMENT_3D('',#3137,#3138,#3139);
#3137 = CARTESIAN_POINT('',(0.,0.,-45.));
#3138 = DIRECTION('',(0.,0.,1.));
#3139 = DIRECTION('',(1.,0.,0.));
#3140 = DEFINITIONAL_REPRESENTATION('',(#3141),#3144);
#3141 = B_SPLINE_CURVE_WITH_KNOTS('',1,(#3142,#3143),.UNSPECIFIED.,.F.,
  .F.,(2,2),(-14.43375672974,0.),.PIECEWISE_BEZIER_KNOTS.);
#3142 = CARTESIAN_POINT('',(8.082903768655,12.));
#3143 = CARTESIAN_POINT('',(0.866025403784,-0.5));
#3144 = ( GEOMETRIC_REPRESENTATION_CONTEXT(2) 
PARAMETRIC_REPRESENTATION_CONTEXT() REPRESENTATION_CONTEXT('2D SPACE',''
  ) );
#3145 = ORIENTED_EDGE('',*,*,#3146,.T.);
#3146 = EDGE_CURVE('',#3121,#3001,#3147,.T.);
#3147 = SURFACE_CURVE('',#3148,(#3152,#3158),.PCURVE_S1.);
#3148 = LINE('',#3149,#3150);
#3149 = CARTESIAN_POINT('',(5.338161358784,7.245966692415,-45.));
#3150 = VECTOR('',#3151,1.);
#3151 = DIRECTION('',(0.,0.,1.));
#3152 = PCURVE('',#202,#3153);
#3153 = DEFINITIONAL_REPRESENTATION('',(#3154),#3157);
#3154 = B_SPLINE_CURVE_WITH_KNOTS('',1,(#3155,#3156),.UNSPECIFIED.,.F.,
  .F.,(2,2),(-5.999999999062E-07,64.2),.PIECEWISE_BEZIER_KNOTS.);
#3155 = CARTESIAN_POINT('',(53.4999994,8.944271909999));
#3156 = CARTESIAN_POINT('',(117.7,8.944271909999));
#3157 = ( GEOMETRIC_REPRESENTATION_CONTEXT(2) 
PARAMETRIC_REPRESENTATION_CONTEXT() REPRESENTATION_CONTEXT('2D SPACE',''
  ) );
#3158 = PCURVE('',#758,#3159);
#3159 = DEFINITIONAL_REPRESENTATION('',(#3160),#3163);
#3160 = B_SPLINE_CURVE_WITH_KNOTS('',1,(#3161,#3162),.UNSPECIFIED.,.F.,
  .F.,(2,2),(-5.999999999062E-07,64.2),.PIECEWISE_BEZIER_KNOTS.);
#3161 = CARTESIAN_POINT('',(0.935856536856,-5.999999999062E-07));
#3162 = CARTESIAN_POINT('',(0.935856536856,64.2));
#3163 = ( GEOMETRIC_REPRESENTATION_CONTEXT(2) 
PARAMETRIC_REPRESENTATION_CONTEXT() REPRESENTATION_CONTEXT('2D SPACE',''
  ) );
#3164 = ORIENTED_EDGE('',*,*,#3024,.T.);
#3165 = ORIENTED_EDGE('',*,*,#187,.F.);
#3166 = ORIENTED_EDGE('',*,*,#1536,.F.);
#3167 = ADVANCED_FACE('',(#3168),#147,.F.);
#3168 = FACE_BOUND('',#3169,.F.);
#3169 = EDGE_LOOP('',(#3170,#3193,#3214,#3235,#3256,#3275,#3276,#3277));
#3170 = ORIENTED_EDGE('',*,*,#3171,.F.);
#3171 = EDGE_CURVE('',#3172,#1180,#3174,.T.);
#3172 = VERTEX_POINT('',#3173);
#3173 = CARTESIAN_POINT('',(15.,1.,0.));
#3174 = SURFACE_CURVE('',#3175,(#3179,#3186),.PCURVE_S1.);
#3175 = LINE('',#3176,#3177);
#3176 = CARTESIAN_POINT('',(15.,1.,-98.5));
#3177 = VECTOR('',#3178,1.);
#3178 = DIRECTION('',(0.,0.,1.));
#3179 = PCURVE('',#147,#3180);
#3180 = DEFINITIONAL_REPRESENTATION('',(#3181),#3185);
#3181 = LINE('',#3182,#3183);
#3182 = CARTESIAN_POINT('',(0.,15.));
#3183 = VECTOR('',#3184,1.);
#3184 = DIRECTION('',(1.,0.));
#3185 = ( GEOMETRIC_REPRESENTATION_CONTEXT(2) 
PARAMETRIC_REPRESENTATION_CONTEXT() REPRESENTATION_CONTEXT('2D SPACE',''
  ) );
#3186 = PCURVE('',#859,#3187);
#3187 = DEFINITIONAL_REPRESENTATION('',(#3188),#3192);
#3188 = LINE('',#3189,#3190);
#3189 = CARTESIAN_POINT('',(0.,-2.));
#3190 = VECTOR('',#3191,1.);
#3191 = DIRECTION('',(1.,0.));
#3192 = ( GEOMETRIC_REPRESENTATION_CONTEXT(2) 
PARAMETRIC_REPRESENTATION_CONTEXT() REPRESENTATION_CONTEXT('2D SPACE',''
  ) );
#3193 = ORIENTED_EDGE('',*,*,#3194,.T.);
#3194 = EDGE_CURVE('',#3172,#3195,#3197,.T.);
#3195 = VERTEX_POINT('',#3196);
#3196 = CARTESIAN_POINT('',(11.958260743101,1.,0.));
#3197 = SURFACE_CURVE('',#3198,(#3202,#3208),.PCURVE_S1.);
#3198 = LINE('',#3199,#3200);
#3199 = CARTESIAN_POINT('',(0.,1.,0.));
#3200 = VECTOR('',#3201,1.);
#3201 = DIRECTION('',(-1.,0.,0.));
#3202 = PCURVE('',#147,#3203);
#3203 = DEFINITIONAL_REPRESENTATION('',(#3204),#3207);
#3204 = B_SPLINE_CURVE_WITH_KNOTS('',1,(#3205,#3206),.UNSPECIFIED.,.F.,
  .F.,(2,2),(-15.,0.),.PIECEWISE_BEZIER_KNOTS.);
#3205 = CARTESIAN_POINT('',(98.5,15.));
#3206 = CARTESIAN_POINT('',(98.5,0.));
#3207 = ( GEOMETRIC_REPRESENTATION_CONTEXT(2) 
PARAMETRIC_REPRESENTATION_CONTEXT() REPRESENTATION_CONTEXT('2D SPACE',''
  ) );
#3208 = PCURVE('',#886,#3209);
#3209 = DEFINITIONAL_REPRESENTATION('',(#3210),#3213);
#3210 = B_SPLINE_CURVE_WITH_KNOTS('',1,(#3211,#3212),.UNSPECIFIED.,.F.,
  .F.,(2,2),(-15.,0.),.PIECEWISE_BEZIER_KNOTS.);
#3211 = CARTESIAN_POINT('',(15.,1.));
#3212 = CARTESIAN_POINT('',(0.,1.));
#3213 = ( GEOMETRIC_REPRESENTATION_CONTEXT(2) 
PARAMETRIC_REPRESENTATION_CONTEXT() REPRESENTATION_CONTEXT('2D SPACE',''
  ) );
#3214 = ORIENTED_EDGE('',*,*,#3215,.F.);
#3215 = EDGE_CURVE('',#3216,#3195,#3218,.T.);
#3216 = VERTEX_POINT('',#3217);
#3217 = CARTESIAN_POINT('',(11.958260743101,1.,-45.));
#3218 = SURFACE_CURVE('',#3219,(#3223,#3229),.PCURVE_S1.);
#3219 = LINE('',#3220,#3221);
#3220 = CARTESIAN_POINT('',(11.958260743101,1.,-45.));
#3221 = VECTOR('',#3222,1.);
#3222 = DIRECTION('',(0.,0.,1.));
#3223 = PCURVE('',#147,#3224);
#3224 = DEFINITIONAL_REPRESENTATION('',(#3225),#3228);
#3225 = B_SPLINE_CURVE_WITH_KNOTS('',1,(#3226,#3227),.UNSPECIFIED.,.F.,
  .F.,(2,2),(-5.999999999062E-07,45.0000006),.PIECEWISE_BEZIER_KNOTS.);
#3226 = CARTESIAN_POINT('',(53.4999994,11.958260743101));
#3227 = CARTESIAN_POINT('',(98.5000006,11.958260743101));
#3228 = ( GEOMETRIC_REPRESENTATION_CONTEXT(2) 
PARAMETRIC_REPRESENTATION_CONTEXT() REPRESENTATION_CONTEXT('2D SPACE',''
  ) );
#3229 = PCURVE('',#3109,#3230);
#3230 = DEFINITIONAL_REPRESENTATION('',(#3231),#3234);
#3231 = B_SPLINE_CURVE_WITH_KNOTS('',1,(#3232,#3233),.UNSPECIFIED.,.F.,
  .F.,(2,2),(-5.999999999062E-07,45.0000006),.PIECEWISE_BEZIER_KNOTS.);
#3232 = CARTESIAN_POINT('',(8.343008661062E-02,-5.999999999062E-07));
#3233 = CARTESIAN_POINT('',(8.343008661062E-02,45.0000006));
#3234 = ( GEOMETRIC_REPRESENTATION_CONTEXT(2) 
PARAMETRIC_REPRESENTATION_CONTEXT() REPRESENTATION_CONTEXT('2D SPACE',''
  ) );
#3235 = ORIENTED_EDGE('',*,*,#3236,.T.);
#3236 = EDGE_CURVE('',#3216,#3237,#3239,.T.);
#3237 = VERTEX_POINT('',#3238);
#3238 = CARTESIAN_POINT('',(8.944271909999,1.,-45.));
#3239 = SURFACE_CURVE('',#3240,(#3244,#3250),.PCURVE_S1.);
#3240 = LINE('',#3241,#3242);
#3241 = CARTESIAN_POINT('',(0.,1.,-45.));
#3242 = VECTOR('',#3243,1.);
#3243 = DIRECTION('',(-1.,0.,0.));
#3244 = PCURVE('',#147,#3245);
#3245 = DEFINITIONAL_REPRESENTATION('',(#3246),#3249);
#3246 = B_SPLINE_CURVE_WITH_KNOTS('',1,(#3247,#3248),.UNSPECIFIED.,.F.,
  .F.,(2,2),(-12.,0.),.PIECEWISE_BEZIER_KNOTS.);
#3247 = CARTESIAN_POINT('',(53.5,12.));
#3248 = CARTESIAN_POINT('',(53.5,0.));
#3249 = ( GEOMETRIC_REPRESENTATION_CONTEXT(2) 
PARAMETRIC_REPRESENTATION_CONTEXT() REPRESENTATION_CONTEXT('2D SPACE',''
  ) );
#3250 = PCURVE('',#3135,#3251);
#3251 = DEFINITIONAL_REPRESENTATION('',(#3252),#3255);
#3252 = B_SPLINE_CURVE_WITH_KNOTS('',1,(#3253,#3254),.UNSPECIFIED.,.F.,
  .F.,(2,2),(-12.,0.),.PIECEWISE_BEZIER_KNOTS.);
#3253 = CARTESIAN_POINT('',(12.,1.));
#3254 = CARTESIAN_POINT('',(0.,1.));
#3255 = ( GEOMETRIC_REPRESENTATION_CONTEXT(2) 
PARAMETRIC_REPRESENTATION_CONTEXT() REPRESENTATION_CONTEXT('2D SPACE',''
  ) );
#3256 = ORIENTED_EDGE('',*,*,#3257,.T.);
#3257 = EDGE_CURVE('',#3237,#794,#3258,.T.);
#3258 = SURFACE_CURVE('',#3259,(#3263,#3269),.PCURVE_S1.);
#3259 = LINE('',#3260,#3261);
#3260 = CARTESIAN_POINT('',(8.944271909999,1.,-45.));
#3261 = VECTOR('',#3262,1.);
#3262 = DIRECTION('',(0.,0.,1.));
#3263 = PCURVE('',#147,#3264);
#3264 = DEFINITIONAL_REPRESENTATION('',(#3265),#3268);
#3265 = B_SPLINE_CURVE_WITH_KNOTS('',1,(#3266,#3267),.UNSPECIFIED.,.F.,
  .F.,(2,2),(-5.999999999062E-07,64.2),.PIECEWISE_BEZIER_KNOTS.);
#3266 = CARTESIAN_POINT('',(53.4999994,8.944271909999));
#3267 = CARTESIAN_POINT('',(117.7,8.944271909999));
#3268 = ( GEOMETRIC_REPRESENTATION_CONTEXT(2) 
PARAMETRIC_REPRESENTATION_CONTEXT() REPRESENTATION_CONTEXT('2D SPACE',''
  ) );
#3269 = PCURVE('',#758,#3270);
#3270 = DEFINITIONAL_REPRESENTATION('',(#3271),#3274);
#3271 = B_SPLINE_CURVE_WITH_KNOTS('',1,(#3272,#3273),.UNSPECIFIED.,.F.,
  .F.,(2,2),(-5.999999999062E-07,64.2),.PIECEWISE_BEZIER_KNOTS.);
#3272 = CARTESIAN_POINT('',(0.111341014341,-5.999999999062E-07));
#3273 = CARTESIAN_POINT('',(0.111341014341,64.2));
#3274 = ( GEOMETRIC_REPRESENTATION_CONTEXT(2) 
PARAMETRIC_REPRESENTATION_CONTEXT() REPRESENTATION_CONTEXT('2D SPACE',''
  ) );
#3275 = ORIENTED_EDGE('',*,*,#793,.T.);
#3276 = ORIENTED_EDGE('',*,*,#132,.F.);
#3277 = ORIENTED_EDGE('',*,*,#1179,.F.);
#3278 = ADVANCED_FACE('',(#3279,#3282),#95,.T.);
#3279 = FACE_BOUND('',#3280,.T.);
#3280 = EDGE_LOOP('',(#3281));
#3281 = ORIENTED_EDGE('',*,*,#80,.T.);
#3282 = FACE_BOUND('',#3283,.T.);
#3283 = EDGE_LOOP('',(#3284));
#3284 = ORIENTED_EDGE('',*,*,#3285,.F.);
#3285 = EDGE_CURVE('',#3286,#3286,#3288,.T.);
#3286 = VERTEX_POINT('',#3287);
#3287 = CARTESIAN_POINT('',(9.,-2.204364238465E-15,60.));
#3288 = SURFACE_CURVE('',#3289,(#3294,#3301),.PCURVE_S1.);
#3289 = CIRCLE('',#3290,9.);
#3290 = AXIS2_PLACEMENT_3D('',#3291,#3292,#3293);
#3291 = CARTESIAN_POINT('',(0.,0.,60.));
#3292 = DIRECTION('',(0.,0.,1.));
#3293 = DIRECTION('',(1.,0.,-0.));
#3294 = PCURVE('',#95,#3295);
#3295 = DEFINITIONAL_REPRESENTATION('',(#3296),#3300);
#3296 = CIRCLE('',#3297,9.);
#3297 = AXIS2_PLACEMENT_2D('',#3298,#3299);
#3298 = CARTESIAN_POINT('',(0.,0.));
#3299 = DIRECTION('',(1.,0.));
#3300 = ( GEOMETRIC_REPRESENTATION_CONTEXT(2) 
PARAMETRIC_REPRESENTATION_CONTEXT() REPRESENTATION_CONTEXT('2D SPACE',''
  ) );
#3301 = PCURVE('',#758,#3302);
#3302 = DEFINITIONAL_REPRESENTATION('',(#3303),#3307);
#3303 = LINE('',#3304,#3305);
#3304 = CARTESIAN_POINT('',(0.,105.));
#3305 = VECTOR('',#3306,1.);
#3306 = DIRECTION('',(1.,0.));
#3307 = ( GEOMETRIC_REPRESENTATION_CONTEXT(2) 
PARAMETRIC_REPRESENTATION_CONTEXT() REPRESENTATION_CONTEXT('2D SPACE',''
  ) );
#3308 = ADVANCED_FACE('',(#3309),#758,.F.);
#3309 = FACE_BOUND('',#3310,.F.);
#3310 = EDGE_LOOP('',(#3311,#3332,#3333,#3334,#3335,#3336,#3358,#3359,
    #3360,#3361,#3383,#3384,#3385,#3386,#3408,#3409,#3410,#3411,#3433,
    #3434,#3435,#3436,#3458,#3459,#3460,#3461,#3483,#3484));
#3311 = ORIENTED_EDGE('',*,*,#3312,.T.);
#3312 = EDGE_CURVE('',#742,#3286,#3313,.T.);
#3313 = SEAM_CURVE('',#3314,(#3318,#3325),.PCURVE_S1.);
#3314 = LINE('',#3315,#3316);
#3315 = CARTESIAN_POINT('',(9.,-2.204364238465E-15,-45.));
#3316 = VECTOR('',#3317,1.);
#3317 = DIRECTION('',(0.,0.,1.));
#3318 = PCURVE('',#758,#3319);
#3319 = DEFINITIONAL_REPRESENTATION('',(#3320),#3324);
#3320 = LINE('',#3321,#3322);
#3321 = CARTESIAN_POINT('',(6.28318530718,-0.));
#3322 = VECTOR('',#3323,1.);
#3323 = DIRECTION('',(0.,1.));
#3324 = ( GEOMETRIC_REPRESENTATION_CONTEXT(2) 
PARAMETRIC_REPRESENTATION_CONTEXT() REPRESENTATION_CONTEXT('2D SPACE',''
  ) );
#3325 = PCURVE('',#758,#3326);
#3326 = DEFINITIONAL_REPRESENTATION('',(#3327),#3331);
#3327 = LINE('',#3328,#3329);
#3328 = CARTESIAN_POINT('',(0.,-0.));
#3329 = VECTOR('',#3330,1.);
#3330 = DIRECTION('',(0.,1.));
#3331 = ( GEOMETRIC_REPRESENTATION_CONTEXT(2) 
PARAMETRIC_REPRESENTATION_CONTEXT() REPRESENTATION_CONTEXT('2D SPACE',''
  ) );
#3332 = ORIENTED_EDGE('',*,*,#3285,.F.);
#3333 = ORIENTED_EDGE('',*,*,#3312,.F.);
#3334 = ORIENTED_EDGE('',*,*,#816,.T.);
#3335 = ORIENTED_EDGE('',*,*,#3257,.F.);
#3336 = ORIENTED_EDGE('',*,*,#3337,.T.);
#3337 = EDGE_CURVE('',#3237,#3121,#3338,.T.);
#3338 = SURFACE_CURVE('',#3339,(#3344,#3351),.PCURVE_S1.);
#3339 = CIRCLE('',#3340,9.);
#3340 = AXIS2_PLACEMENT_3D('',#3341,#3342,#3343);
#3341 = CARTESIAN_POINT('',(0.,0.,-45.));
#3342 = DIRECTION('',(0.,0.,1.));
#3343 = DIRECTION('',(1.,0.,0.));
#3344 = PCURVE('',#758,#3345);
#3345 = DEFINITIONAL_REPRESENTATION('',(#3346),#3350);
#3346 = LINE('',#3347,#3348);
#3347 = CARTESIAN_POINT('',(0.,0.));
#3348 = VECTOR('',#3349,1.);
#3349 = DIRECTION('',(1.,0.));
#3350 = ( GEOMETRIC_REPRESENTATION_CONTEXT(2) 
PARAMETRIC_REPRESENTATION_CONTEXT() REPRESENTATION_CONTEXT('2D SPACE',''
  ) );
#3351 = PCURVE('',#3135,#3352);
#3352 = DEFINITIONAL_REPRESENTATION('',(#3353),#3357);
#3353 = CIRCLE('',#3354,9.);
#3354 = AXIS2_PLACEMENT_2D('',#3355,#3356);
#3355 = CARTESIAN_POINT('',(0.,0.));
#3356 = DIRECTION('',(1.,0.));
#3357 = ( GEOMETRIC_REPRESENTATION_CONTEXT(2) 
PARAMETRIC_REPRESENTATION_CONTEXT() REPRESENTATION_CONTEXT('2D SPACE',''
  ) );
#3358 = ORIENTED_EDGE('',*,*,#3146,.T.);
#3359 = ORIENTED_EDGE('',*,*,#3000,.T.);
#3360 = ORIENTED_EDGE('',*,*,#2953,.F.);
#3361 = ORIENTED_EDGE('',*,*,#3362,.T.);
#3362 = EDGE_CURVE('',#2933,#2817,#3363,.T.);
#3363 = SURFACE_CURVE('',#3364,(#3369,#3376),.PCURVE_S1.);
#3364 = CIRCLE('',#3365,9.);
#3365 = AXIS2_PLACEMENT_3D('',#3366,#3367,#3368);
#3366 = CARTESIAN_POINT('',(0.,0.,-45.));
#3367 = DIRECTION('',(0.,0.,1.));
#3368 = DIRECTION('',(1.,0.,0.));
#3369 = PCURVE('',#758,#3370);
#3370 = DEFINITIONAL_REPRESENTATION('',(#3371),#3375);
#3371 = LINE('',#3372,#3373);
#3372 = CARTESIAN_POINT('',(0.,0.));
#3373 = VECTOR('',#3374,1.);
#3374 = DIRECTION('',(1.,0.));
#3375 = ( GEOMETRIC_REPRESENTATION_CONTEXT(2) 
PARAMETRIC_REPRESENTATION_CONTEXT() REPRESENTATION_CONTEXT('2D SPACE',''
  ) );
#3376 = PCURVE('',#2831,#3377);
#3377 = DEFINITIONAL_REPRESENTATION('',(#3378),#3382);
#3378 = CIRCLE('',#3379,9.);
#3379 = AXIS2_PLACEMENT_2D('',#3380,#3381);
#3380 = CARTESIAN_POINT('',(0.,0.));
#3381 = DIRECTION('',(1.,0.));
#3382 = ( GEOMETRIC_REPRESENTATION_CONTEXT(2) 
PARAMETRIC_REPRESENTATION_CONTEXT() REPRESENTATION_CONTEXT('2D SPACE',''
  ) );
#3383 = ORIENTED_EDGE('',*,*,#2842,.T.);
#3384 = ORIENTED_EDGE('',*,*,#2696,.T.);
#3385 = ORIENTED_EDGE('',*,*,#2649,.F.);
#3386 = ORIENTED_EDGE('',*,*,#3387,.T.);
#3387 = EDGE_CURVE('',#2629,#2513,#3388,.T.);
#3388 = SURFACE_CURVE('',#3389,(#3394,#3401),.PCURVE_S1.);
#3389 = CIRCLE('',#3390,9.);
#3390 = AXIS2_PLACEMENT_3D('',#3391,#3392,#3393);
#3391 = CARTESIAN_POINT('',(0.,0.,-45.));
#3392 = DIRECTION('',(0.,0.,1.));
#3393 = DIRECTION('',(1.,0.,0.));
#3394 = PCURVE('',#758,#3395);
#3395 = DEFINITIONAL_REPRESENTATION('',(#3396),#3400);
#3396 = LINE('',#3397,#3398);
#3397 = CARTESIAN_POINT('',(0.,0.));
#3398 = VECTOR('',#3399,1.);
#3399 = DIRECTION('',(1.,0.));
#3400 = ( GEOMETRIC_REPRESENTATION_CONTEXT(2) 
PARAMETRIC_REPRESENTATION_CONTEXT() REPRESENTATION_CONTEXT('2D SPACE',''
  ) );
#3401 = PCURVE('',#2527,#3402);
#3402 = DEFINITIONAL_REPRESENTATION('',(#3403),#3407);
#3403 = CIRCLE('',#3404,9.);
#3404 = AXIS2_PLACEMENT_2D('',#3405,#3406);
#3405 = CARTESIAN_POINT('',(0.,0.));
#3406 = DIRECTION('',(1.,0.));
#3407 = ( GEOMETRIC_REPRESENTATION_CONTEXT(2) 
PARAMETRIC_REPRESENTATION_CONTEXT() REPRESENTATION_CONTEXT('2D SPACE',''
  ) );
#3408 = ORIENTED_EDGE('',*,*,#2538,.T.);
#3409 = ORIENTED_EDGE('',*,*,#2392,.T.);
#3410 = ORIENTED_EDGE('',*,*,#2345,.F.);
#3411 = ORIENTED_EDGE('',*,*,#3412,.T.);
#3412 = EDGE_CURVE('',#2325,#2209,#3413,.T.);
#3413 = SURFACE_CURVE('',#3414,(#3419,#3426),.PCURVE_S1.);
#3414 = CIRCLE('',#3415,9.);
#3415 = AXIS2_PLACEMENT_3D('',#3416,#3417,#3418);
#3416 = CARTESIAN_POINT('',(0.,0.,-45.));
#3417 = DIRECTION('',(0.,0.,1.));
#3418 = DIRECTION('',(1.,0.,0.));
#3419 = PCURVE('',#758,#3420);
#3420 = DEFINITIONAL_REPRESENTATION('',(#3421),#3425);
#3421 = LINE('',#3422,#3423);
#3422 = CARTESIAN_POINT('',(0.,0.));
#3423 = VECTOR('',#3424,1.);
#3424 = DIRECTION('',(1.,0.));
#3425 = ( GEOMETRIC_REPRESENTATION_CONTEXT(2) 
PARAMETRIC_REPRESENTATION_CONTEXT() REPRESENTATION_CONTEXT('2D SPACE',''
  ) );
#3426 = PCURVE('',#2223,#3427);
#3427 = DEFINITIONAL_REPRESENTATION('',(#3428),#3432);
#3428 = CIRCLE('',#3429,9.);
#3429 = AXIS2_PLACEMENT_2D('',#3430,#3431);
#3430 = CARTESIAN_POINT('',(0.,0.));
#3431 = DIRECTION('',(1.,0.));
#3432 = ( GEOMETRIC_REPRESENTATION_CONTEXT(2) 
PARAMETRIC_REPRESENTATION_CONTEXT() REPRESENTATION_CONTEXT('2D SPACE',''
  ) );
#3433 = ORIENTED_EDGE('',*,*,#2234,.T.);
#3434 = ORIENTED_EDGE('',*,*,#2088,.T.);
#3435 = ORIENTED_EDGE('',*,*,#2041,.F.);
#3436 = ORIENTED_EDGE('',*,*,#3437,.T.);
#3437 = EDGE_CURVE('',#2021,#1905,#3438,.T.);
#3438 = SURFACE_CURVE('',#3439,(#3444,#3451),.PCURVE_S1.);
#3439 = CIRCLE('',#3440,9.);
#3440 = AXIS2_PLACEMENT_3D('',#3441,#3442,#3443);
#3441 = CARTESIAN_POINT('',(0.,0.,-45.));
#3442 = DIRECTION('',(0.,0.,1.));
#3443 = DIRECTION('',(1.,0.,0.));
#3444 = PCURVE('',#758,#3445);
#3445 = DEFINITIONAL_REPRESENTATION('',(#3446),#3450);
#3446 = LINE('',#3447,#3448);
#3447 = CARTESIAN_POINT('',(0.,0.));
#3448 = VECTOR('',#3449,1.);
#3449 = DIRECTION('',(1.,0.));
#3450 = ( GEOMETRIC_REPRESENTATION_CONTEXT(2) 
PARAMETRIC_REPRESENTATION_CONTEXT() REPRESENTATION_CONTEXT('2D SPACE',''
  ) );
#3451 = PCURVE('',#1919,#3452);
#3452 = DEFINITIONAL_REPRESENTATION('',(#3453),#3457);
#3453 = CIRCLE('',#3454,9.);
#3454 = AXIS2_PLACEMENT_2D('',#3455,#3456);
#3455 = CARTESIAN_POINT('',(0.,0.));
#3456 = DIRECTION('',(1.,0.));
#3457 = ( GEOMETRIC_REPRESENTATION_CONTEXT(2) 
PARAMETRIC_REPRESENTATION_CONTEXT() REPRESENTATION_CONTEXT('2D SPACE',''
  ) );
#3458 = ORIENTED_EDGE('',*,*,#1930,.T.);
#3459 = ORIENTED_EDGE('',*,*,#1784,.T.);
#3460 = ORIENTED_EDGE('',*,*,#1737,.F.);
#3461 = ORIENTED_EDGE('',*,*,#3462,.T.);
#3462 = EDGE_CURVE('',#1717,#924,#3463,.T.);
#3463 = SURFACE_CURVE('',#3464,(#3469,#3476),.PCURVE_S1.);
#3464 = CIRCLE('',#3465,9.);
#3465 = AXIS2_PLACEMENT_3D('',#3466,#3467,#3468);
#3466 = CARTESIAN_POINT('',(0.,0.,-45.));
#3467 = DIRECTION('',(0.,0.,1.));
#3468 = DIRECTION('',(1.,0.,0.));
#3469 = PCURVE('',#758,#3470);
#3470 = DEFINITIONAL_REPRESENTATION('',(#3471),#3475);
#3471 = LINE('',#3472,#3473);
#3472 = CARTESIAN_POINT('',(0.,0.));
#3473 = VECTOR('',#3474,1.);
#3474 = DIRECTION('',(1.,0.));
#3475 = ( GEOMETRIC_REPRESENTATION_CONTEXT(2) 
PARAMETRIC_REPRESENTATION_CONTEXT() REPRESENTATION_CONTEXT('2D SPACE',''
  ) );
#3476 = PCURVE('',#938,#3477);
#3477 = DEFINITIONAL_REPRESENTATION('',(#3478),#3482);
#3478 = CIRCLE('',#3479,9.);
#3479 = AXIS2_PLACEMENT_2D('',#3480,#3481);
#3480 = CARTESIAN_POINT('',(0.,0.));
#3481 = DIRECTION('',(1.,0.));
#3482 = ( GEOMETRIC_REPRESENTATION_CONTEXT(2) 
PARAMETRIC_REPRESENTATION_CONTEXT() REPRESENTATION_CONTEXT('2D SPACE',''
  ) );
#3483 = ORIENTED_EDGE('',*,*,#949,.T.);
#3484 = ORIENTED_EDGE('',*,*,#739,.T.);
#3485 = ADVANCED_FACE('',(#3486),#859,.F.);
#3486 = FACE_BOUND('',#3487,.F.);
#3487 = EDGE_LOOP('',(#3488,#3489,#3508,#3509));
#3488 = ORIENTED_EDGE('',*,*,#841,.F.);
#3489 = ORIENTED_EDGE('',*,*,#3490,.T.);
#3490 = EDGE_CURVE('',#842,#3172,#3491,.T.);
#3491 = SURFACE_CURVE('',#3492,(#3496,#3502),.PCURVE_S1.);
#3492 = LINE('',#3493,#3494);
#3493 = CARTESIAN_POINT('',(15.,-0.5,0.));
#3494 = VECTOR('',#3495,1.);
#3495 = DIRECTION('',(0.,1.,0.));
#3496 = PCURVE('',#859,#3497);
#3497 = DEFINITIONAL_REPRESENTATION('',(#3498),#3501);
#3498 = B_SPLINE_CURVE_WITH_KNOTS('',1,(#3499,#3500),.UNSPECIFIED.,.F.,
  .F.,(2,2),(-0.5,1.5),.PIECEWISE_BEZIER_KNOTS.);
#3499 = CARTESIAN_POINT('',(98.5,0.));
#3500 = CARTESIAN_POINT('',(98.5,-2.));
#3501 = ( GEOMETRIC_REPRESENTATION_CONTEXT(2) 
PARAMETRIC_REPRESENTATION_CONTEXT() REPRESENTATION_CONTEXT('2D SPACE',''
  ) );
#3502 = PCURVE('',#886,#3503);
#3503 = DEFINITIONAL_REPRESENTATION('',(#3504),#3507);
#3504 = B_SPLINE_CURVE_WITH_KNOTS('',1,(#3505,#3506),.UNSPECIFIED.,.F.,
  .F.,(2,2),(-0.5,1.5),.PIECEWISE_BEZIER_KNOTS.);
#3505 = CARTESIAN_POINT('',(15.,-1.));
#3506 = CARTESIAN_POINT('',(15.,1.));
#3507 = ( GEOMETRIC_REPRESENTATION_CONTEXT(2) 
PARAMETRIC_REPRESENTATION_CONTEXT() REPRESENTATION_CONTEXT('2D SPACE',''
  ) );
#3508 = ORIENTED_EDGE('',*,*,#3171,.T.);
#3509 = ORIENTED_EDGE('',*,*,#1200,.F.);
#3510 = ADVANCED_FACE('',(#3511),#938,.F.);
#3511 = FACE_BOUND('',#3512,.F.);
#3512 = EDGE_LOOP('',(#3513,#3535,#3536,#3537));
#3513 = ORIENTED_EDGE('',*,*,#3514,.T.);
#3514 = EDGE_CURVE('',#1696,#898,#3515,.T.);
#3515 = SURFACE_CURVE('',#3516,(#3521,#3528),.PCURVE_S1.);
#3516 = CIRCLE('',#3517,12.);
#3517 = AXIS2_PLACEMENT_3D('',#3518,#3519,#3520);
#3518 = CARTESIAN_POINT('',(0.,0.,-45.));
#3519 = DIRECTION('',(0.,0.,1.));
#3520 = DIRECTION('',(1.,0.,0.));
#3521 = PCURVE('',#938,#3522);
#3522 = DEFINITIONAL_REPRESENTATION('',(#3523),#3527);
#3523 = CIRCLE('',#3524,12.);
#3524 = AXIS2_PLACEMENT_2D('',#3525,#3526);
#3525 = CARTESIAN_POINT('',(0.,0.));
#3526 = DIRECTION('',(1.,0.));
#3527 = ( GEOMETRIC_REPRESENTATION_CONTEXT(2) 
PARAMETRIC_REPRESENTATION_CONTEXT() REPRESENTATION_CONTEXT('2D SPACE',''
  ) );
#3528 = PCURVE('',#912,#3529);
#3529 = DEFINITIONAL_REPRESENTATION('',(#3530),#3534);
#3530 = LINE('',#3531,#3532);
#3531 = CARTESIAN_POINT('',(0.,0.));
#3532 = VECTOR('',#3533,1.);
#3533 = DIRECTION('',(1.,0.));
#3534 = ( GEOMETRIC_REPRESENTATION_CONTEXT(2) 
PARAMETRIC_REPRESENTATION_CONTEXT() REPRESENTATION_CONTEXT('2D SPACE',''
  ) );
#3535 = ORIENTED_EDGE('',*,*,#923,.T.);
#3536 = ORIENTED_EDGE('',*,*,#3462,.F.);
#3537 = ORIENTED_EDGE('',*,*,#1716,.F.);
#3538 = ADVANCED_FACE('',(#3539),#912,.T.);
#3539 = FACE_BOUND('',#3540,.T.);
#3540 = EDGE_LOOP('',(#3541,#3542,#3564,#3565));
#3541 = ORIENTED_EDGE('',*,*,#897,.T.);
#3542 = ORIENTED_EDGE('',*,*,#3543,.F.);
#3543 = EDGE_CURVE('',#1675,#872,#3544,.T.);
#3544 = SURFACE_CURVE('',#3545,(#3550,#3557),.PCURVE_S1.);
#3545 = CIRCLE('',#3546,12.);
#3546 = AXIS2_PLACEMENT_3D('',#3547,#3548,#3549);
#3547 = CARTESIAN_POINT('',(0.,0.,0.));
#3548 = DIRECTION('',(0.,0.,1.));
#3549 = DIRECTION('',(1.,0.,-0.));
#3550 = PCURVE('',#912,#3551);
#3551 = DEFINITIONAL_REPRESENTATION('',(#3552),#3556);
#3552 = LINE('',#3553,#3554);
#3553 = CARTESIAN_POINT('',(0.,45.));
#3554 = VECTOR('',#3555,1.);
#3555 = DIRECTION('',(1.,0.));
#3556 = ( GEOMETRIC_REPRESENTATION_CONTEXT(2) 
PARAMETRIC_REPRESENTATION_CONTEXT() REPRESENTATION_CONTEXT('2D SPACE',''
  ) );
#3557 = PCURVE('',#886,#3558);
#3558 = DEFINITIONAL_REPRESENTATION('',(#3559),#3563);
#3559 = CIRCLE('',#3560,12.);
#3560 = AXIS2_PLACEMENT_2D('',#3561,#3562);
#3561 = CARTESIAN_POINT('',(0.,0.));
#3562 = DIRECTION('',(1.,0.));
#3563 = ( GEOMETRIC_REPRESENTATION_CONTEXT(2) 
PARAMETRIC_REPRESENTATION_CONTEXT() REPRESENTATION_CONTEXT('2D SPACE',''
  ) );
#3564 = ORIENTED_EDGE('',*,*,#1695,.F.);
#3565 = ORIENTED_EDGE('',*,*,#3514,.T.);
#3566 = ADVANCED_FACE('',(#3567,#3598,#3624,#3650,#3676,#3702,#3728,
    #3949,#3975,#4001),#886,.F.);
#3567 = FACE_BOUND('',#3568,.F.);
#3568 = EDGE_LOOP('',(#3569));
#3569 = ORIENTED_EDGE('',*,*,#3570,.T.);
#3570 = EDGE_CURVE('',#3571,#3571,#3573,.T.);
#3571 = VERTEX_POINT('',#3572);
#3572 = CARTESIAN_POINT('',(47.3,-1.158515871993E-14,0.));
#3573 = SURFACE_CURVE('',#3574,(#3579,#3586),.PCURVE_S1.);
#3574 = CIRCLE('',#3575,47.3);
#3575 = AXIS2_PLACEMENT_3D('',#3576,#3577,#3578);
#3576 = CARTESIAN_POINT('',(0.,0.,0.));
#3577 = DIRECTION('',(0.,0.,1.));
#3578 = DIRECTION('',(1.,0.,-0.));
#3579 = PCURVE('',#886,#3580);
#3580 = DEFINITIONAL_REPRESENTATION('',(#3581),#3585);
#3581 = CIRCLE('',#3582,47.3);
#3582 = AXIS2_PLACEMENT_2D('',#3583,#3584);
#3583 = CARTESIAN_POINT('',(0.,0.));
#3584 = DIRECTION('',(1.,0.));
#3585 = ( GEOMETRIC_REPRESENTATION_CONTEXT(2) 
PARAMETRIC_REPRESENTATION_CONTEXT() REPRESENTATION_CONTEXT('2D SPACE',''
  ) );
#3586 = PCURVE('',#3587,#3592);
#3587 = CYLINDRICAL_SURFACE('',#3588,47.3);
#3588 = AXIS2_PLACEMENT_3D('',#3589,#3590,#3591);
#3589 = CARTESIAN_POINT('',(0.,0.,-10.));
#3590 = DIRECTION('',(0.,0.,1.));
#3591 = DIRECTION('',(1.,0.,-0.));
#3592 = DEFINITIONAL_REPRESENTATION('',(#3593),#3597);
#3593 = LINE('',#3594,#3595);
#3594 = CARTESIAN_POINT('',(0.,10.));
#3595 = VECTOR('',#3596,1.);
#3596 = DIRECTION('',(1.,0.));
#3597 = ( GEOMETRIC_REPRESENTATION_CONTEXT(2) 
PARAMETRIC_REPRESENTATION_CONTEXT() REPRESENTATION_CONTEXT('2D SPACE',''
  ) );
#3598 = FACE_BOUND('',#3599,.F.);
#3599 = EDGE_LOOP('',(#3600));
#3600 = ORIENTED_EDGE('',*,*,#3601,.F.);
#3601 = EDGE_CURVE('',#3602,#3602,#3604,.T.);
#3602 = VERTEX_POINT('',#3603);
#3603 = CARTESIAN_POINT('',(-33.23401871576,-33.23401871576,0.));
#3604 = SURFACE_CURVE('',#3605,(#3610,#3617),.PCURVE_S1.);
#3605 = CIRCLE('',#3606,2.);
#3606 = AXIS2_PLACEMENT_3D('',#3607,#3608,#3609);
#3607 = CARTESIAN_POINT('',(-31.81980515339,-31.81980515339,0.));
#3608 = DIRECTION('',(0.,0.,1.));
#3609 = DIRECTION('',(-0.707106781187,-0.707106781187,0.));
#3610 = PCURVE('',#886,#3611);
#3611 = DEFINITIONAL_REPRESENTATION('',(#3612),#3616);
#3612 = CIRCLE('',#3613,2.);
#3613 = AXIS2_PLACEMENT_2D('',#3614,#3615);
#3614 = CARTESIAN_POINT('',(-31.81980515339,-31.81980515339));
#3615 = DIRECTION('',(-0.707106781187,-0.707106781187));
#3616 = ( GEOMETRIC_REPRESENTATION_CONTEXT(2) 
PARAMETRIC_REPRESENTATION_CONTEXT() REPRESENTATION_CONTEXT('2D SPACE',''
  ) );
#3617 = PCURVE('',#1040,#3618);
#3618 = DEFINITIONAL_REPRESENTATION('',(#3619),#3623);
#3619 = LINE('',#3620,#3621);
#3620 = CARTESIAN_POINT('',(0.,0.));
#3621 = VECTOR('',#3622,1.);
#3622 = DIRECTION('',(1.,0.));
#3623 = ( GEOMETRIC_REPRESENTATION_CONTEXT(2) 
PARAMETRIC_REPRESENTATION_CONTEXT() REPRESENTATION_CONTEXT('2D SPACE',''
  ) );
#3624 = FACE_BOUND('',#3625,.F.);
#3625 = EDGE_LOOP('',(#3626));
#3626 = ORIENTED_EDGE('',*,*,#3627,.F.);
#3627 = EDGE_CURVE('',#3628,#3628,#3630,.T.);
#3628 = VERTEX_POINT('',#3629);
#3629 = CARTESIAN_POINT('',(-1.092595515114E-14,-47.,0.));
#3630 = SURFACE_CURVE('',#3631,(#3636,#3643),.PCURVE_S1.);
#3631 = CIRCLE('',#3632,2.);
#3632 = AXIS2_PLACEMENT_3D('',#3633,#3634,#3635);
#3633 = CARTESIAN_POINT('',(-9.992007221626E-15,-45.,0.));
#3634 = DIRECTION('',(0.,0.,1.));
#3635 = DIRECTION('',(-2.22044604925E-16,-1.,0.));
#3636 = PCURVE('',#886,#3637);
#3637 = DEFINITIONAL_REPRESENTATION('',(#3638),#3642);
#3638 = CIRCLE('',#3639,2.);
#3639 = AXIS2_PLACEMENT_2D('',#3640,#3641);
#3640 = CARTESIAN_POINT('',(-9.992007221626E-15,-45.));
#3641 = DIRECTION('',(-2.22044604925E-16,-1.));
#3642 = ( GEOMETRIC_REPRESENTATION_CONTEXT(2) 
PARAMETRIC_REPRESENTATION_CONTEXT() REPRESENTATION_CONTEXT('2D SPACE',''
  ) );
#3643 = PCURVE('',#1071,#3644);
#3644 = DEFINITIONAL_REPRESENTATION('',(#3645),#3649);
#3645 = LINE('',#3646,#3647);
#3646 = CARTESIAN_POINT('',(0.,0.));
#3647 = VECTOR('',#3648,1.);
#3648 = DIRECTION('',(1.,0.));
#3649 = ( GEOMETRIC_REPRESENTATION_CONTEXT(2) 
PARAMETRIC_REPRESENTATION_CONTEXT() REPRESENTATION_CONTEXT('2D SPACE',''
  ) );
#3650 = FACE_BOUND('',#3651,.F.);
#3651 = EDGE_LOOP('',(#3652));
#3652 = ORIENTED_EDGE('',*,*,#3653,.F.);
#3653 = EDGE_CURVE('',#3654,#3654,#3656,.T.);
#3654 = VERTEX_POINT('',#3655);
#3655 = CARTESIAN_POINT('',(33.234018715768,-33.23401871576,0.));
#3656 = SURFACE_CURVE('',#3657,(#3662,#3669),.PCURVE_S1.);
#3657 = CIRCLE('',#3658,2.);
#3658 = AXIS2_PLACEMENT_3D('',#3659,#3660,#3661);
#3659 = CARTESIAN_POINT('',(31.819805153395,-31.81980515339,0.));
#3660 = DIRECTION('',(-0.,0.,1.));
#3661 = DIRECTION('',(0.707106781187,-0.707106781187,0.));
#3662 = PCURVE('',#886,#3663);
#3663 = DEFINITIONAL_REPRESENTATION('',(#3664),#3668);
#3664 = CIRCLE('',#3665,2.);
#3665 = AXIS2_PLACEMENT_2D('',#3666,#3667);
#3666 = CARTESIAN_POINT('',(31.819805153395,-31.81980515339));
#3667 = DIRECTION('',(0.707106781187,-0.707106781187));
#3668 = ( GEOMETRIC_REPRESENTATION_CONTEXT(2) 
PARAMETRIC_REPRESENTATION_CONTEXT() REPRESENTATION_CONTEXT('2D SPACE',''
  ) );
#3669 = PCURVE('',#1102,#3670);
#3670 = DEFINITIONAL_REPRESENTATION('',(#3671),#3675);
#3671 = LINE('',#3672,#3673);
#3672 = CARTESIAN_POINT('',(0.,0.));
#3673 = VECTOR('',#3674,1.);
#3674 = DIRECTION('',(1.,0.));
#3675 = ( GEOMETRIC_REPRESENTATION_CONTEXT(2) 
PARAMETRIC_REPRESENTATION_CONTEXT() REPRESENTATION_CONTEXT('2D SPACE',''
  ) );
#3676 = FACE_BOUND('',#3677,.F.);
#3677 = EDGE_LOOP('',(#3678));
#3678 = ORIENTED_EDGE('',*,*,#3679,.F.);
#3679 = EDGE_CURVE('',#3680,#3680,#3682,.T.);
#3680 = VERTEX_POINT('',#3681);
#3681 = CARTESIAN_POINT('',(-47.,6.245698675652E-15,0.));
#3682 = SURFACE_CURVE('',#3683,(#3688,#3695),.PCURVE_S1.);
#3683 = CIRCLE('',#3684,2.);
#3684 = AXIS2_PLACEMENT_3D('',#3685,#3686,#3687);
#3685 = CARTESIAN_POINT('',(-45.,5.510910596163E-15,0.));
#3686 = DIRECTION('',(0.,0.,1.));
#3687 = DIRECTION('',(-1.,1.224646799147E-16,0.));
#3688 = PCURVE('',#886,#3689);
#3689 = DEFINITIONAL_REPRESENTATION('',(#3690),#3694);
#3690 = CIRCLE('',#3691,2.);
#3691 = AXIS2_PLACEMENT_2D('',#3692,#3693);
#3692 = CARTESIAN_POINT('',(-45.,5.510910596163E-15));
#3693 = DIRECTION('',(-1.,1.224646799147E-16));
#3694 = ( GEOMETRIC_REPRESENTATION_CONTEXT(2) 
PARAMETRIC_REPRESENTATION_CONTEXT() REPRESENTATION_CONTEXT('2D SPACE',''
  ) );
#3695 = PCURVE('',#1133,#3696);
#3696 = DEFINITIONAL_REPRESENTATION('',(#3697),#3701);
#3697 = LINE('',#3698,#3699);
#3698 = CARTESIAN_POINT('',(0.,0.));
#3699 = VECTOR('',#3700,1.);
#3700 = DIRECTION('',(1.,0.));
#3701 = ( GEOMETRIC_REPRESENTATION_CONTEXT(2) 
PARAMETRIC_REPRESENTATION_CONTEXT() REPRESENTATION_CONTEXT('2D SPACE',''
  ) );
#3702 = FACE_BOUND('',#3703,.F.);
#3703 = EDGE_LOOP('',(#3704));
#3704 = ORIENTED_EDGE('',*,*,#3705,.F.);
#3705 = EDGE_CURVE('',#3706,#3706,#3708,.T.);
#3706 = VERTEX_POINT('',#3707);
#3707 = CARTESIAN_POINT('',(-33.23401871576,33.234018715768,0.));
#3708 = SURFACE_CURVE('',#3709,(#3714,#3721),.PCURVE_S1.);
#3709 = CIRCLE('',#3710,2.);
#3710 = AXIS2_PLACEMENT_3D('',#3711,#3712,#3713);
#3711 = CARTESIAN_POINT('',(-31.81980515339,31.819805153395,0.));
#3712 = DIRECTION('',(0.,0.,1.));
#3713 = DIRECTION('',(-0.707106781187,0.707106781187,0.));
#3714 = PCURVE('',#886,#3715);
#3715 = DEFINITIONAL_REPRESENTATION('',(#3716),#3720);
#3716 = CIRCLE('',#3717,2.);
#3717 = AXIS2_PLACEMENT_2D('',#3718,#3719);
#3718 = CARTESIAN_POINT('',(-31.81980515339,31.819805153395));
#3719 = DIRECTION('',(-0.707106781187,0.707106781187));
#3720 = ( GEOMETRIC_REPRESENTATION_CONTEXT(2) 
PARAMETRIC_REPRESENTATION_CONTEXT() REPRESENTATION_CONTEXT('2D SPACE',''
  ) );
#3721 = PCURVE('',#1164,#3722);
#3722 = DEFINITIONAL_REPRESENTATION('',(#3723),#3727);
#3723 = LINE('',#3724,#3725);
#3724 = CARTESIAN_POINT('',(0.,0.));
#3725 = VECTOR('',#3726,1.);
#3726 = DIRECTION('',(1.,0.));
#3727 = ( GEOMETRIC_REPRESENTATION_CONTEXT(2) 
PARAMETRIC_REPRESENTATION_CONTEXT() REPRESENTATION_CONTEXT('2D SPACE',''
  ) );
#3728 = FACE_BOUND('',#3729,.F.);
#3729 = EDGE_LOOP('',(#3730,#3752,#3753,#3754,#3755,#3756,#3757,#3776,
    #3777,#3799,#3800,#3819,#3820,#3842,#3843,#3862,#3863,#3885,#3886,
    #3905,#3906,#3928,#3929,#3948));
#3730 = ORIENTED_EDGE('',*,*,#3731,.F.);
#3731 = EDGE_CURVE('',#3195,#3074,#3732,.T.);
#3732 = SURFACE_CURVE('',#3733,(#3738,#3745),.PCURVE_S1.);
#3733 = CIRCLE('',#3734,12.);
#3734 = AXIS2_PLACEMENT_3D('',#3735,#3736,#3737);
#3735 = CARTESIAN_POINT('',(0.,0.,0.));
#3736 = DIRECTION('',(0.,0.,1.));
#3737 = DIRECTION('',(1.,0.,-0.));
#3738 = PCURVE('',#886,#3739);
#3739 = DEFINITIONAL_REPRESENTATION('',(#3740),#3744);
#3740 = CIRCLE('',#3741,12.);
#3741 = AXIS2_PLACEMENT_2D('',#3742,#3743);
#3742 = CARTESIAN_POINT('',(0.,0.));
#3743 = DIRECTION('',(1.,0.));
#3744 = ( GEOMETRIC_REPRESENTATION_CONTEXT(2) 
PARAMETRIC_REPRESENTATION_CONTEXT() REPRESENTATION_CONTEXT('2D SPACE',''
  ) );
#3745 = PCURVE('',#3109,#3746);
#3746 = DEFINITIONAL_REPRESENTATION('',(#3747),#3751);
#3747 = LINE('',#3748,#3749);
#3748 = CARTESIAN_POINT('',(0.,45.));
#3749 = VECTOR('',#3750,1.);
#3750 = DIRECTION('',(1.,0.));
#3751 = ( GEOMETRIC_REPRESENTATION_CONTEXT(2) 
PARAMETRIC_REPRESENTATION_CONTEXT() REPRESENTATION_CONTEXT('2D SPACE',''
  ) );
#3752 = ORIENTED_EDGE('',*,*,#3194,.F.);
#3753 = ORIENTED_EDGE('',*,*,#3490,.F.);
#3754 = ORIENTED_EDGE('',*,*,#871,.T.);
#3755 = ORIENTED_EDGE('',*,*,#3543,.F.);
#3756 = ORIENTED_EDGE('',*,*,#1674,.F.);
#3757 = ORIENTED_EDGE('',*,*,#3758,.F.);
#3758 = EDGE_CURVE('',#1835,#1652,#3759,.T.);
#3759 = SURFACE_CURVE('',#3760,(#3764,#3770),.PCURVE_S1.);
#3760 = LINE('',#3761,#3762);
#3761 = CARTESIAN_POINT('',(7.066987298108,-13.24038105676,0.));
#3762 = VECTOR('',#3763,1.);
#3763 = DIRECTION('',(0.866025403784,0.5,-0.));
#3764 = PCURVE('',#886,#3765);
#3765 = DEFINITIONAL_REPRESENTATION('',(#3766),#3769);
#3766 = B_SPLINE_CURVE_WITH_KNOTS('',1,(#3767,#3768),.UNSPECIFIED.,.F.,
  .F.,(2,2),(-0.5,1.5),.PIECEWISE_BEZIER_KNOTS.);
#3767 = CARTESIAN_POINT('',(6.633974596216,-13.49038105676));
#3768 = CARTESIAN_POINT('',(8.366025403784,-12.49038105676));
#3769 = ( GEOMETRIC_REPRESENTATION_CONTEXT(2) 
PARAMETRIC_REPRESENTATION_CONTEXT() REPRESENTATION_CONTEXT('2D SPACE',''
  ) );
#3770 = PCURVE('',#1257,#3771);
#3771 = DEFINITIONAL_REPRESENTATION('',(#3772),#3775);
#3772 = B_SPLINE_CURVE_WITH_KNOTS('',1,(#3773,#3774),.UNSPECIFIED.,.F.,
  .F.,(2,2),(-0.5,1.5),.PIECEWISE_BEZIER_KNOTS.);
#3773 = CARTESIAN_POINT('',(98.5,0.));
#3774 = CARTESIAN_POINT('',(98.5,-2.));
#3775 = ( GEOMETRIC_REPRESENTATION_CONTEXT(2) 
PARAMETRIC_REPRESENTATION_CONTEXT() REPRESENTATION_CONTEXT('2D SPACE',''
  ) );
#3776 = ORIENTED_EDGE('',*,*,#1857,.T.);
#3777 = ORIENTED_EDGE('',*,*,#3778,.F.);
#3778 = EDGE_CURVE('',#1979,#1858,#3779,.T.);
#3779 = SURFACE_CURVE('',#3780,(#3785,#3792),.PCURVE_S1.);
#3780 = CIRCLE('',#3781,12.);
#3781 = AXIS2_PLACEMENT_3D('',#3782,#3783,#3784);
#3782 = CARTESIAN_POINT('',(0.,0.,0.));
#3783 = DIRECTION('',(0.,0.,1.));
#3784 = DIRECTION('',(1.,0.,-0.));
#3785 = PCURVE('',#886,#3786);
#3786 = DEFINITIONAL_REPRESENTATION('',(#3787),#3791);
#3787 = CIRCLE('',#3788,12.);
#3788 = AXIS2_PLACEMENT_2D('',#3789,#3790);
#3789 = CARTESIAN_POINT('',(0.,0.));
#3790 = DIRECTION('',(1.,0.));
#3791 = ( GEOMETRIC_REPRESENTATION_CONTEXT(2) 
PARAMETRIC_REPRESENTATION_CONTEXT() REPRESENTATION_CONTEXT('2D SPACE',''
  ) );
#3792 = PCURVE('',#1893,#3793);
#3793 = DEFINITIONAL_REPRESENTATION('',(#3794),#3798);
#3794 = LINE('',#3795,#3796);
#3795 = CARTESIAN_POINT('',(0.,45.));
#3796 = VECTOR('',#3797,1.);
#3797 = DIRECTION('',(1.,0.));
#3798 = ( GEOMETRIC_REPRESENTATION_CONTEXT(2) 
PARAMETRIC_REPRESENTATION_CONTEXT() REPRESENTATION_CONTEXT('2D SPACE',''
  ) );
#3799 = ORIENTED_EDGE('',*,*,#1978,.F.);
#3800 = ORIENTED_EDGE('',*,*,#3801,.F.);
#3801 = EDGE_CURVE('',#2139,#1956,#3802,.T.);
#3802 = SURFACE_CURVE('',#3803,(#3807,#3813),.PCURVE_S1.);
#3803 = LINE('',#3804,#3805);
#3804 = CARTESIAN_POINT('',(-7.933012701892,-12.74038105676,0.));
#3805 = VECTOR('',#3806,1.);
#3806 = DIRECTION('',(0.866025403784,-0.5,0.));
#3807 = PCURVE('',#886,#3808);
#3808 = DEFINITIONAL_REPRESENTATION('',(#3809),#3812);
#3809 = B_SPLINE_CURVE_WITH_KNOTS('',1,(#3810,#3811),.UNSPECIFIED.,.F.,
  .F.,(2,2),(-0.5,1.5),.PIECEWISE_BEZIER_KNOTS.);
#3810 = CARTESIAN_POINT('',(-8.366025403784,-12.49038105676));
#3811 = CARTESIAN_POINT('',(-6.633974596216,-13.49038105676));
#3812 = ( GEOMETRIC_REPRESENTATION_CONTEXT(2) 
PARAMETRIC_REPRESENTATION_CONTEXT() REPRESENTATION_CONTEXT('2D SPACE',''
  ) );
#3813 = PCURVE('',#1324,#3814);
#3814 = DEFINITIONAL_REPRESENTATION('',(#3815),#3818);
#3815 = B_SPLINE_CURVE_WITH_KNOTS('',1,(#3816,#3817),.UNSPECIFIED.,.F.,
  .F.,(2,2),(-0.5,1.5),.PIECEWISE_BEZIER_KNOTS.);
#3816 = CARTESIAN_POINT('',(98.5,0.));
#3817 = CARTESIAN_POINT('',(98.5,-2.));
#3818 = ( GEOMETRIC_REPRESENTATION_CONTEXT(2) 
PARAMETRIC_REPRESENTATION_CONTEXT() REPRESENTATION_CONTEXT('2D SPACE',''
  ) );
#3819 = ORIENTED_EDGE('',*,*,#2161,.T.);
#3820 = ORIENTED_EDGE('',*,*,#3821,.F.);
#3821 = EDGE_CURVE('',#2283,#2162,#3822,.T.);
#3822 = SURFACE_CURVE('',#3823,(#3828,#3835),.PCURVE_S1.);
#3823 = CIRCLE('',#3824,12.);
#3824 = AXIS2_PLACEMENT_3D('',#3825,#3826,#3827);
#3825 = CARTESIAN_POINT('',(0.,0.,0.));
#3826 = DIRECTION('',(0.,0.,1.));
#3827 = DIRECTION('',(1.,0.,-0.));
#3828 = PCURVE('',#886,#3829);
#3829 = DEFINITIONAL_REPRESENTATION('',(#3830),#3834);
#3830 = CIRCLE('',#3831,12.);
#3831 = AXIS2_PLACEMENT_2D('',#3832,#3833);
#3832 = CARTESIAN_POINT('',(0.,0.));
#3833 = DIRECTION('',(1.,0.));
#3834 = ( GEOMETRIC_REPRESENTATION_CONTEXT(2) 
PARAMETRIC_REPRESENTATION_CONTEXT() REPRESENTATION_CONTEXT('2D SPACE',''
  ) );
#3835 = PCURVE('',#2197,#3836);
#3836 = DEFINITIONAL_REPRESENTATION('',(#3837),#3841);
#3837 = LINE('',#3838,#3839);
#3838 = CARTESIAN_POINT('',(0.,45.));
#3839 = VECTOR('',#3840,1.);
#3840 = DIRECTION('',(1.,0.));
#3841 = ( GEOMETRIC_REPRESENTATION_CONTEXT(2) 
PARAMETRIC_REPRESENTATION_CONTEXT() REPRESENTATION_CONTEXT('2D SPACE',''
  ) );
#3842 = ORIENTED_EDGE('',*,*,#2282,.F.);
#3843 = ORIENTED_EDGE('',*,*,#3844,.F.);
#3844 = EDGE_CURVE('',#2443,#2260,#3845,.T.);
#3845 = SURFACE_CURVE('',#3846,(#3850,#3856),.PCURVE_S1.);
#3846 = LINE('',#3847,#3848);
#3847 = CARTESIAN_POINT('',(-15.,0.5,0.));
#3848 = VECTOR('',#3849,1.);
#3849 = DIRECTION('',(-1.224646799147E-16,-1.,0.));
#3850 = PCURVE('',#886,#3851);
#3851 = DEFINITIONAL_REPRESENTATION('',(#3852),#3855);
#3852 = B_SPLINE_CURVE_WITH_KNOTS('',1,(#3853,#3854),.UNSPECIFIED.,.F.,
  .F.,(2,2),(-0.5,1.5),.PIECEWISE_BEZIER_KNOTS.);
#3853 = CARTESIAN_POINT('',(-15.,1.));
#3854 = CARTESIAN_POINT('',(-15.,-1.));
#3855 = ( GEOMETRIC_REPRESENTATION_CONTEXT(2) 
PARAMETRIC_REPRESENTATION_CONTEXT() REPRESENTATION_CONTEXT('2D SPACE',''
  ) );
#3856 = PCURVE('',#1391,#3857);
#3857 = DEFINITIONAL_REPRESENTATION('',(#3858),#3861);
#3858 = B_SPLINE_CURVE_WITH_KNOTS('',1,(#3859,#3860),.UNSPECIFIED.,.F.,
  .F.,(2,2),(-0.5,1.5),.PIECEWISE_BEZIER_KNOTS.);
#3859 = CARTESIAN_POINT('',(98.5,0.));
#3860 = CARTESIAN_POINT('',(98.5,-2.));
#3861 = ( GEOMETRIC_REPRESENTATION_CONTEXT(2) 
PARAMETRIC_REPRESENTATION_CONTEXT() REPRESENTATION_CONTEXT('2D SPACE',''
  ) );
#3862 = ORIENTED_EDGE('',*,*,#2465,.T.);
#3863 = ORIENTED_EDGE('',*,*,#3864,.F.);
#3864 = EDGE_CURVE('',#2587,#2466,#3865,.T.);
#3865 = SURFACE_CURVE('',#3866,(#3871,#3878),.PCURVE_S1.);
#3866 = CIRCLE('',#3867,12.);
#3867 = AXIS2_PLACEMENT_3D('',#3868,#3869,#3870);
#3868 = CARTESIAN_POINT('',(0.,0.,0.));
#3869 = DIRECTION('',(0.,0.,1.));
#3870 = DIRECTION('',(1.,0.,-0.));
#3871 = PCURVE('',#886,#3872);
#3872 = DEFINITIONAL_REPRESENTATION('',(#3873),#3877);
#3873 = CIRCLE('',#3874,12.);
#3874 = AXIS2_PLACEMENT_2D('',#3875,#3876);
#3875 = CARTESIAN_POINT('',(0.,0.));
#3876 = DIRECTION('',(1.,0.));
#3877 = ( GEOMETRIC_REPRESENTATION_CONTEXT(2) 
PARAMETRIC_REPRESENTATION_CONTEXT() REPRESENTATION_CONTEXT('2D SPACE',''
  ) );
#3878 = PCURVE('',#2501,#3879);
#3879 = DEFINITIONAL_REPRESENTATION('',(#3880),#3884);
#3880 = LINE('',#3881,#3882);
#3881 = CARTESIAN_POINT('',(0.,45.));
#3882 = VECTOR('',#3883,1.);
#3883 = DIRECTION('',(1.,0.));
#3884 = ( GEOMETRIC_REPRESENTATION_CONTEXT(2) 
PARAMETRIC_REPRESENTATION_CONTEXT() REPRESENTATION_CONTEXT('2D SPACE',''
  ) );
#3885 = ORIENTED_EDGE('',*,*,#2586,.F.);
#3886 = ORIENTED_EDGE('',*,*,#3887,.F.);
#3887 = EDGE_CURVE('',#2747,#2564,#3888,.T.);
#3888 = SURFACE_CURVE('',#3889,(#3893,#3899),.PCURVE_S1.);
#3889 = LINE('',#3890,#3891);
#3890 = CARTESIAN_POINT('',(-7.066987298108,13.240381056767,
    1.42108547152E-14));
#3891 = VECTOR('',#3892,1.);
#3892 = DIRECTION('',(-0.866025403784,-0.5,0.));
#3893 = PCURVE('',#886,#3894);
#3894 = DEFINITIONAL_REPRESENTATION('',(#3895),#3898);
#3895 = B_SPLINE_CURVE_WITH_KNOTS('',1,(#3896,#3897),.UNSPECIFIED.,.F.,
  .F.,(2,2),(-0.5,1.5),.PIECEWISE_BEZIER_KNOTS.);
#3896 = CARTESIAN_POINT('',(-6.633974596216,13.490381056767));
#3897 = CARTESIAN_POINT('',(-8.366025403784,12.490381056767));
#3898 = ( GEOMETRIC_REPRESENTATION_CONTEXT(2) 
PARAMETRIC_REPRESENTATION_CONTEXT() REPRESENTATION_CONTEXT('2D SPACE',''
  ) );
#3899 = PCURVE('',#1458,#3900);
#3900 = DEFINITIONAL_REPRESENTATION('',(#3901),#3904);
#3901 = B_SPLINE_CURVE_WITH_KNOTS('',1,(#3902,#3903),.UNSPECIFIED.,.F.,
  .F.,(2,2),(-0.5,1.5),.PIECEWISE_BEZIER_KNOTS.);
#3902 = CARTESIAN_POINT('',(98.5,0.));
#3903 = CARTESIAN_POINT('',(98.5,-2.));
#3904 = ( GEOMETRIC_REPRESENTATION_CONTEXT(2) 
PARAMETRIC_REPRESENTATION_CONTEXT() REPRESENTATION_CONTEXT('2D SPACE',''
  ) );
#3905 = ORIENTED_EDGE('',*,*,#2769,.T.);
#3906 = ORIENTED_EDGE('',*,*,#3907,.F.);
#3907 = EDGE_CURVE('',#2891,#2770,#3908,.T.);
#3908 = SURFACE_CURVE('',#3909,(#3914,#3921),.PCURVE_S1.);
#3909 = CIRCLE('',#3910,12.);
#3910 = AXIS2_PLACEMENT_3D('',#3911,#3912,#3913);
#3911 = CARTESIAN_POINT('',(0.,0.,0.));
#3912 = DIRECTION('',(0.,0.,1.));
#3913 = DIRECTION('',(1.,0.,-0.));
#3914 = PCURVE('',#886,#3915);
#3915 = DEFINITIONAL_REPRESENTATION('',(#3916),#3920);
#3916 = CIRCLE('',#3917,12.);
#3917 = AXIS2_PLACEMENT_2D('',#3918,#3919);
#3918 = CARTESIAN_POINT('',(0.,0.));
#3919 = DIRECTION('',(1.,0.));
#3920 = ( GEOMETRIC_REPRESENTATION_CONTEXT(2) 
PARAMETRIC_REPRESENTATION_CONTEXT() REPRESENTATION_CONTEXT('2D SPACE',''
  ) );
#3921 = PCURVE('',#2805,#3922);
#3922 = DEFINITIONAL_REPRESENTATION('',(#3923),#3927);
#3923 = LINE('',#3924,#3925);
#3924 = CARTESIAN_POINT('',(0.,45.));
#3925 = VECTOR('',#3926,1.);
#3926 = DIRECTION('',(1.,0.));
#3927 = ( GEOMETRIC_REPRESENTATION_CONTEXT(2) 
PARAMETRIC_REPRESENTATION_CONTEXT() REPRESENTATION_CONTEXT('2D SPACE',''
  ) );
#3928 = ORIENTED_EDGE('',*,*,#2890,.F.);
#3929 = ORIENTED_EDGE('',*,*,#3930,.F.);
#3930 = EDGE_CURVE('',#3051,#2868,#3931,.T.);
#3931 = SURFACE_CURVE('',#3932,(#3936,#3942),.PCURVE_S1.);
#3932 = LINE('',#3933,#3934);
#3933 = CARTESIAN_POINT('',(7.933012701892,12.740381056767,0.));
#3934 = VECTOR('',#3935,1.);
#3935 = DIRECTION('',(-0.866025403784,0.5,0.));
#3936 = PCURVE('',#886,#3937);
#3937 = DEFINITIONAL_REPRESENTATION('',(#3938),#3941);
#3938 = B_SPLINE_CURVE_WITH_KNOTS('',1,(#3939,#3940),.UNSPECIFIED.,.F.,
  .F.,(2,2),(-0.5,1.5),.PIECEWISE_BEZIER_KNOTS.);
#3939 = CARTESIAN_POINT('',(8.366025403784,12.490381056767));
#3940 = CARTESIAN_POINT('',(6.633974596216,13.490381056767));
#3941 = ( GEOMETRIC_REPRESENTATION_CONTEXT(2) 
PARAMETRIC_REPRESENTATION_CONTEXT() REPRESENTATION_CONTEXT('2D SPACE',''
  ) );
#3942 = PCURVE('',#1525,#3943);
#3943 = DEFINITIONAL_REPRESENTATION('',(#3944),#3947);
#3944 = B_SPLINE_CURVE_WITH_KNOTS('',1,(#3945,#3946),.UNSPECIFIED.,.F.,
  .F.,(2,2),(-0.5,1.5),.PIECEWISE_BEZIER_KNOTS.);
#3945 = CARTESIAN_POINT('',(98.5,0.));
#3946 = CARTESIAN_POINT('',(98.5,-2.));
#3947 = ( GEOMETRIC_REPRESENTATION_CONTEXT(2) 
PARAMETRIC_REPRESENTATION_CONTEXT() REPRESENTATION_CONTEXT('2D SPACE',''
  ) );
#3948 = ORIENTED_EDGE('',*,*,#3073,.T.);
#3949 = FACE_BOUND('',#3950,.F.);
#3950 = EDGE_LOOP('',(#3951));
#3951 = ORIENTED_EDGE('',*,*,#3952,.F.);
#3952 = EDGE_CURVE('',#3953,#3953,#3955,.T.);
#3953 = VERTEX_POINT('',#3954);
#3954 = CARTESIAN_POINT('',(47.,-4.898587196589E-16,0.));
#3955 = SURFACE_CURVE('',#3956,(#3961,#3968),.PCURVE_S1.);
#3956 = CIRCLE('',#3957,2.);
#3957 = AXIS2_PLACEMENT_3D('',#3958,#3959,#3960);
#3958 = CARTESIAN_POINT('',(45.,0.,0.));
#3959 = DIRECTION('',(0.,0.,1.));
#3960 = DIRECTION('',(1.,0.,0.));
#3961 = PCURVE('',#886,#3962);
#3962 = DEFINITIONAL_REPRESENTATION('',(#3963),#3967);
#3963 = CIRCLE('',#3964,2.);
#3964 = AXIS2_PLACEMENT_2D('',#3965,#3966);
#3965 = CARTESIAN_POINT('',(45.,0.));
#3966 = DIRECTION('',(1.,0.));
#3967 = ( GEOMETRIC_REPRESENTATION_CONTEXT(2) 
PARAMETRIC_REPRESENTATION_CONTEXT() REPRESENTATION_CONTEXT('2D SPACE',''
  ) );
#3968 = PCURVE('',#1574,#3969);
#3969 = DEFINITIONAL_REPRESENTATION('',(#3970),#3974);
#3970 = LINE('',#3971,#3972);
#3971 = CARTESIAN_POINT('',(0.,0.));
#3972 = VECTOR('',#3973,1.);
#3973 = DIRECTION('',(1.,0.));
#3974 = ( GEOMETRIC_REPRESENTATION_CONTEXT(2) 
PARAMETRIC_REPRESENTATION_CONTEXT() REPRESENTATION_CONTEXT('2D SPACE',''
  ) );
#3975 = FACE_BOUND('',#3976,.F.);
#3976 = EDGE_LOOP('',(#3977));
#3977 = ORIENTED_EDGE('',*,*,#3978,.F.);
#3978 = EDGE_CURVE('',#3979,#3979,#3981,.T.);
#3979 = VERTEX_POINT('',#3980);
#3980 = CARTESIAN_POINT('',(5.707906935397E-15,47.,0.));
#3981 = SURFACE_CURVE('',#3982,(#3987,#3994),.PCURVE_S1.);
#3982 = CIRCLE('',#3983,2.);
#3983 = AXIS2_PLACEMENT_3D('',#3984,#3985,#3986);
#3984 = CARTESIAN_POINT('',(4.996003610813E-15,45.,0.));
#3985 = DIRECTION('',(0.,-0.,1.));
#3986 = DIRECTION('',(1.110223024625E-16,1.,0.));
#3987 = PCURVE('',#886,#3988);
#3988 = DEFINITIONAL_REPRESENTATION('',(#3989),#3993);
#3989 = CIRCLE('',#3990,2.);
#3990 = AXIS2_PLACEMENT_2D('',#3991,#3992);
#3991 = CARTESIAN_POINT('',(4.996003610813E-15,45.));
#3992 = DIRECTION('',(1.110223024625E-16,1.));
#3993 = ( GEOMETRIC_REPRESENTATION_CONTEXT(2) 
PARAMETRIC_REPRESENTATION_CONTEXT() REPRESENTATION_CONTEXT('2D SPACE',''
  ) );
#3994 = PCURVE('',#1605,#3995);
#3995 = DEFINITIONAL_REPRESENTATION('',(#3996),#4000);
#3996 = LINE('',#3997,#3998);
#3997 = CARTESIAN_POINT('',(0.,0.));
#3998 = VECTOR('',#3999,1.);
#3999 = DIRECTION('',(1.,0.));
#4000 = ( GEOMETRIC_REPRESENTATION_CONTEXT(2) 
PARAMETRIC_REPRESENTATION_CONTEXT() REPRESENTATION_CONTEXT('2D SPACE',''
  ) );
#4001 = FACE_BOUND('',#4002,.F.);
#4002 = EDGE_LOOP('',(#4003));
#4003 = ORIENTED_EDGE('',*,*,#4004,.F.);
#4004 = EDGE_CURVE('',#4005,#4005,#4007,.T.);
#4005 = VERTEX_POINT('',#4006);
#4006 = CARTESIAN_POINT('',(33.234018715768,33.234018715768,0.));
#4007 = SURFACE_CURVE('',#4008,(#4013,#4020),.PCURVE_S1.);
#4008 = CIRCLE('',#4009,2.);
#4009 = AXIS2_PLACEMENT_3D('',#4010,#4011,#4012);
#4010 = CARTESIAN_POINT('',(31.819805153395,31.819805153395,0.));
#4011 = DIRECTION('',(0.,-0.,1.));
#4012 = DIRECTION('',(0.707106781187,0.707106781187,0.));
#4013 = PCURVE('',#886,#4014);
#4014 = DEFINITIONAL_REPRESENTATION('',(#4015),#4019);
#4015 = CIRCLE('',#4016,2.);
#4016 = AXIS2_PLACEMENT_2D('',#4017,#4018);
#4017 = CARTESIAN_POINT('',(31.819805153395,31.819805153395));
#4018 = DIRECTION('',(0.707106781187,0.707106781187));
#4019 = ( GEOMETRIC_REPRESENTATION_CONTEXT(2) 
PARAMETRIC_REPRESENTATION_CONTEXT() REPRESENTATION_CONTEXT('2D SPACE',''
  ) );
#4020 = PCURVE('',#1636,#4021);
#4021 = DEFINITIONAL_REPRESENTATION('',(#4022),#4026);
#4022 = LINE('',#4023,#4024);
#4023 = CARTESIAN_POINT('',(0.,0.));
#4024 = VECTOR('',#4025,1.);
#4025 = DIRECTION('',(1.,0.));
#4026 = ( GEOMETRIC_REPRESENTATION_CONTEXT(2) 
PARAMETRIC_REPRESENTATION_CONTEXT() REPRESENTATION_CONTEXT('2D SPACE',''
  ) );
#4027 = ADVANCED_FACE('',(#4028),#1009,.T.);
#4028 = FACE_BOUND('',#4029,.T.);
#4029 = EDGE_LOOP('',(#4030,#4031,#4054,#4081));
#4030 = ORIENTED_EDGE('',*,*,#992,.F.);
#4031 = ORIENTED_EDGE('',*,*,#4032,.F.);
#4032 = EDGE_CURVE('',#4033,#993,#4035,.T.);
#4033 = VERTEX_POINT('',#4034);
#4034 = CARTESIAN_POINT('',(60.4,-1.47937333337E-14,2.4));
#4035 = SEAM_CURVE('',#4036,(#4040,#4047),.PCURVE_S1.);
#4036 = LINE('',#4037,#4038);
#4037 = CARTESIAN_POINT('',(60.4,-1.47937333337E-14,2.4));
#4038 = VECTOR('',#4039,1.);
#4039 = DIRECTION('',(0.,0.,1.));
#4040 = PCURVE('',#1009,#4041);
#4041 = DEFINITIONAL_REPRESENTATION('',(#4042),#4046);
#4042 = LINE('',#4043,#4044);
#4043 = CARTESIAN_POINT('',(6.28318530718,-0.));
#4044 = VECTOR('',#4045,1.);
#4045 = DIRECTION('',(0.,1.));
#4046 = ( GEOMETRIC_REPRESENTATION_CONTEXT(2) 
PARAMETRIC_REPRESENTATION_CONTEXT() REPRESENTATION_CONTEXT('2D SPACE',''
  ) );
#4047 = PCURVE('',#1009,#4048);
#4048 = DEFINITIONAL_REPRESENTATION('',(#4049),#4053);
#4049 = LINE('',#4050,#4051);
#4050 = CARTESIAN_POINT('',(0.,-0.));
#4051 = VECTOR('',#4052,1.);
#4052 = DIRECTION('',(0.,1.));
#4053 = ( GEOMETRIC_REPRESENTATION_CONTEXT(2) 
PARAMETRIC_REPRESENTATION_CONTEXT() REPRESENTATION_CONTEXT('2D SPACE',''
  ) );
#4054 = ORIENTED_EDGE('',*,*,#4055,.T.);
#4055 = EDGE_CURVE('',#4033,#4033,#4056,.T.);
#4056 = SURFACE_CURVE('',#4057,(#4062,#4069),.PCURVE_S1.);
#4057 = CIRCLE('',#4058,60.4);
#4058 = AXIS2_PLACEMENT_3D('',#4059,#4060,#4061);
#4059 = CARTESIAN_POINT('',(0.,0.,2.4));
#4060 = DIRECTION('',(0.,0.,1.));
#4061 = DIRECTION('',(1.,0.,0.));
#4062 = PCURVE('',#1009,#4063);
#4063 = DEFINITIONAL_REPRESENTATION('',(#4064),#4068);
#4064 = LINE('',#4065,#4066);
#4065 = CARTESIAN_POINT('',(0.,0.));
#4066 = VECTOR('',#4067,1.);
#4067 = DIRECTION('',(1.,0.));
#4068 = ( GEOMETRIC_REPRESENTATION_CONTEXT(2) 
PARAMETRIC_REPRESENTATION_CONTEXT() REPRESENTATION_CONTEXT('2D SPACE',''
  ) );
#4069 = PCURVE('',#4070,#4075);
#4070 = PLANE('',#4071);
#4071 = AXIS2_PLACEMENT_3D('',#4072,#4073,#4074);
#4072 = CARTESIAN_POINT('',(0.,0.,2.4));
#4073 = DIRECTION('',(0.,0.,1.));
#4074 = DIRECTION('',(1.,0.,-0.));
#4075 = DEFINITIONAL_REPRESENTATION('',(#4076),#4080);
#4076 = CIRCLE('',#4077,60.4);
#4077 = AXIS2_PLACEMENT_2D('',#4078,#4079);
#4078 = CARTESIAN_POINT('',(0.,0.));
#4079 = DIRECTION('',(1.,0.));
#4080 = ( GEOMETRIC_REPRESENTATION_CONTEXT(2) 
PARAMETRIC_REPRESENTATION_CONTEXT() REPRESENTATION_CONTEXT('2D SPACE',''
  ) );
#4081 = ORIENTED_EDGE('',*,*,#4032,.T.);
#4082 = ADVANCED_FACE('',(#4083),#1040,.F.);
#4083 = FACE_BOUND('',#4084,.F.);
#4084 = EDGE_LOOP('',(#4085,#4086,#4107,#4108));
#4085 = ORIENTED_EDGE('',*,*,#1023,.F.);
#4086 = ORIENTED_EDGE('',*,*,#4087,.F.);
#4087 = EDGE_CURVE('',#3602,#1024,#4088,.T.);
#4088 = SEAM_CURVE('',#4089,(#4093,#4100),.PCURVE_S1.);
#4089 = LINE('',#4090,#4091);
#4090 = CARTESIAN_POINT('',(-33.23401871576,-33.23401871576,0.));
#4091 = VECTOR('',#4092,1.);
#4092 = DIRECTION('',(0.,0.,1.));
#4093 = PCURVE('',#1040,#4094);
#4094 = DEFINITIONAL_REPRESENTATION('',(#4095),#4099);
#4095 = LINE('',#4096,#4097);
#4096 = CARTESIAN_POINT('',(6.28318530718,-0.));
#4097 = VECTOR('',#4098,1.);
#4098 = DIRECTION('',(0.,1.));
#4099 = ( GEOMETRIC_REPRESENTATION_CONTEXT(2) 
PARAMETRIC_REPRESENTATION_CONTEXT() REPRESENTATION_CONTEXT('2D SPACE',''
  ) );
#4100 = PCURVE('',#1040,#4101);
#4101 = DEFINITIONAL_REPRESENTATION('',(#4102),#4106);
#4102 = LINE('',#4103,#4104);
#4103 = CARTESIAN_POINT('',(0.,-0.));
#4104 = VECTOR('',#4105,1.);
#4105 = DIRECTION('',(0.,1.));
#4106 = ( GEOMETRIC_REPRESENTATION_CONTEXT(2) 
PARAMETRIC_REPRESENTATION_CONTEXT() REPRESENTATION_CONTEXT('2D SPACE',''
  ) );
#4107 = ORIENTED_EDGE('',*,*,#3601,.T.);
#4108 = ORIENTED_EDGE('',*,*,#4087,.T.);
#4109 = ADVANCED_FACE('',(#4110),#1071,.F.);
#4110 = FACE_BOUND('',#4111,.F.);
#4111 = EDGE_LOOP('',(#4112,#4113,#4134,#4135));
#4112 = ORIENTED_EDGE('',*,*,#1054,.F.);
#4113 = ORIENTED_EDGE('',*,*,#4114,.F.);
#4114 = EDGE_CURVE('',#3628,#1055,#4115,.T.);
#4115 = SEAM_CURVE('',#4116,(#4120,#4127),.PCURVE_S1.);
#4116 = LINE('',#4117,#4118);
#4117 = CARTESIAN_POINT('',(-1.092595515114E-14,-47.,0.));
#4118 = VECTOR('',#4119,1.);
#4119 = DIRECTION('',(0.,0.,1.));
#4120 = PCURVE('',#1071,#4121);
#4121 = DEFINITIONAL_REPRESENTATION('',(#4122),#4126);
#4122 = LINE('',#4123,#4124);
#4123 = CARTESIAN_POINT('',(6.28318530718,-0.));
#4124 = VECTOR('',#4125,1.);
#4125 = DIRECTION('',(0.,1.));
#4126 = ( GEOMETRIC_REPRESENTATION_CONTEXT(2) 
PARAMETRIC_REPRESENTATION_CONTEXT() REPRESENTATION_CONTEXT('2D SPACE',''
  ) );
#4127 = PCURVE('',#1071,#4128);
#4128 = DEFINITIONAL_REPRESENTATION('',(#4129),#4133);
#4129 = LINE('',#4130,#4131);
#4130 = CARTESIAN_POINT('',(0.,-0.));
#4131 = VECTOR('',#4132,1.);
#4132 = DIRECTION('',(0.,1.));
#4133 = ( GEOMETRIC_REPRESENTATION_CONTEXT(2) 
PARAMETRIC_REPRESENTATION_CONTEXT() REPRESENTATION_CONTEXT('2D SPACE',''
  ) );
#4134 = ORIENTED_EDGE('',*,*,#3627,.T.);
#4135 = ORIENTED_EDGE('',*,*,#4114,.T.);
#4136 = ADVANCED_FACE('',(#4137),#1102,.F.);
#4137 = FACE_BOUND('',#4138,.F.);
#4138 = EDGE_LOOP('',(#4139,#4140,#4161,#4162));
#4139 = ORIENTED_EDGE('',*,*,#1085,.F.);
#4140 = ORIENTED_EDGE('',*,*,#4141,.F.);
#4141 = EDGE_CURVE('',#3654,#1086,#4142,.T.);
#4142 = SEAM_CURVE('',#4143,(#4147,#4154),.PCURVE_S1.);
#4143 = LINE('',#4144,#4145);
#4144 = CARTESIAN_POINT('',(33.234018715768,-33.23401871576,0.));
#4145 = VECTOR('',#4146,1.);
#4146 = DIRECTION('',(0.,0.,1.));
#4147 = PCURVE('',#1102,#4148);
#4148 = DEFINITIONAL_REPRESENTATION('',(#4149),#4153);
#4149 = LINE('',#4150,#4151);
#4150 = CARTESIAN_POINT('',(6.28318530718,-0.));
#4151 = VECTOR('',#4152,1.);
#4152 = DIRECTION('',(0.,1.));
#4153 = ( GEOMETRIC_REPRESENTATION_CONTEXT(2) 
PARAMETRIC_REPRESENTATION_CONTEXT() REPRESENTATION_CONTEXT('2D SPACE',''
  ) );
#4154 = PCURVE('',#1102,#4155);
#4155 = DEFINITIONAL_REPRESENTATION('',(#4156),#4160);
#4156 = LINE('',#4157,#4158);
#4157 = CARTESIAN_POINT('',(0.,-0.));
#4158 = VECTOR('',#4159,1.);
#4159 = DIRECTION('',(0.,1.));
#4160 = ( GEOMETRIC_REPRESENTATION_CONTEXT(2) 
PARAMETRIC_REPRESENTATION_CONTEXT() REPRESENTATION_CONTEXT('2D SPACE',''
  ) );
#4161 = ORIENTED_EDGE('',*,*,#3653,.T.);
#4162 = ORIENTED_EDGE('',*,*,#4141,.T.);
#4163 = ADVANCED_FACE('',(#4164),#1133,.F.);
#4164 = FACE_BOUND('',#4165,.F.);
#4165 = EDGE_LOOP('',(#4166,#4167,#4188,#4189));
#4166 = ORIENTED_EDGE('',*,*,#1116,.F.);
#4167 = ORIENTED_EDGE('',*,*,#4168,.F.);
#4168 = EDGE_CURVE('',#3680,#1117,#4169,.T.);
#4169 = SEAM_CURVE('',#4170,(#4174,#4181),.PCURVE_S1.);
#4170 = LINE('',#4171,#4172);
#4171 = CARTESIAN_POINT('',(-47.,6.245698675652E-15,0.));
#4172 = VECTOR('',#4173,1.);
#4173 = DIRECTION('',(0.,0.,1.));
#4174 = PCURVE('',#1133,#4175);
#4175 = DEFINITIONAL_REPRESENTATION('',(#4176),#4180);
#4176 = LINE('',#4177,#4178);
#4177 = CARTESIAN_POINT('',(6.28318530718,-0.));
#4178 = VECTOR('',#4179,1.);
#4179 = DIRECTION('',(0.,1.));
#4180 = ( GEOMETRIC_REPRESENTATION_CONTEXT(2) 
PARAMETRIC_REPRESENTATION_CONTEXT() REPRESENTATION_CONTEXT('2D SPACE',''
  ) );
#4181 = PCURVE('',#1133,#4182);
#4182 = DEFINITIONAL_REPRESENTATION('',(#4183),#4187);
#4183 = LINE('',#4184,#4185);
#4184 = CARTESIAN_POINT('',(0.,-0.));
#4185 = VECTOR('',#4186,1.);
#4186 = DIRECTION('',(0.,1.));
#4187 = ( GEOMETRIC_REPRESENTATION_CONTEXT(2) 
PARAMETRIC_REPRESENTATION_CONTEXT() REPRESENTATION_CONTEXT('2D SPACE',''
  ) );
#4188 = ORIENTED_EDGE('',*,*,#3679,.T.);
#4189 = ORIENTED_EDGE('',*,*,#4168,.T.);
#4190 = ADVANCED_FACE('',(#4191),#1164,.F.);
#4191 = FACE_BOUND('',#4192,.F.);
#4192 = EDGE_LOOP('',(#4193,#4194,#4215,#4216));
#4193 = ORIENTED_EDGE('',*,*,#1147,.F.);
#4194 = ORIENTED_EDGE('',*,*,#4195,.F.);
#4195 = EDGE_CURVE('',#3706,#1148,#4196,.T.);
#4196 = SEAM_CURVE('',#4197,(#4201,#4208),.PCURVE_S1.);
#4197 = LINE('',#4198,#4199);
#4198 = CARTESIAN_POINT('',(-33.23401871576,33.234018715768,0.));
#4199 = VECTOR('',#4200,1.);
#4200 = DIRECTION('',(0.,0.,1.));
#4201 = PCURVE('',#1164,#4202);
#4202 = DEFINITIONAL_REPRESENTATION('',(#4203),#4207);
#4203 = LINE('',#4204,#4205);
#4204 = CARTESIAN_POINT('',(6.28318530718,-0.));
#4205 = VECTOR('',#4206,1.);
#4206 = DIRECTION('',(0.,1.));
#4207 = ( GEOMETRIC_REPRESENTATION_CONTEXT(2) 
PARAMETRIC_REPRESENTATION_CONTEXT() REPRESENTATION_CONTEXT('2D SPACE',''
  ) );
#4208 = PCURVE('',#1164,#4209);
#4209 = DEFINITIONAL_REPRESENTATION('',(#4210),#4214);
#4210 = LINE('',#4211,#4212);
#4211 = CARTESIAN_POINT('',(0.,-0.));
#4212 = VECTOR('',#4213,1.);
#4213 = DIRECTION('',(0.,1.));
#4214 = ( GEOMETRIC_REPRESENTATION_CONTEXT(2) 
PARAMETRIC_REPRESENTATION_CONTEXT() REPRESENTATION_CONTEXT('2D SPACE',''
  ) );
#4215 = ORIENTED_EDGE('',*,*,#3705,.T.);
#4216 = ORIENTED_EDGE('',*,*,#4195,.T.);
#4217 = ADVANCED_FACE('',(#4218),#1525,.F.);
#4218 = FACE_BOUND('',#4219,.F.);
#4219 = EDGE_LOOP('',(#4220,#4221,#4222,#4223));
#4220 = ORIENTED_EDGE('',*,*,#3050,.F.);
#4221 = ORIENTED_EDGE('',*,*,#3930,.T.);
#4222 = ORIENTED_EDGE('',*,*,#2867,.T.);
#4223 = ORIENTED_EDGE('',*,*,#1510,.F.);
#4224 = ADVANCED_FACE('',(#4225),#1458,.F.);
#4225 = FACE_BOUND('',#4226,.F.);
#4226 = EDGE_LOOP('',(#4227,#4228,#4229,#4230));
#4227 = ORIENTED_EDGE('',*,*,#2746,.F.);
#4228 = ORIENTED_EDGE('',*,*,#3887,.T.);
#4229 = ORIENTED_EDGE('',*,*,#2563,.T.);
#4230 = ORIENTED_EDGE('',*,*,#1443,.F.);
#4231 = ADVANCED_FACE('',(#4232),#1391,.F.);
#4232 = FACE_BOUND('',#4233,.F.);
#4233 = EDGE_LOOP('',(#4234,#4235,#4236,#4237));
#4234 = ORIENTED_EDGE('',*,*,#2442,.F.);
#4235 = ORIENTED_EDGE('',*,*,#3844,.T.);
#4236 = ORIENTED_EDGE('',*,*,#2259,.T.);
#4237 = ORIENTED_EDGE('',*,*,#1376,.F.);
#4238 = ADVANCED_FACE('',(#4239),#1324,.F.);
#4239 = FACE_BOUND('',#4240,.F.);
#4240 = EDGE_LOOP('',(#4241,#4242,#4243,#4244));
#4241 = ORIENTED_EDGE('',*,*,#2138,.F.);
#4242 = ORIENTED_EDGE('',*,*,#3801,.T.);
#4243 = ORIENTED_EDGE('',*,*,#1955,.T.);
#4244 = ORIENTED_EDGE('',*,*,#1309,.F.);
#4245 = ADVANCED_FACE('',(#4246),#1257,.F.);
#4246 = FACE_BOUND('',#4247,.F.);
#4247 = EDGE_LOOP('',(#4248,#4249,#4250,#4251));
#4248 = ORIENTED_EDGE('',*,*,#1834,.F.);
#4249 = ORIENTED_EDGE('',*,*,#3758,.T.);
#4250 = ORIENTED_EDGE('',*,*,#1651,.T.);
#4251 = ORIENTED_EDGE('',*,*,#1242,.F.);
#4252 = ADVANCED_FACE('',(#4253),#1574,.F.);
#4253 = FACE_BOUND('',#4254,.F.);
#4254 = EDGE_LOOP('',(#4255,#4256,#4277,#4278));
#4255 = ORIENTED_EDGE('',*,*,#1557,.F.);
#4256 = ORIENTED_EDGE('',*,*,#4257,.F.);
#4257 = EDGE_CURVE('',#3953,#1558,#4258,.T.);
#4258 = SEAM_CURVE('',#4259,(#4263,#4270),.PCURVE_S1.);
#4259 = LINE('',#4260,#4261);
#4260 = CARTESIAN_POINT('',(47.,-4.898587196589E-16,0.));
#4261 = VECTOR('',#4262,1.);
#4262 = DIRECTION('',(0.,0.,1.));
#4263 = PCURVE('',#1574,#4264);
#4264 = DEFINITIONAL_REPRESENTATION('',(#4265),#4269);
#4265 = LINE('',#4266,#4267);
#4266 = CARTESIAN_POINT('',(6.28318530718,-0.));
#4267 = VECTOR('',#4268,1.);
#4268 = DIRECTION('',(0.,1.));
#4269 = ( GEOMETRIC_REPRESENTATION_CONTEXT(2) 
PARAMETRIC_REPRESENTATION_CONTEXT() REPRESENTATION_CONTEXT('2D SPACE',''
  ) );
#4270 = PCURVE('',#1574,#4271);
#4271 = DEFINITIONAL_REPRESENTATION('',(#4272),#4276);
#4272 = LINE('',#4273,#4274);
#4273 = CARTESIAN_POINT('',(0.,-0.));
#4274 = VECTOR('',#4275,1.);
#4275 = DIRECTION('',(0.,1.));
#4276 = ( GEOMETRIC_REPRESENTATION_CONTEXT(2) 
PARAMETRIC_REPRESENTATION_CONTEXT() REPRESENTATION_CONTEXT('2D SPACE',''
  ) );
#4277 = ORIENTED_EDGE('',*,*,#3952,.T.);
#4278 = ORIENTED_EDGE('',*,*,#4257,.T.);
#4279 = ADVANCED_FACE('',(#4280),#1605,.F.);
#4280 = FACE_BOUND('',#4281,.F.);
#4281 = EDGE_LOOP('',(#4282,#4283,#4304,#4305));
#4282 = ORIENTED_EDGE('',*,*,#1588,.F.);
#4283 = ORIENTED_EDGE('',*,*,#4284,.F.);
#4284 = EDGE_CURVE('',#3979,#1589,#4285,.T.);
#4285 = SEAM_CURVE('',#4286,(#4290,#4297),.PCURVE_S1.);
#4286 = LINE('',#4287,#4288);
#4287 = CARTESIAN_POINT('',(5.707906935397E-15,47.,0.));
#4288 = VECTOR('',#4289,1.);
#4289 = DIRECTION('',(0.,0.,1.));
#4290 = PCURVE('',#1605,#4291);
#4291 = DEFINITIONAL_REPRESENTATION('',(#4292),#4296);
#4292 = LINE('',#4293,#4294);
#4293 = CARTESIAN_POINT('',(6.28318530718,-0.));
#4294 = VECTOR('',#4295,1.);
#4295 = DIRECTION('',(0.,1.));
#4296 = ( GEOMETRIC_REPRESENTATION_CONTEXT(2) 
PARAMETRIC_REPRESENTATION_CONTEXT() REPRESENTATION_CONTEXT('2D SPACE',''
  ) );
#4297 = PCURVE('',#1605,#4298);
#4298 = DEFINITIONAL_REPRESENTATION('',(#4299),#4303);
#4299 = LINE('',#4300,#4301);
#4300 = CARTESIAN_POINT('',(0.,-0.));
#4301 = VECTOR('',#4302,1.);
#4302 = DIRECTION('',(0.,1.));
#4303 = ( GEOMETRIC_REPRESENTATION_CONTEXT(2) 
PARAMETRIC_REPRESENTATION_CONTEXT() REPRESENTATION_CONTEXT('2D SPACE',''
  ) );
#4304 = ORIENTED_EDGE('',*,*,#3978,.T.);
#4305 = ORIENTED_EDGE('',*,*,#4284,.T.);
#4306 = ADVANCED_FACE('',(#4307),#1636,.F.);
#4307 = FACE_BOUND('',#4308,.F.);
#4308 = EDGE_LOOP('',(#4309,#4310,#4331,#4332));
#4309 = ORIENTED_EDGE('',*,*,#1619,.F.);
#4310 = ORIENTED_EDGE('',*,*,#4311,.F.);
#4311 = EDGE_CURVE('',#4005,#1620,#4312,.T.);
#4312 = SEAM_CURVE('',#4313,(#4317,#4324),.PCURVE_S1.);
#4313 = LINE('',#4314,#4315);
#4314 = CARTESIAN_POINT('',(33.234018715768,33.234018715768,0.));
#4315 = VECTOR('',#4316,1.);
#4316 = DIRECTION('',(0.,0.,1.));
#4317 = PCURVE('',#1636,#4318);
#4318 = DEFINITIONAL_REPRESENTATION('',(#4319),#4323);
#4319 = LINE('',#4320,#4321);
#4320 = CARTESIAN_POINT('',(6.28318530718,-0.));
#4321 = VECTOR('',#4322,1.);
#4322 = DIRECTION('',(0.,1.));
#4323 = ( GEOMETRIC_REPRESENTATION_CONTEXT(2) 
PARAMETRIC_REPRESENTATION_CONTEXT() REPRESENTATION_CONTEXT('2D SPACE',''
  ) );
#4324 = PCURVE('',#1636,#4325);
#4325 = DEFINITIONAL_REPRESENTATION('',(#4326),#4330);
#4326 = LINE('',#4327,#4328);
#4327 = CARTESIAN_POINT('',(0.,-0.));
#4328 = VECTOR('',#4329,1.);
#4329 = DIRECTION('',(0.,1.));
#4330 = ( GEOMETRIC_REPRESENTATION_CONTEXT(2) 
PARAMETRIC_REPRESENTATION_CONTEXT() REPRESENTATION_CONTEXT('2D SPACE',''
  ) );
#4331 = ORIENTED_EDGE('',*,*,#4004,.T.);
#4332 = ORIENTED_EDGE('',*,*,#4311,.T.);
#4333 = ADVANCED_FACE('',(#4334),#1919,.F.);
#4334 = FACE_BOUND('',#4335,.F.);
#4335 = EDGE_LOOP('',(#4336,#4358,#4359,#4360));
#4336 = ORIENTED_EDGE('',*,*,#4337,.T.);
#4337 = EDGE_CURVE('',#2000,#1879,#4338,.T.);
#4338 = SURFACE_CURVE('',#4339,(#4344,#4351),.PCURVE_S1.);
#4339 = CIRCLE('',#4340,12.);
#4340 = AXIS2_PLACEMENT_3D('',#4341,#4342,#4343);
#4341 = CARTESIAN_POINT('',(0.,0.,-45.));
#4342 = DIRECTION('',(0.,0.,1.));
#4343 = DIRECTION('',(1.,0.,0.));
#4344 = PCURVE('',#1919,#4345);
#4345 = DEFINITIONAL_REPRESENTATION('',(#4346),#4350);
#4346 = CIRCLE('',#4347,12.);
#4347 = AXIS2_PLACEMENT_2D('',#4348,#4349);
#4348 = CARTESIAN_POINT('',(0.,0.));
#4349 = DIRECTION('',(1.,0.));
#4350 = ( GEOMETRIC_REPRESENTATION_CONTEXT(2) 
PARAMETRIC_REPRESENTATION_CONTEXT() REPRESENTATION_CONTEXT('2D SPACE',''
  ) );
#4351 = PCURVE('',#1893,#4352);
#4352 = DEFINITIONAL_REPRESENTATION('',(#4353),#4357);
#4353 = LINE('',#4354,#4355);
#4354 = CARTESIAN_POINT('',(0.,0.));
#4355 = VECTOR('',#4356,1.);
#4356 = DIRECTION('',(1.,0.));
#4357 = ( GEOMETRIC_REPRESENTATION_CONTEXT(2) 
PARAMETRIC_REPRESENTATION_CONTEXT() REPRESENTATION_CONTEXT('2D SPACE',''
  ) );
#4358 = ORIENTED_EDGE('',*,*,#1904,.T.);
#4359 = ORIENTED_EDGE('',*,*,#3437,.F.);
#4360 = ORIENTED_EDGE('',*,*,#2020,.F.);
#4361 = ADVANCED_FACE('',(#4362),#1893,.T.);
#4362 = FACE_BOUND('',#4363,.T.);
#4363 = EDGE_LOOP('',(#4364,#4365,#4366,#4367));
#4364 = ORIENTED_EDGE('',*,*,#1878,.T.);
#4365 = ORIENTED_EDGE('',*,*,#3778,.F.);
#4366 = ORIENTED_EDGE('',*,*,#1999,.F.);
#4367 = ORIENTED_EDGE('',*,*,#4337,.T.);
#4368 = ADVANCED_FACE('',(#4369),#2223,.F.);
#4369 = FACE_BOUND('',#4370,.F.);
#4370 = EDGE_LOOP('',(#4371,#4393,#4394,#4395));
#4371 = ORIENTED_EDGE('',*,*,#4372,.T.);
#4372 = EDGE_CURVE('',#2304,#2183,#4373,.T.);
#4373 = SURFACE_CURVE('',#4374,(#4379,#4386),.PCURVE_S1.);
#4374 = CIRCLE('',#4375,12.);
#4375 = AXIS2_PLACEMENT_3D('',#4376,#4377,#4378);
#4376 = CARTESIAN_POINT('',(0.,0.,-45.));
#4377 = DIRECTION('',(0.,0.,1.));
#4378 = DIRECTION('',(1.,0.,0.));
#4379 = PCURVE('',#2223,#4380);
#4380 = DEFINITIONAL_REPRESENTATION('',(#4381),#4385);
#4381 = CIRCLE('',#4382,12.);
#4382 = AXIS2_PLACEMENT_2D('',#4383,#4384);
#4383 = CARTESIAN_POINT('',(0.,0.));
#4384 = DIRECTION('',(1.,0.));
#4385 = ( GEOMETRIC_REPRESENTATION_CONTEXT(2) 
PARAMETRIC_REPRESENTATION_CONTEXT() REPRESENTATION_CONTEXT('2D SPACE',''
  ) );
#4386 = PCURVE('',#2197,#4387);
#4387 = DEFINITIONAL_REPRESENTATION('',(#4388),#4392);
#4388 = LINE('',#4389,#4390);
#4389 = CARTESIAN_POINT('',(0.,0.));
#4390 = VECTOR('',#4391,1.);
#4391 = DIRECTION('',(1.,0.));
#4392 = ( GEOMETRIC_REPRESENTATION_CONTEXT(2) 
PARAMETRIC_REPRESENTATION_CONTEXT() REPRESENTATION_CONTEXT('2D SPACE',''
  ) );
#4393 = ORIENTED_EDGE('',*,*,#2208,.T.);
#4394 = ORIENTED_EDGE('',*,*,#3412,.F.);
#4395 = ORIENTED_EDGE('',*,*,#2324,.F.);
#4396 = ADVANCED_FACE('',(#4397),#2197,.T.);
#4397 = FACE_BOUND('',#4398,.T.);
#4398 = EDGE_LOOP('',(#4399,#4400,#4401,#4402));
#4399 = ORIENTED_EDGE('',*,*,#2182,.T.);
#4400 = ORIENTED_EDGE('',*,*,#3821,.F.);
#4401 = ORIENTED_EDGE('',*,*,#2303,.F.);
#4402 = ORIENTED_EDGE('',*,*,#4372,.T.);
#4403 = ADVANCED_FACE('',(#4404),#2527,.F.);
#4404 = FACE_BOUND('',#4405,.F.);
#4405 = EDGE_LOOP('',(#4406,#4407,#4429,#4430));
#4406 = ORIENTED_EDGE('',*,*,#2628,.F.);
#4407 = ORIENTED_EDGE('',*,*,#4408,.T.);
#4408 = EDGE_CURVE('',#2608,#2487,#4409,.T.);
#4409 = SURFACE_CURVE('',#4410,(#4415,#4422),.PCURVE_S1.);
#4410 = CIRCLE('',#4411,12.);
#4411 = AXIS2_PLACEMENT_3D('',#4412,#4413,#4414);
#4412 = CARTESIAN_POINT('',(0.,0.,-45.));
#4413 = DIRECTION('',(0.,0.,1.));
#4414 = DIRECTION('',(1.,0.,0.));
#4415 = PCURVE('',#2527,#4416);
#4416 = DEFINITIONAL_REPRESENTATION('',(#4417),#4421);
#4417 = CIRCLE('',#4418,12.);
#4418 = AXIS2_PLACEMENT_2D('',#4419,#4420);
#4419 = CARTESIAN_POINT('',(0.,0.));
#4420 = DIRECTION('',(1.,0.));
#4421 = ( GEOMETRIC_REPRESENTATION_CONTEXT(2) 
PARAMETRIC_REPRESENTATION_CONTEXT() REPRESENTATION_CONTEXT('2D SPACE',''
  ) );
#4422 = PCURVE('',#2501,#4423);
#4423 = DEFINITIONAL_REPRESENTATION('',(#4424),#4428);
#4424 = LINE('',#4425,#4426);
#4425 = CARTESIAN_POINT('',(0.,0.));
#4426 = VECTOR('',#4427,1.);
#4427 = DIRECTION('',(1.,0.));
#4428 = ( GEOMETRIC_REPRESENTATION_CONTEXT(2) 
PARAMETRIC_REPRESENTATION_CONTEXT() REPRESENTATION_CONTEXT('2D SPACE',''
  ) );
#4429 = ORIENTED_EDGE('',*,*,#2512,.T.);
#4430 = ORIENTED_EDGE('',*,*,#3387,.F.);
#4431 = ADVANCED_FACE('',(#4432),#2501,.T.);
#4432 = FACE_BOUND('',#4433,.T.);
#4433 = EDGE_LOOP('',(#4434,#4435,#4436,#4437));
#4434 = ORIENTED_EDGE('',*,*,#3864,.F.);
#4435 = ORIENTED_EDGE('',*,*,#2607,.F.);
#4436 = ORIENTED_EDGE('',*,*,#4408,.T.);
#4437 = ORIENTED_EDGE('',*,*,#2486,.T.);
#4438 = ADVANCED_FACE('',(#4439),#2831,.F.);
#4439 = FACE_BOUND('',#4440,.F.);
#4440 = EDGE_LOOP('',(#4441,#4442,#4464,#4465));
#4441 = ORIENTED_EDGE('',*,*,#2932,.F.);
#4442 = ORIENTED_EDGE('',*,*,#4443,.T.);
#4443 = EDGE_CURVE('',#2912,#2791,#4444,.T.);
#4444 = SURFACE_CURVE('',#4445,(#4450,#4457),.PCURVE_S1.);
#4445 = CIRCLE('',#4446,12.);
#4446 = AXIS2_PLACEMENT_3D('',#4447,#4448,#4449);
#4447 = CARTESIAN_POINT('',(0.,0.,-45.));
#4448 = DIRECTION('',(0.,0.,1.));
#4449 = DIRECTION('',(1.,0.,0.));
#4450 = PCURVE('',#2831,#4451);
#4451 = DEFINITIONAL_REPRESENTATION('',(#4452),#4456);
#4452 = CIRCLE('',#4453,12.);
#4453 = AXIS2_PLACEMENT_2D('',#4454,#4455);
#4454 = CARTESIAN_POINT('',(0.,0.));
#4455 = DIRECTION('',(1.,0.));
#4456 = ( GEOMETRIC_REPRESENTATION_CONTEXT(2) 
PARAMETRIC_REPRESENTATION_CONTEXT() REPRESENTATION_CONTEXT('2D SPACE',''
  ) );
#4457 = PCURVE('',#2805,#4458);
#4458 = DEFINITIONAL_REPRESENTATION('',(#4459),#4463);
#4459 = LINE('',#4460,#4461);
#4460 = CARTESIAN_POINT('',(0.,0.));
#4461 = VECTOR('',#4462,1.);
#4462 = DIRECTION('',(1.,0.));
#4463 = ( GEOMETRIC_REPRESENTATION_CONTEXT(2) 
PARAMETRIC_REPRESENTATION_CONTEXT() REPRESENTATION_CONTEXT('2D SPACE',''
  ) );
#4464 = ORIENTED_EDGE('',*,*,#2816,.T.);
#4465 = ORIENTED_EDGE('',*,*,#3362,.F.);
#4466 = ADVANCED_FACE('',(#4467),#2805,.T.);
#4467 = FACE_BOUND('',#4468,.T.);
#4468 = EDGE_LOOP('',(#4469,#4470,#4471,#4472));
#4469 = ORIENTED_EDGE('',*,*,#3907,.F.);
#4470 = ORIENTED_EDGE('',*,*,#2911,.F.);
#4471 = ORIENTED_EDGE('',*,*,#4443,.T.);
#4472 = ORIENTED_EDGE('',*,*,#2790,.T.);
#4473 = ADVANCED_FACE('',(#4474),#3135,.F.);
#4474 = FACE_BOUND('',#4475,.F.);
#4475 = EDGE_LOOP('',(#4476,#4477,#4499,#4500));
#4476 = ORIENTED_EDGE('',*,*,#3236,.F.);
#4477 = ORIENTED_EDGE('',*,*,#4478,.T.);
#4478 = EDGE_CURVE('',#3216,#3095,#4479,.T.);
#4479 = SURFACE_CURVE('',#4480,(#4485,#4492),.PCURVE_S1.);
#4480 = CIRCLE('',#4481,12.);
#4481 = AXIS2_PLACEMENT_3D('',#4482,#4483,#4484);
#4482 = CARTESIAN_POINT('',(0.,0.,-45.));
#4483 = DIRECTION('',(0.,0.,1.));
#4484 = DIRECTION('',(1.,0.,0.));
#4485 = PCURVE('',#3135,#4486);
#4486 = DEFINITIONAL_REPRESENTATION('',(#4487),#4491);
#4487 = CIRCLE('',#4488,12.);
#4488 = AXIS2_PLACEMENT_2D('',#4489,#4490);
#4489 = CARTESIAN_POINT('',(0.,0.));
#4490 = DIRECTION('',(1.,0.));
#4491 = ( GEOMETRIC_REPRESENTATION_CONTEXT(2) 
PARAMETRIC_REPRESENTATION_CONTEXT() REPRESENTATION_CONTEXT('2D SPACE',''
  ) );
#4492 = PCURVE('',#3109,#4493);
#4493 = DEFINITIONAL_REPRESENTATION('',(#4494),#4498);
#4494 = LINE('',#4495,#4496);
#4495 = CARTESIAN_POINT('',(0.,0.));
#4496 = VECTOR('',#4497,1.);
#4497 = DIRECTION('',(1.,0.));
#4498 = ( GEOMETRIC_REPRESENTATION_CONTEXT(2) 
PARAMETRIC_REPRESENTATION_CONTEXT() REPRESENTATION_CONTEXT('2D SPACE',''
  ) );
#4499 = ORIENTED_EDGE('',*,*,#3120,.T.);
#4500 = ORIENTED_EDGE('',*,*,#3337,.F.);
#4501 = ADVANCED_FACE('',(#4502),#3109,.T.);
#4502 = FACE_BOUND('',#4503,.T.);
#4503 = EDGE_LOOP('',(#4504,#4505,#4506,#4507));
#4504 = ORIENTED_EDGE('',*,*,#3731,.F.);
#4505 = ORIENTED_EDGE('',*,*,#3215,.F.);
#4506 = ORIENTED_EDGE('',*,*,#4478,.T.);
#4507 = ORIENTED_EDGE('',*,*,#3094,.T.);
#4508 = ADVANCED_FACE('',(#4509),#3587,.F.);
#4509 = FACE_BOUND('',#4510,.F.);
#4510 = EDGE_LOOP('',(#4511,#4534,#4535,#4536));
#4511 = ORIENTED_EDGE('',*,*,#4512,.T.);
#4512 = EDGE_CURVE('',#4513,#3571,#4515,.T.);
#4513 = VERTEX_POINT('',#4514);
#4514 = CARTESIAN_POINT('',(47.3,-1.158515871993E-14,-8.));
#4515 = SEAM_CURVE('',#4516,(#4520,#4527),.PCURVE_S1.);
#4516 = LINE('',#4517,#4518);
#4517 = CARTESIAN_POINT('',(47.3,-1.158515871993E-14,-10.));
#4518 = VECTOR('',#4519,1.);
#4519 = DIRECTION('',(0.,0.,1.));
#4520 = PCURVE('',#3587,#4521);
#4521 = DEFINITIONAL_REPRESENTATION('',(#4522),#4526);
#4522 = LINE('',#4523,#4524);
#4523 = CARTESIAN_POINT('',(6.28318530718,-0.));
#4524 = VECTOR('',#4525,1.);
#4525 = DIRECTION('',(0.,1.));
#4526 = ( GEOMETRIC_REPRESENTATION_CONTEXT(2) 
PARAMETRIC_REPRESENTATION_CONTEXT() REPRESENTATION_CONTEXT('2D SPACE',''
  ) );
#4527 = PCURVE('',#3587,#4528);
#4528 = DEFINITIONAL_REPRESENTATION('',(#4529),#4533);
#4529 = LINE('',#4530,#4531);
#4530 = CARTESIAN_POINT('',(0.,-0.));
#4531 = VECTOR('',#4532,1.);
#4532 = DIRECTION('',(0.,1.));
#4533 = ( GEOMETRIC_REPRESENTATION_CONTEXT(2) 
PARAMETRIC_REPRESENTATION_CONTEXT() REPRESENTATION_CONTEXT('2D SPACE',''
  ) );
#4534 = ORIENTED_EDGE('',*,*,#3570,.F.);
#4535 = ORIENTED_EDGE('',*,*,#4512,.F.);
#4536 = ORIENTED_EDGE('',*,*,#4537,.T.);
#4537 = EDGE_CURVE('',#4513,#4513,#4538,.T.);
#4538 = SURFACE_CURVE('',#4539,(#4544,#4551),.PCURVE_S1.);
#4539 = CIRCLE('',#4540,47.3);
#4540 = AXIS2_PLACEMENT_3D('',#4541,#4542,#4543);
#4541 = CARTESIAN_POINT('',(0.,0.,-8.));
#4542 = DIRECTION('',(0.,0.,1.));
#4543 = DIRECTION('',(1.,0.,-0.));
#4544 = PCURVE('',#3587,#4545);
#4545 = DEFINITIONAL_REPRESENTATION('',(#4546),#4550);
#4546 = LINE('',#4547,#4548);
#4547 = CARTESIAN_POINT('',(0.,2.));
#4548 = VECTOR('',#4549,1.);
#4549 = DIRECTION('',(1.,0.));
#4550 = ( GEOMETRIC_REPRESENTATION_CONTEXT(2) 
PARAMETRIC_REPRESENTATION_CONTEXT() REPRESENTATION_CONTEXT('2D SPACE',''
  ) );
#4551 = PCURVE('',#4552,#4557);
#4552 = PLANE('',#4553);
#4553 = AXIS2_PLACEMENT_3D('',#4554,#4555,#4556);
#4554 = CARTESIAN_POINT('',(0.,0.,-8.));
#4555 = DIRECTION('',(0.,0.,1.));
#4556 = DIRECTION('',(1.,0.,-0.));
#4557 = DEFINITIONAL_REPRESENTATION('',(#4558),#4562);
#4558 = CIRCLE('',#4559,47.3);
#4559 = AXIS2_PLACEMENT_2D('',#4560,#4561);
#4560 = CARTESIAN_POINT('',(0.,0.));
#4561 = DIRECTION('',(1.,0.));
#4562 = ( GEOMETRIC_REPRESENTATION_CONTEXT(2) 
PARAMETRIC_REPRESENTATION_CONTEXT() REPRESENTATION_CONTEXT('2D SPACE',''
  ) );
#4563 = ADVANCED_FACE('',(#4564,#4595),#4070,.T.);
#4564 = FACE_BOUND('',#4565,.T.);
#4565 = EDGE_LOOP('',(#4566));
#4566 = ORIENTED_EDGE('',*,*,#4567,.T.);
#4567 = EDGE_CURVE('',#4568,#4568,#4570,.T.);
#4568 = VERTEX_POINT('',#4569);
#4569 = CARTESIAN_POINT('',(60.643239702201,-7.426654939123E-15,2.4));
#4570 = SURFACE_CURVE('',#4571,(#4576,#4583),.PCURVE_S1.);
#4571 = CIRCLE('',#4572,60.643239702201);
#4572 = AXIS2_PLACEMENT_3D('',#4573,#4574,#4575);
#4573 = CARTESIAN_POINT('',(0.,0.,2.4));
#4574 = DIRECTION('',(0.,0.,1.));
#4575 = DIRECTION('',(1.,0.,-0.));
#4576 = PCURVE('',#4070,#4577);
#4577 = DEFINITIONAL_REPRESENTATION('',(#4578),#4582);
#4578 = CIRCLE('',#4579,60.643239702201);
#4579 = AXIS2_PLACEMENT_2D('',#4580,#4581);
#4580 = CARTESIAN_POINT('',(0.,0.));
#4581 = DIRECTION('',(1.,0.));
#4582 = ( GEOMETRIC_REPRESENTATION_CONTEXT(2) 
PARAMETRIC_REPRESENTATION_CONTEXT() REPRESENTATION_CONTEXT('2D SPACE',''
  ) );
#4583 = PCURVE('',#4584,#4589);
#4584 = CONICAL_SURFACE('',#4585,60.600396595888,1.817981507298E-02);
#4585 = AXIS2_PLACEMENT_3D('',#4586,#4587,#4588);
#4586 = CARTESIAN_POINT('',(0.,0.,4.362915280204E-02));
#4587 = DIRECTION('',(0.,0.,1.));
#4588 = DIRECTION('',(1.,0.,-0.));
#4589 = DEFINITIONAL_REPRESENTATION('',(#4590),#4594);
#4590 = LINE('',#4591,#4592);
#4591 = CARTESIAN_POINT('',(0.,2.356370847198));
#4592 = VECTOR('',#4593,1.);
#4593 = DIRECTION('',(1.,0.));
#4594 = ( GEOMETRIC_REPRESENTATION_CONTEXT(2) 
PARAMETRIC_REPRESENTATION_CONTEXT() REPRESENTATION_CONTEXT('2D SPACE',''
  ) );
#4595 = FACE_BOUND('',#4596,.T.);
#4596 = EDGE_LOOP('',(#4597));
#4597 = ORIENTED_EDGE('',*,*,#4055,.F.);
#4598 = ADVANCED_FACE('',(#4599,#4630),#4552,.F.);
#4599 = FACE_BOUND('',#4600,.F.);
#4600 = EDGE_LOOP('',(#4601));
#4601 = ORIENTED_EDGE('',*,*,#4602,.T.);
#4602 = EDGE_CURVE('',#4603,#4603,#4605,.T.);
#4603 = VERTEX_POINT('',#4604);
#4604 = CARTESIAN_POINT('',(49.7,-1.217298918352E-14,-8.));
#4605 = SURFACE_CURVE('',#4606,(#4611,#4618),.PCURVE_S1.);
#4606 = CIRCLE('',#4607,49.7);
#4607 = AXIS2_PLACEMENT_3D('',#4608,#4609,#4610);
#4608 = CARTESIAN_POINT('',(0.,0.,-8.));
#4609 = DIRECTION('',(0.,0.,1.));
#4610 = DIRECTION('',(1.,0.,-0.));
#4611 = PCURVE('',#4552,#4612);
#4612 = DEFINITIONAL_REPRESENTATION('',(#4613),#4617);
#4613 = CIRCLE('',#4614,49.7);
#4614 = AXIS2_PLACEMENT_2D('',#4615,#4616);
#4615 = CARTESIAN_POINT('',(0.,0.));
#4616 = DIRECTION('',(1.,0.));
#4617 = ( GEOMETRIC_REPRESENTATION_CONTEXT(2) 
PARAMETRIC_REPRESENTATION_CONTEXT() REPRESENTATION_CONTEXT('2D SPACE',''
  ) );
#4618 = PCURVE('',#4619,#4624);
#4619 = CYLINDRICAL_SURFACE('',#4620,49.7);
#4620 = AXIS2_PLACEMENT_3D('',#4621,#4622,#4623);
#4621 = CARTESIAN_POINT('',(0.,0.,-8.));
#4622 = DIRECTION('',(0.,0.,1.));
#4623 = DIRECTION('',(1.,0.,-0.));
#4624 = DEFINITIONAL_REPRESENTATION('',(#4625),#4629);
#4625 = LINE('',#4626,#4627);
#4626 = CARTESIAN_POINT('',(0.,0.));
#4627 = VECTOR('',#4628,1.);
#4628 = DIRECTION('',(1.,0.));
#4629 = ( GEOMETRIC_REPRESENTATION_CONTEXT(2) 
PARAMETRIC_REPRESENTATION_CONTEXT() REPRESENTATION_CONTEXT('2D SPACE',''
  ) );
#4630 = FACE_BOUND('',#4631,.F.);
#4631 = EDGE_LOOP('',(#4632));
#4632 = ORIENTED_EDGE('',*,*,#4537,.F.);
#4633 = ADVANCED_FACE('',(#4634,#4830,#4958,#5086,#5214,#5342,#5470,
    #5598,#5729,#5857,#5985,#6113,#6241,#6369,#6497,#6628,#6756,#6884,
    #7012,#7140,#7268,#7396,#7524,#7652),#4584,.F.);
#4634 = FACE_BOUND('',#4635,.F.);
#4635 = EDGE_LOOP('',(#4636,#4661,#4688,#4689,#4718,#4752,#4781,#4802,
    #4803,#4804));
#4636 = ORIENTED_EDGE('',*,*,#4637,.T.);
#4637 = EDGE_CURVE('',#4638,#4640,#4642,.T.);
#4638 = VERTEX_POINT('',#4639);
#4639 = CARTESIAN_POINT('',(62.508694247655,-7.655107232927E-15,105.));
#4640 = VERTEX_POINT('',#4641);
#4641 = CARTESIAN_POINT('',(62.599603338564,-1.533248077129E-14,110.));
#4642 = SEAM_CURVE('',#4643,(#4647,#4654),.PCURVE_S1.);
#4643 = LINE('',#4644,#4645);
#4644 = CARTESIAN_POINT('',(60.600396595888,-1.484281634364E-14,
    4.362915280204E-02));
#4645 = VECTOR('',#4646,1.);
#4646 = DIRECTION('',(1.817881366751E-02,-4.452525194044E-18,
    0.999834751713));
#4647 = PCURVE('',#4584,#4648);
#4648 = DEFINITIONAL_REPRESENTATION('',(#4649),#4653);
#4649 = LINE('',#4650,#4651);
#4650 = CARTESIAN_POINT('',(6.28318530718,-0.));
#4651 = VECTOR('',#4652,1.);
#4652 = DIRECTION('',(0.,1.));
#4653 = ( GEOMETRIC_REPRESENTATION_CONTEXT(2) 
PARAMETRIC_REPRESENTATION_CONTEXT() REPRESENTATION_CONTEXT('2D SPACE',''
  ) );
#4654 = PCURVE('',#4584,#4655);
#4655 = DEFINITIONAL_REPRESENTATION('',(#4656),#4660);
#4656 = LINE('',#4657,#4658);
#4657 = CARTESIAN_POINT('',(0.,-0.));
#4658 = VECTOR('',#4659,1.);
#4659 = DIRECTION('',(0.,1.));
#4660 = ( GEOMETRIC_REPRESENTATION_CONTEXT(2) 
PARAMETRIC_REPRESENTATION_CONTEXT() REPRESENTATION_CONTEXT('2D SPACE',''
  ) );
#4661 = ORIENTED_EDGE('',*,*,#4662,.F.);
#4662 = EDGE_CURVE('',#4640,#4640,#4663,.T.);
#4663 = SURFACE_CURVE('',#4664,(#4669,#4676),.PCURVE_S1.);
#4664 = CIRCLE('',#4665,62.599603338564);
#4665 = AXIS2_PLACEMENT_3D('',#4666,#4667,#4668);
#4666 = CARTESIAN_POINT('',(0.,0.,110.));
#4667 = DIRECTION('',(0.,0.,1.));
#4668 = DIRECTION('',(1.,0.,-0.));
#4669 = PCURVE('',#4584,#4670);
#4670 = DEFINITIONAL_REPRESENTATION('',(#4671),#4675);
#4671 = LINE('',#4672,#4673);
#4672 = CARTESIAN_POINT('',(0.,109.95637084719));
#4673 = VECTOR('',#4674,1.);
#4674 = DIRECTION('',(1.,0.));
#4675 = ( GEOMETRIC_REPRESENTATION_CONTEXT(2) 
PARAMETRIC_REPRESENTATION_CONTEXT() REPRESENTATION_CONTEXT('2D SPACE',''
  ) );
#4676 = PCURVE('',#4677,#4682);
#4677 = PLANE('',#4678);
#4678 = AXIS2_PLACEMENT_3D('',#4679,#4680,#4681);
#4679 = CARTESIAN_POINT('',(0.,0.,110.));
#4680 = DIRECTION('',(0.,0.,1.));
#4681 = DIRECTION('',(1.,0.,-0.));
#4682 = DEFINITIONAL_REPRESENTATION('',(#4683),#4687);
#4683 = CIRCLE('',#4684,62.599603338564);
#4684 = AXIS2_PLACEMENT_2D('',#4685,#4686);
#4685 = CARTESIAN_POINT('',(0.,0.));
#4686 = DIRECTION('',(1.,0.));
#4687 = ( GEOMETRIC_REPRESENTATION_CONTEXT(2) 
PARAMETRIC_REPRESENTATION_CONTEXT() REPRESENTATION_CONTEXT('2D SPACE',''
  ) );
#4688 = ORIENTED_EDGE('',*,*,#4637,.F.);
#4689 = ORIENTED_EDGE('',*,*,#4690,.T.);
#4690 = EDGE_CURVE('',#4638,#4691,#4693,.T.);
#4691 = VERTEX_POINT('',#4692);
#4692 = CARTESIAN_POINT('',(62.166265080174,6.533937750575,105.));
#4693 = SURFACE_CURVE('',#4694,(#4699,#4706),.PCURVE_S1.);
#4694 = CIRCLE('',#4695,62.508694247655);
#4695 = AXIS2_PLACEMENT_3D('',#4696,#4697,#4698);
#4696 = CARTESIAN_POINT('',(0.,0.,105.));
#4697 = DIRECTION('',(0.,0.,1.));
#4698 = DIRECTION('',(1.,0.,-0.));
#4699 = PCURVE('',#4584,#4700);
#4700 = DEFINITIONAL_REPRESENTATION('',(#4701),#4705);
#4701 = LINE('',#4702,#4703);
#4702 = CARTESIAN_POINT('',(0.,104.95637084719));
#4703 = VECTOR('',#4704,1.);
#4704 = DIRECTION('',(1.,0.));
#4705 = ( GEOMETRIC_REPRESENTATION_CONTEXT(2) 
PARAMETRIC_REPRESENTATION_CONTEXT() REPRESENTATION_CONTEXT('2D SPACE',''
  ) );
#4706 = PCURVE('',#4707,#4712);
#4707 = PLANE('',#4708);
#4708 = AXIS2_PLACEMENT_3D('',#4709,#4710,#4711);
#4709 = CARTESIAN_POINT('',(0.,0.,105.));
#4710 = DIRECTION('',(0.,0.,1.));
#4711 = DIRECTION('',(1.,0.,0.));
#4712 = DEFINITIONAL_REPRESENTATION('',(#4713),#4717);
#4713 = CIRCLE('',#4714,62.508694247655);
#4714 = AXIS2_PLACEMENT_2D('',#4715,#4716);
#4715 = CARTESIAN_POINT('',(0.,0.));
#4716 = DIRECTION('',(1.,0.));
#4717 = ( GEOMETRIC_REPRESENTATION_CONTEXT(2) 
PARAMETRIC_REPRESENTATION_CONTEXT() REPRESENTATION_CONTEXT('2D SPACE',''
  ) );
#4718 = ORIENTED_EDGE('',*,*,#4719,.F.);
#4719 = EDGE_CURVE('',#4720,#4691,#4722,.T.);
#4720 = VERTEX_POINT('',#4721);
#4721 = CARTESIAN_POINT('',(60.358043452232,6.343885999179,5.));
#4722 = SURFACE_CURVE('',#4723,(#4729,#4738),.PCURVE_S1.);
#4723 = B_SPLINE_CURVE_WITH_KNOTS('',4,(#4724,#4725,#4726,#4727,#4728),
  .UNSPECIFIED.,.F.,.F.,(5,5),(0.,1.),.PIECEWISE_BEZIER_KNOTS.);
#4724 = CARTESIAN_POINT('',(60.31102968996,6.338944653649,2.40000000303)
  );
#4725 = CARTESIAN_POINT('',(60.797441307862,6.390068574773,
    29.300000002236));
#4726 = CARTESIAN_POINT('',(61.28385292574,6.441192495894,
    56.200000000107));
#4727 = CARTESIAN_POINT('',(61.770264543609,6.492316417015,
    83.099999997474));
#4728 = CARTESIAN_POINT('',(62.256676161511,6.543440338138,
    109.99999999668));
#4729 = PCURVE('',#4584,#4730);
#4730 = DEFINITIONAL_REPRESENTATION('',(#4731),#4737);
#4731 = B_SPLINE_CURVE_WITH_KNOTS('',4,(#4732,#4733,#4734,#4735,#4736),
  .UNSPECIFIED.,.F.,.F.,(5,5),(0.,1.),.PIECEWISE_BEZIER_KNOTS.);
#4732 = CARTESIAN_POINT('',(0.10471975512,2.356370847198));
#4733 = CARTESIAN_POINT('',(0.10471975512,29.256370846404));
#4734 = CARTESIAN_POINT('',(0.10471975512,56.15637084695));
#4735 = CARTESIAN_POINT('',(0.10471975512,83.05637084799));
#4736 = CARTESIAN_POINT('',(0.10471975512,109.95637084719));
#4737 = ( GEOMETRIC_REPRESENTATION_CONTEXT(2) 
PARAMETRIC_REPRESENTATION_CONTEXT() REPRESENTATION_CONTEXT('2D SPACE',''
  ) );
#4738 = PCURVE('',#4739,#4744);
#4739 = PLANE('',#4740);
#4740 = AXIS2_PLACEMENT_3D('',#4741,#4742,#4743);
#4741 = CARTESIAN_POINT('',(0.,0.,5.));
#4742 = DIRECTION('',(0.104528463268,-0.994521895368,0.));
#4743 = DIRECTION('',(0.994521895368,0.104528463268,0.));
#4744 = DEFINITIONAL_REPRESENTATION('',(#4745),#4751);
#4745 = B_SPLINE_CURVE_WITH_KNOTS('',4,(#4746,#4747,#4748,#4749,#4750),
  .UNSPECIFIED.,.F.,.F.,(5,5),(0.,1.),.PIECEWISE_BEZIER_KNOTS.);
#4746 = CARTESIAN_POINT('',(60.643239702256,-2.59999999697));
#4747 = CARTESIAN_POINT('',(61.132330611332,24.300000002236));
#4748 = CARTESIAN_POINT('',(61.621421520384,51.200000000107));
#4749 = CARTESIAN_POINT('',(62.110512429428,78.099999997474));
#4750 = CARTESIAN_POINT('',(62.599603338504,104.99999999668));
#4751 = ( GEOMETRIC_REPRESENTATION_CONTEXT(2) 
PARAMETRIC_REPRESENTATION_CONTEXT() REPRESENTATION_CONTEXT('2D SPACE',''
  ) );
#4752 = ORIENTED_EDGE('',*,*,#4753,.F.);
#4753 = EDGE_CURVE('',#4754,#4720,#4756,.T.);
#4754 = VERTEX_POINT('',#4755);
#4755 = CARTESIAN_POINT('',(60.690512429473,-7.432444178537E-15,5.));
#4756 = SURFACE_CURVE('',#4757,(#4762,#4769),.PCURVE_S1.);
#4757 = CIRCLE('',#4758,60.690512429473);
#4758 = AXIS2_PLACEMENT_3D('',#4759,#4760,#4761);
#4759 = CARTESIAN_POINT('',(0.,0.,5.));
#4760 = DIRECTION('',(0.,0.,1.));
#4761 = DIRECTION('',(1.,0.,-0.));
#4762 = PCURVE('',#4584,#4763);
#4763 = DEFINITIONAL_REPRESENTATION('',(#4764),#4768);
#4764 = LINE('',#4765,#4766);
#4765 = CARTESIAN_POINT('',(0.,4.956370847198));
#4766 = VECTOR('',#4767,1.);
#4767 = DIRECTION('',(1.,0.));
#4768 = ( GEOMETRIC_REPRESENTATION_CONTEXT(2) 
PARAMETRIC_REPRESENTATION_CONTEXT() REPRESENTATION_CONTEXT('2D SPACE',''
  ) );
#4769 = PCURVE('',#4770,#4775);
#4770 = PLANE('',#4771);
#4771 = AXIS2_PLACEMENT_3D('',#4772,#4773,#4774);
#4772 = CARTESIAN_POINT('',(0.,0.,5.));
#4773 = DIRECTION('',(0.,0.,1.));
#4774 = DIRECTION('',(1.,0.,0.));
#4775 = DEFINITIONAL_REPRESENTATION('',(#4776),#4780);
#4776 = CIRCLE('',#4777,60.690512429473);
#4777 = AXIS2_PLACEMENT_2D('',#4778,#4779);
#4778 = CARTESIAN_POINT('',(0.,0.));
#4779 = DIRECTION('',(1.,0.));
#4780 = ( GEOMETRIC_REPRESENTATION_CONTEXT(2) 
PARAMETRIC_REPRESENTATION_CONTEXT() REPRESENTATION_CONTEXT('2D SPACE',''
  ) );
#4781 = ORIENTED_EDGE('',*,*,#4782,.F.);
#4782 = EDGE_CURVE('',#4568,#4754,#4783,.T.);
#4783 = SEAM_CURVE('',#4784,(#4788,#4795),.PCURVE_S1.);
#4784 = LINE('',#4785,#4786);
#4785 = CARTESIAN_POINT('',(60.600396595888,-1.484281634364E-14,
    4.362915280204E-02));
#4786 = VECTOR('',#4787,1.);
#4787 = DIRECTION('',(1.817881366751E-02,-4.452525194044E-18,
    0.999834751713));
#4788 = PCURVE('',#4584,#4789);
#4789 = DEFINITIONAL_REPRESENTATION('',(#4790),#4794);
#4790 = LINE('',#4791,#4792);
#4791 = CARTESIAN_POINT('',(6.28318530718,-0.));
#4792 = VECTOR('',#4793,1.);
#4793 = DIRECTION('',(0.,1.));
#4794 = ( GEOMETRIC_REPRESENTATION_CONTEXT(2) 
PARAMETRIC_REPRESENTATION_CONTEXT() REPRESENTATION_CONTEXT('2D SPACE',''
  ) );
#4795 = PCURVE('',#4584,#4796);
#4796 = DEFINITIONAL_REPRESENTATION('',(#4797),#4801);
#4797 = LINE('',#4798,#4799);
#4798 = CARTESIAN_POINT('',(0.,-0.));
#4799 = VECTOR('',#4800,1.);
#4800 = DIRECTION('',(0.,1.));
#4801 = ( GEOMETRIC_REPRESENTATION_CONTEXT(2) 
PARAMETRIC_REPRESENTATION_CONTEXT() REPRESENTATION_CONTEXT('2D SPACE',''
  ) );
#4802 = ORIENTED_EDGE('',*,*,#4567,.T.);
#4803 = ORIENTED_EDGE('',*,*,#4782,.T.);
#4804 = ORIENTED_EDGE('',*,*,#4805,.T.);
#4805 = EDGE_CURVE('',#4754,#4638,#4806,.T.);
#4806 = SURFACE_CURVE('',#4807,(#4811,#4818),.PCURVE_S1.);
#4807 = LINE('',#4808,#4809);
#4808 = CARTESIAN_POINT('',(60.600396595888,-1.484281634364E-14,
    4.362915280204E-02));
#4809 = VECTOR('',#4810,1.);
#4810 = DIRECTION('',(1.817881366751E-02,-4.452525194044E-18,
    0.999834751713));
#4811 = PCURVE('',#4584,#4812);
#4812 = DEFINITIONAL_REPRESENTATION('',(#4813),#4817);
#4813 = LINE('',#4814,#4815);
#4814 = CARTESIAN_POINT('',(6.28318530718,-0.));
#4815 = VECTOR('',#4816,1.);
#4816 = DIRECTION('',(0.,1.));
#4817 = ( GEOMETRIC_REPRESENTATION_CONTEXT(2) 
PARAMETRIC_REPRESENTATION_CONTEXT() REPRESENTATION_CONTEXT('2D SPACE',''
  ) );
#4818 = PCURVE('',#4819,#4824);
#4819 = PLANE('',#4820);
#4820 = AXIS2_PLACEMENT_3D('',#4821,#4822,#4823);
#4821 = CARTESIAN_POINT('',(0.,0.,5.));
#4822 = DIRECTION('',(0.,-1.,0.));
#4823 = DIRECTION('',(1.,0.,0.));
#4824 = DEFINITIONAL_REPRESENTATION('',(#4825),#4829);
#4825 = LINE('',#4826,#4827);
#4826 = CARTESIAN_POINT('',(60.600396595888,-4.956370847198));
#4827 = VECTOR('',#4828,1.);
#4828 = DIRECTION('',(1.817881366751E-02,0.999834751713));
#4829 = ( GEOMETRIC_REPRESENTATION_CONTEXT(2) 
PARAMETRIC_REPRESENTATION_CONTEXT() REPRESENTATION_CONTEXT('2D SPACE',''
  ) );
#4830 = FACE_BOUND('',#4831,.F.);
#4831 = EDGE_LOOP('',(#4832,#4868,#4897,#4931));
#4832 = ORIENTED_EDGE('',*,*,#4833,.T.);
#4833 = EDGE_CURVE('',#4834,#4836,#4838,.T.);
#4834 = VERTEX_POINT('',#4835);
#4835 = CARTESIAN_POINT('',(58.622533366346,15.707860473779,5.));
#4836 = VERTEX_POINT('',#4837);
#4837 = CARTESIAN_POINT('',(60.378762141417,16.178440555784,105.));
#4838 = SURFACE_CURVE('',#4839,(#4845,#4854),.PCURVE_S1.);
#4839 = B_SPLINE_CURVE_WITH_KNOTS('',4,(#4840,#4841,#4842,#4843,#4844),
  .UNSPECIFIED.,.F.,.F.,(5,5),(0.,1.),.PIECEWISE_BEZIER_KNOTS.);
#4840 = CARTESIAN_POINT('',(58.576871418247,15.695625391661,
    2.40000000303));
#4841 = CARTESIAN_POINT('',(59.049296958728,15.822211433717,
    29.300000002236));
#4842 = CARTESIAN_POINT('',(59.521722499184,15.948797475766,
    56.20000000011));
#4843 = CARTESIAN_POINT('',(59.994148039632,16.075383517813,
    83.099999997474));
#4844 = CARTESIAN_POINT('',(60.466573580112,16.201969559868,
    109.99999999668));
#4845 = PCURVE('',#4584,#4846);
#4846 = DEFINITIONAL_REPRESENTATION('',(#4847),#4853);
#4847 = B_SPLINE_CURVE_WITH_KNOTS('',4,(#4848,#4849,#4850,#4851,#4852),
  .UNSPECIFIED.,.F.,.F.,(5,5),(0.,1.),.PIECEWISE_BEZIER_KNOTS.);
#4848 = CARTESIAN_POINT('',(0.261799387799,2.356370847198));
#4849 = CARTESIAN_POINT('',(0.261799387799,29.256370846404));
#4850 = CARTESIAN_POINT('',(0.261799387799,56.156370846946));
#4851 = CARTESIAN_POINT('',(0.261799387799,83.056370847991));
#4852 = CARTESIAN_POINT('',(0.261799387799,109.95637084719));
#4853 = ( GEOMETRIC_REPRESENTATION_CONTEXT(2) 
PARAMETRIC_REPRESENTATION_CONTEXT() REPRESENTATION_CONTEXT('2D SPACE',''
  ) );
#4854 = PCURVE('',#4855,#4860);
#4855 = PLANE('',#4856);
#4856 = AXIS2_PLACEMENT_3D('',#4857,#4858,#4859);
#4857 = CARTESIAN_POINT('',(0.,0.,5.));
#4858 = DIRECTION('',(0.258819045103,-0.965925826289,0.));
#4859 = DIRECTION('',(0.965925826289,0.258819045103,0.));
#4860 = DEFINITIONAL_REPRESENTATION('',(#4861),#4867);
#4861 = B_SPLINE_CURVE_WITH_KNOTS('',4,(#4862,#4863,#4864,#4865,#4866),
  .UNSPECIFIED.,.F.,.F.,(5,5),(0.,1.),.PIECEWISE_BEZIER_KNOTS.);
#4862 = CARTESIAN_POINT('',(60.643239702256,-2.59999999697));
#4863 = CARTESIAN_POINT('',(61.132330611332,24.300000002236));
#4864 = CARTESIAN_POINT('',(61.621421520385,51.20000000011));
#4865 = CARTESIAN_POINT('',(62.110512429428,78.099999997474));
#4866 = CARTESIAN_POINT('',(62.599603338504,104.99999999668));
#4867 = ( GEOMETRIC_REPRESENTATION_CONTEXT(2) 
PARAMETRIC_REPRESENTATION_CONTEXT() REPRESENTATION_CONTEXT('2D SPACE',''
  ) );
#4868 = ORIENTED_EDGE('',*,*,#4869,.T.);
#4869 = EDGE_CURVE('',#4836,#4870,#4872,.T.);
#4870 = VERTEX_POINT('',#4871);
#4871 = CARTESIAN_POINT('',(58.356893435509,22.401112586286,105.));
#4872 = SURFACE_CURVE('',#4873,(#4878,#4885),.PCURVE_S1.);
#4873 = CIRCLE('',#4874,62.508694247655);
#4874 = AXIS2_PLACEMENT_3D('',#4875,#4876,#4877);
#4875 = CARTESIAN_POINT('',(0.,0.,105.));
#4876 = DIRECTION('',(0.,0.,1.));
#4877 = DIRECTION('',(1.,0.,-0.));
#4878 = PCURVE('',#4584,#4879);
#4879 = DEFINITIONAL_REPRESENTATION('',(#4880),#4884);
#4880 = LINE('',#4881,#4882);
#4881 = CARTESIAN_POINT('',(0.,104.95637084719));
#4882 = VECTOR('',#4883,1.);
#4883 = DIRECTION('',(1.,0.));
#4884 = ( GEOMETRIC_REPRESENTATION_CONTEXT(2) 
PARAMETRIC_REPRESENTATION_CONTEXT() REPRESENTATION_CONTEXT('2D SPACE',''
  ) );
#4885 = PCURVE('',#4886,#4891);
#4886 = PLANE('',#4887);
#4887 = AXIS2_PLACEMENT_3D('',#4888,#4889,#4890);
#4888 = CARTESIAN_POINT('',(0.,0.,105.));
#4889 = DIRECTION('',(0.,0.,1.));
#4890 = DIRECTION('',(0.965925826289,0.258819045103,0.));
#4891 = DEFINITIONAL_REPRESENTATION('',(#4892),#4896);
#4892 = CIRCLE('',#4893,62.508694247655);
#4893 = AXIS2_PLACEMENT_2D('',#4894,#4895);
#4894 = CARTESIAN_POINT('',(0.,0.));
#4895 = DIRECTION('',(0.965925826289,-0.258819045103));
#4896 = ( GEOMETRIC_REPRESENTATION_CONTEXT(2) 
PARAMETRIC_REPRESENTATION_CONTEXT() REPRESENTATION_CONTEXT('2D SPACE',''
  ) );
#4897 = ORIENTED_EDGE('',*,*,#4898,.F.);
#4898 = EDGE_CURVE('',#4899,#4870,#4901,.T.);
#4899 = VERTEX_POINT('',#4900);
#4900 = CARTESIAN_POINT('',(56.659474478242,21.749534496204,5.));
#4901 = SURFACE_CURVE('',#4902,(#4908,#4917),.PCURVE_S1.);
#4902 = B_SPLINE_CURVE_WITH_KNOTS('',4,(#4903,#4904,#4905,#4906,#4907),
  .UNSPECIFIED.,.F.,.F.,(5,5),(0.,1.),.PIECEWISE_BEZIER_KNOTS.);
#4903 = CARTESIAN_POINT('',(56.615341585404,21.732593465882,
    2.40000000303));
#4904 = CARTESIAN_POINT('',(57.071947284896,21.907867972109,
    29.300000002236));
#4905 = CARTESIAN_POINT('',(57.528552984364,22.083142478327,
    56.20000000011));
#4906 = CARTESIAN_POINT('',(57.985158683825,22.258416984542,
    83.099999997474));
#4907 = CARTESIAN_POINT('',(58.441764383316,22.433691490769,
    109.99999999668));
#4908 = PCURVE('',#4584,#4909);
#4909 = DEFINITIONAL_REPRESENTATION('',(#4910),#4916);
#4910 = B_SPLINE_CURVE_WITH_KNOTS('',4,(#4911,#4912,#4913,#4914,#4915),
  .UNSPECIFIED.,.F.,.F.,(5,5),(0.,1.),.PIECEWISE_BEZIER_KNOTS.);
#4911 = CARTESIAN_POINT('',(0.366519142919,2.356370847198));
#4912 = CARTESIAN_POINT('',(0.366519142919,29.256370846404));
#4913 = CARTESIAN_POINT('',(0.366519142919,56.156370846946));
#4914 = CARTESIAN_POINT('',(0.366519142919,83.056370847991));
#4915 = CARTESIAN_POINT('',(0.366519142919,109.95637084719));
#4916 = ( GEOMETRIC_REPRESENTATION_CONTEXT(2) 
PARAMETRIC_REPRESENTATION_CONTEXT() REPRESENTATION_CONTEXT('2D SPACE',''
  ) );
#4917 = PCURVE('',#4918,#4923);
#4918 = PLANE('',#4919);
#4919 = AXIS2_PLACEMENT_3D('',#4920,#4921,#4922);
#4920 = CARTESIAN_POINT('',(0.,0.,5.));
#4921 = DIRECTION('',(0.358367949545,-0.933580426497,0.));
#4922 = DIRECTION('',(0.933580426497,0.358367949545,0.));
#4923 = DEFINITIONAL_REPRESENTATION('',(#4924),#4930);
#4924 = B_SPLINE_CURVE_WITH_KNOTS('',4,(#4925,#4926,#4927,#4928,#4929),
  .UNSPECIFIED.,.F.,.F.,(5,5),(0.,1.),.PIECEWISE_BEZIER_KNOTS.);
#4925 = CARTESIAN_POINT('',(60.643239702256,-2.59999999697));
#4926 = CARTESIAN_POINT('',(61.132330611332,24.300000002236));
#4927 = CARTESIAN_POINT('',(61.621421520385,51.20000000011));
#4928 = CARTESIAN_POINT('',(62.110512429428,78.099999997474));
#4929 = CARTESIAN_POINT('',(62.599603338504,104.99999999668));
#4930 = ( GEOMETRIC_REPRESENTATION_CONTEXT(2) 
PARAMETRIC_REPRESENTATION_CONTEXT() REPRESENTATION_CONTEXT('2D SPACE',''
  ) );
#4931 = ORIENTED_EDGE('',*,*,#4932,.F.);
#4932 = EDGE_CURVE('',#4834,#4899,#4933,.T.);
#4933 = SURFACE_CURVE('',#4934,(#4939,#4946),.PCURVE_S1.);
#4934 = CIRCLE('',#4935,60.690512429473);
#4935 = AXIS2_PLACEMENT_3D('',#4936,#4937,#4938);
#4936 = CARTESIAN_POINT('',(0.,0.,5.));
#4937 = DIRECTION('',(0.,0.,1.));
#4938 = DIRECTION('',(1.,0.,-0.));
#4939 = PCURVE('',#4584,#4940);
#4940 = DEFINITIONAL_REPRESENTATION('',(#4941),#4945);
#4941 = LINE('',#4942,#4943);
#4942 = CARTESIAN_POINT('',(0.,4.956370847198));
#4943 = VECTOR('',#4944,1.);
#4944 = DIRECTION('',(1.,0.));
#4945 = ( GEOMETRIC_REPRESENTATION_CONTEXT(2) 
PARAMETRIC_REPRESENTATION_CONTEXT() REPRESENTATION_CONTEXT('2D SPACE',''
  ) );
#4946 = PCURVE('',#4947,#4952);
#4947 = PLANE('',#4948);
#4948 = AXIS2_PLACEMENT_3D('',#4949,#4950,#4951);
#4949 = CARTESIAN_POINT('',(0.,0.,5.));
#4950 = DIRECTION('',(0.,0.,1.));
#4951 = DIRECTION('',(0.965925826289,0.258819045103,0.));
#4952 = DEFINITIONAL_REPRESENTATION('',(#4953),#4957);
#4953 = CIRCLE('',#4954,60.690512429473);
#4954 = AXIS2_PLACEMENT_2D('',#4955,#4956);
#4955 = CARTESIAN_POINT('',(0.,0.));
#4956 = DIRECTION('',(0.965925826289,-0.258819045103));
#4957 = ( GEOMETRIC_REPRESENTATION_CONTEXT(2) 
PARAMETRIC_REPRESENTATION_CONTEXT() REPRESENTATION_CONTEXT('2D SPACE',''
  ) );
#4958 = FACE_BOUND('',#4959,.F.);
#4959 = EDGE_LOOP('',(#4960,#4996,#5025,#5059));
#4960 = ORIENTED_EDGE('',*,*,#4961,.T.);
#4961 = EDGE_CURVE('',#4962,#4964,#4966,.T.);
#4962 = VERTEX_POINT('',#4963);
#4963 = CARTESIAN_POINT('',(52.559525532619,30.345256214737,5.));
#4964 = VERTEX_POINT('',#4965);
#4965 = CARTESIAN_POINT('',(54.134117175864,31.254347123828,105.));
#4966 = SURFACE_CURVE('',#4967,(#4973,#4982),.PCURVE_S1.);
#4967 = B_SPLINE_CURVE_WITH_KNOTS('',4,(#4968,#4969,#4970,#4971,#4972),
  .UNSPECIFIED.,.F.,.F.,(5,5),(0.,1.),.PIECEWISE_BEZIER_KNOTS.);
#4968 = CARTESIAN_POINT('',(52.518586149943,30.321619851128,
    2.40000000303));
#4969 = CARTESIAN_POINT('',(52.942151301963,30.566165305666,
    29.300000002236));
#4970 = CARTESIAN_POINT('',(53.365716453962,30.810710760192,
    56.20000000011));
#4971 = CARTESIAN_POINT('',(53.789281605953,31.055256214714,
    83.099999997474));
#4972 = CARTESIAN_POINT('',(54.212846757974,31.299801669252,
    109.99999999668));
#4973 = PCURVE('',#4584,#4974);
#4974 = DEFINITIONAL_REPRESENTATION('',(#4975),#4981);
#4975 = B_SPLINE_CURVE_WITH_KNOTS('',4,(#4976,#4977,#4978,#4979,#4980),
  .UNSPECIFIED.,.F.,.F.,(5,5),(0.,1.),.PIECEWISE_BEZIER_KNOTS.);
#4976 = CARTESIAN_POINT('',(0.523598775598,2.356370847198));
#4977 = CARTESIAN_POINT('',(0.523598775598,29.256370846404));
#4978 = CARTESIAN_POINT('',(0.523598775598,56.156370846946));
#4979 = CARTESIAN_POINT('',(0.523598775598,83.056370847991));
#4980 = CARTESIAN_POINT('',(0.523598775598,109.95637084719));
#4981 = ( GEOMETRIC_REPRESENTATION_CONTEXT(2) 
PARAMETRIC_REPRESENTATION_CONTEXT() REPRESENTATION_CONTEXT('2D SPACE',''
  ) );
#4982 = PCURVE('',#4983,#4988);
#4983 = PLANE('',#4984);
#4984 = AXIS2_PLACEMENT_3D('',#4985,#4986,#4987);
#4985 = CARTESIAN_POINT('',(0.,0.,5.));
#4986 = DIRECTION('',(0.5,-0.866025403784,0.));
#4987 = DIRECTION('',(0.866025403784,0.5,0.));
#4988 = DEFINITIONAL_REPRESENTATION('',(#4989),#4995);
#4989 = B_SPLINE_CURVE_WITH_KNOTS('',4,(#4990,#4991,#4992,#4993,#4994),
  .UNSPECIFIED.,.F.,.F.,(5,5),(0.,1.),.PIECEWISE_BEZIER_KNOTS.);
#4990 = CARTESIAN_POINT('',(60.643239702256,-2.59999999697));
#4991 = CARTESIAN_POINT('',(61.132330611332,24.300000002236));
#4992 = CARTESIAN_POINT('',(61.621421520385,51.20000000011));
#4993 = CARTESIAN_POINT('',(62.110512429428,78.099999997474));
#4994 = CARTESIAN_POINT('',(62.599603338504,104.99999999668));
#4995 = ( GEOMETRIC_REPRESENTATION_CONTEXT(2) 
PARAMETRIC_REPRESENTATION_CONTEXT() REPRESENTATION_CONTEXT('2D SPACE',''
  ) );
#4996 = ORIENTED_EDGE('',*,*,#4997,.T.);
#4997 = EDGE_CURVE('',#4964,#4998,#5000,.T.);
#4998 = VERTEX_POINT('',#4999);
#4999 = CARTESIAN_POINT('',(50.570595942541,36.741688618831,105.));
#5000 = SURFACE_CURVE('',#5001,(#5006,#5013),.PCURVE_S1.);
#5001 = CIRCLE('',#5002,62.508694247655);
#5002 = AXIS2_PLACEMENT_3D('',#5003,#5004,#5005);
#5003 = CARTESIAN_POINT('',(0.,0.,105.));
#5004 = DIRECTION('',(0.,0.,1.));
#5005 = DIRECTION('',(1.,0.,-0.));
#5006 = PCURVE('',#4584,#5007);
#5007 = DEFINITIONAL_REPRESENTATION('',(#5008),#5012);
#5008 = LINE('',#5009,#5010);
#5009 = CARTESIAN_POINT('',(0.,104.95637084719));
#5010 = VECTOR('',#5011,1.);
#5011 = DIRECTION('',(1.,0.));
#5012 = ( GEOMETRIC_REPRESENTATION_CONTEXT(2) 
PARAMETRIC_REPRESENTATION_CONTEXT() REPRESENTATION_CONTEXT('2D SPACE',''
  ) );
#5013 = PCURVE('',#5014,#5019);
#5014 = PLANE('',#5015);
#5015 = AXIS2_PLACEMENT_3D('',#5016,#5017,#5018);
#5016 = CARTESIAN_POINT('',(0.,0.,105.));
#5017 = DIRECTION('',(0.,0.,1.));
#5018 = DIRECTION('',(0.866025403784,0.5,0.));
#5019 = DEFINITIONAL_REPRESENTATION('',(#5020),#5024);
#5020 = CIRCLE('',#5021,62.508694247655);
#5021 = AXIS2_PLACEMENT_2D('',#5022,#5023);
#5022 = CARTESIAN_POINT('',(0.,0.));
#5023 = DIRECTION('',(0.866025403784,-0.5));
#5024 = ( GEOMETRIC_REPRESENTATION_CONTEXT(2) 
PARAMETRIC_REPRESENTATION_CONTEXT() REPRESENTATION_CONTEXT('2D SPACE',''
  ) );
#5025 = ORIENTED_EDGE('',*,*,#5026,.F.);
#5026 = EDGE_CURVE('',#5027,#4998,#5029,.T.);
#5027 = VERTEX_POINT('',#5028);
#5028 = CARTESIAN_POINT('',(49.099655952768,35.672988160118,5.));
#5029 = SURFACE_CURVE('',#5030,(#5036,#5045),.PCURVE_S1.);
#5030 = B_SPLINE_CURVE_WITH_KNOTS('',4,(#5031,#5032,#5033,#5034,#5035),
  .UNSPECIFIED.,.F.,.F.,(5,5),(0.,1.),.PIECEWISE_BEZIER_KNOTS.);
#5031 = CARTESIAN_POINT('',(49.061411513078,35.645201948223,
    2.40000000303));
#5032 = CARTESIAN_POINT('',(49.457094370316,35.932682371609,
    29.300000002236));
#5033 = CARTESIAN_POINT('',(49.852777227533,36.22016279498,
    56.20000000011));
#5034 = CARTESIAN_POINT('',(50.248460084743,36.507643218346,
    83.099999997474));
#5035 = CARTESIAN_POINT('',(50.64414294198,36.795123641731,
    109.99999999668));
#5036 = PCURVE('',#4584,#5037);
#5037 = DEFINITIONAL_REPRESENTATION('',(#5038),#5044);
#5038 = B_SPLINE_CURVE_WITH_KNOTS('',4,(#5039,#5040,#5041,#5042,#5043),
  .UNSPECIFIED.,.F.,.F.,(5,5),(0.,1.),.PIECEWISE_BEZIER_KNOTS.);
#5039 = CARTESIAN_POINT('',(0.628318530718,2.356370847198));
#5040 = CARTESIAN_POINT('',(0.628318530718,29.256370846404));
#5041 = CARTESIAN_POINT('',(0.628318530718,56.156370846946));
#5042 = CARTESIAN_POINT('',(0.628318530718,83.056370847991));
#5043 = CARTESIAN_POINT('',(0.628318530718,109.95637084719));
#5044 = ( GEOMETRIC_REPRESENTATION_CONTEXT(2) 
PARAMETRIC_REPRESENTATION_CONTEXT() REPRESENTATION_CONTEXT('2D SPACE',''
  ) );
#5045 = PCURVE('',#5046,#5051);
#5046 = PLANE('',#5047);
#5047 = AXIS2_PLACEMENT_3D('',#5048,#5049,#5050);
#5048 = CARTESIAN_POINT('',(0.,0.,5.));
#5049 = DIRECTION('',(0.587785252292,-0.809016994375,0.));
#5050 = DIRECTION('',(0.809016994375,0.587785252292,0.));
#5051 = DEFINITIONAL_REPRESENTATION('',(#5052),#5058);
#5052 = B_SPLINE_CURVE_WITH_KNOTS('',4,(#5053,#5054,#5055,#5056,#5057),
  .UNSPECIFIED.,.F.,.F.,(5,5),(0.,1.),.PIECEWISE_BEZIER_KNOTS.);
#5053 = CARTESIAN_POINT('',(60.643239702256,-2.59999999697));
#5054 = CARTESIAN_POINT('',(61.132330611332,24.300000002236));
#5055 = CARTESIAN_POINT('',(61.621421520385,51.20000000011));
#5056 = CARTESIAN_POINT('',(62.110512429428,78.099999997474));
#5057 = CARTESIAN_POINT('',(62.599603338504,104.99999999668));
#5058 = ( GEOMETRIC_REPRESENTATION_CONTEXT(2) 
PARAMETRIC_REPRESENTATION_CONTEXT() REPRESENTATION_CONTEXT('2D SPACE',''
  ) );
#5059 = ORIENTED_EDGE('',*,*,#5060,.F.);
#5060 = EDGE_CURVE('',#4962,#5027,#5061,.T.);
#5061 = SURFACE_CURVE('',#5062,(#5067,#5074),.PCURVE_S1.);
#5062 = CIRCLE('',#5063,60.690512429473);
#5063 = AXIS2_PLACEMENT_3D('',#5064,#5065,#5066);
#5064 = CARTESIAN_POINT('',(0.,0.,5.));
#5065 = DIRECTION('',(0.,0.,1.));
#5066 = DIRECTION('',(1.,0.,-0.));
#5067 = PCURVE('',#4584,#5068);
#5068 = DEFINITIONAL_REPRESENTATION('',(#5069),#5073);
#5069 = LINE('',#5070,#5071);
#5070 = CARTESIAN_POINT('',(0.,4.956370847198));
#5071 = VECTOR('',#5072,1.);
#5072 = DIRECTION('',(1.,0.));
#5073 = ( GEOMETRIC_REPRESENTATION_CONTEXT(2) 
PARAMETRIC_REPRESENTATION_CONTEXT() REPRESENTATION_CONTEXT('2D SPACE',''
  ) );
#5074 = PCURVE('',#5075,#5080);
#5075 = PLANE('',#5076);
#5076 = AXIS2_PLACEMENT_3D('',#5077,#5078,#5079);
#5077 = CARTESIAN_POINT('',(0.,0.,5.));
#5078 = DIRECTION('',(0.,0.,1.));
#5079 = DIRECTION('',(0.866025403784,0.5,0.));
#5080 = DEFINITIONAL_REPRESENTATION('',(#5081),#5085);
#5081 = CIRCLE('',#5082,60.690512429473);
#5082 = AXIS2_PLACEMENT_2D('',#5083,#5084);
#5083 = CARTESIAN_POINT('',(0.,0.));
#5084 = DIRECTION('',(0.866025403784,-0.5));
#5085 = ( GEOMETRIC_REPRESENTATION_CONTEXT(2) 
PARAMETRIC_REPRESENTATION_CONTEXT() REPRESENTATION_CONTEXT('2D SPACE',''
  ) );
#5086 = FACE_BOUND('',#5087,.F.);
#5087 = EDGE_LOOP('',(#5088,#5124,#5153,#5187));
#5088 = ORIENTED_EDGE('',*,*,#5089,.T.);
#5089 = EDGE_CURVE('',#5090,#5092,#5094,.T.);
#5090 = VERTEX_POINT('',#5091);
#5091 = CARTESIAN_POINT('',(42.914672892567,42.914672892567,5.));
#5092 = VERTEX_POINT('',#5093);
#5093 = CARTESIAN_POINT('',(44.200321585634,44.200321585634,105.));
#5094 = SURFACE_CURVE('',#5095,(#5101,#5110),.PCURVE_S1.);
#5095 = B_SPLINE_CURVE_WITH_KNOTS('',4,(#5096,#5097,#5098,#5099,#5100),
  .UNSPECIFIED.,.F.,.F.,(5,5),(0.,1.),.PIECEWISE_BEZIER_KNOTS.);
#5096 = CARTESIAN_POINT('',(42.881246026586,42.881246026586,
    2.40000000303));
#5097 = CARTESIAN_POINT('',(43.227085525011,43.227085525011,
    29.300000002236));
#5098 = CARTESIAN_POINT('',(43.572925023419,43.572925023419,
    56.20000000011));
#5099 = CARTESIAN_POINT('',(43.91876452182,43.91876452182,
    83.099999997474));
#5100 = CARTESIAN_POINT('',(44.264604020244,44.264604020244,
    109.99999999668));
#5101 = PCURVE('',#4584,#5102);
#5102 = DEFINITIONAL_REPRESENTATION('',(#5103),#5109);
#5103 = B_SPLINE_CURVE_WITH_KNOTS('',4,(#5104,#5105,#5106,#5107,#5108),
  .UNSPECIFIED.,.F.,.F.,(5,5),(0.,1.),.PIECEWISE_BEZIER_KNOTS.);
#5104 = CARTESIAN_POINT('',(0.785398163397,2.356370847198));
#5105 = CARTESIAN_POINT('',(0.785398163397,29.256370846404));
#5106 = CARTESIAN_POINT('',(0.785398163397,56.156370846946));
#5107 = CARTESIAN_POINT('',(0.785398163397,83.056370847991));
#5108 = CARTESIAN_POINT('',(0.785398163397,109.95637084719));
#5109 = ( GEOMETRIC_REPRESENTATION_CONTEXT(2) 
PARAMETRIC_REPRESENTATION_CONTEXT() REPRESENTATION_CONTEXT('2D SPACE',''
  ) );
#5110 = PCURVE('',#5111,#5116);
#5111 = PLANE('',#5112);
#5112 = AXIS2_PLACEMENT_3D('',#5113,#5114,#5115);
#5113 = CARTESIAN_POINT('',(0.,0.,5.));
#5114 = DIRECTION('',(0.707106781187,-0.707106781187,0.));
#5115 = DIRECTION('',(0.707106781187,0.707106781187,0.));
#5116 = DEFINITIONAL_REPRESENTATION('',(#5117),#5123);
#5117 = B_SPLINE_CURVE_WITH_KNOTS('',4,(#5118,#5119,#5120,#5121,#5122),
  .UNSPECIFIED.,.F.,.F.,(5,5),(0.,1.),.PIECEWISE_BEZIER_KNOTS.);
#5118 = CARTESIAN_POINT('',(60.643239702256,-2.59999999697));
#5119 = CARTESIAN_POINT('',(61.132330611332,24.300000002236));
#5120 = CARTESIAN_POINT('',(61.621421520385,51.20000000011));
#5121 = CARTESIAN_POINT('',(62.110512429428,78.099999997474));
#5122 = CARTESIAN_POINT('',(62.599603338504,104.99999999668));
#5123 = ( GEOMETRIC_REPRESENTATION_CONTEXT(2) 
PARAMETRIC_REPRESENTATION_CONTEXT() REPRESENTATION_CONTEXT('2D SPACE',''
  ) );
#5124 = ORIENTED_EDGE('',*,*,#5125,.T.);
#5125 = EDGE_CURVE('',#5092,#5126,#5128,.T.);
#5126 = VERTEX_POINT('',#5127);
#5127 = CARTESIAN_POINT('',(39.337995907949,48.578379290514,105.));
#5128 = SURFACE_CURVE('',#5129,(#5134,#5141),.PCURVE_S1.);
#5129 = CIRCLE('',#5130,62.508694247655);
#5130 = AXIS2_PLACEMENT_3D('',#5131,#5132,#5133);
#5131 = CARTESIAN_POINT('',(0.,0.,105.));
#5132 = DIRECTION('',(0.,0.,1.));
#5133 = DIRECTION('',(1.,0.,-0.));
#5134 = PCURVE('',#4584,#5135);
#5135 = DEFINITIONAL_REPRESENTATION('',(#5136),#5140);
#5136 = LINE('',#5137,#5138);
#5137 = CARTESIAN_POINT('',(0.,104.95637084719));
#5138 = VECTOR('',#5139,1.);
#5139 = DIRECTION('',(1.,0.));
#5140 = ( GEOMETRIC_REPRESENTATION_CONTEXT(2) 
PARAMETRIC_REPRESENTATION_CONTEXT() REPRESENTATION_CONTEXT('2D SPACE',''
  ) );
#5141 = PCURVE('',#5142,#5147);
#5142 = PLANE('',#5143);
#5143 = AXIS2_PLACEMENT_3D('',#5144,#5145,#5146);
#5144 = CARTESIAN_POINT('',(0.,0.,105.));
#5145 = DIRECTION('',(0.,0.,1.));
#5146 = DIRECTION('',(0.707106781187,0.707106781187,0.));
#5147 = DEFINITIONAL_REPRESENTATION('',(#5148),#5152);
#5148 = CIRCLE('',#5149,62.508694247655);
#5149 = AXIS2_PLACEMENT_2D('',#5150,#5151);
#5150 = CARTESIAN_POINT('',(0.,0.));
#5151 = DIRECTION('',(0.707106781187,-0.707106781187));
#5152 = ( GEOMETRIC_REPRESENTATION_CONTEXT(2) 
PARAMETRIC_REPRESENTATION_CONTEXT() REPRESENTATION_CONTEXT('2D SPACE',''
  ) );
#5153 = ORIENTED_EDGE('',*,*,#5154,.F.);
#5154 = EDGE_CURVE('',#5155,#5126,#5157,.T.);
#5155 = VERTEX_POINT('',#5156);
#5156 = CARTESIAN_POINT('',(38.193777015131,47.165386633319,5.));
#5157 = SURFACE_CURVE('',#5158,(#5164,#5173),.PCURVE_S1.);
#5158 = B_SPLINE_CURVE_WITH_KNOTS('',4,(#5159,#5160,#5161,#5162,#5163),
  .UNSPECIFIED.,.F.,.F.,(5,5),(0.,1.),.PIECEWISE_BEZIER_KNOTS.);
#5159 = CARTESIAN_POINT('',(38.164027323953,47.128648824275,
    2.40000000303));
#5160 = CARTESIAN_POINT('',(38.471822206112,47.508743849049,
    29.300000002236));
#5161 = CARTESIAN_POINT('',(38.779617088255,47.888838873805,
    56.20000000011));
#5162 = CARTESIAN_POINT('',(39.087411970393,48.268933898553,
    83.099999997474));
#5163 = CARTESIAN_POINT('',(39.395206852552,48.649028923327,
    109.99999999668));
#5164 = PCURVE('',#4584,#5165);
#5165 = DEFINITIONAL_REPRESENTATION('',(#5166),#5172);
#5166 = B_SPLINE_CURVE_WITH_KNOTS('',4,(#5167,#5168,#5169,#5170,#5171),
  .UNSPECIFIED.,.F.,.F.,(5,5),(0.,1.),.PIECEWISE_BEZIER_KNOTS.);
#5167 = CARTESIAN_POINT('',(0.890117918517,2.356370847198));
#5168 = CARTESIAN_POINT('',(0.890117918517,29.256370846404));
#5169 = CARTESIAN_POINT('',(0.890117918517,56.156370846946));
#5170 = CARTESIAN_POINT('',(0.890117918517,83.056370847991));
#5171 = CARTESIAN_POINT('',(0.890117918517,109.95637084719));
#5172 = ( GEOMETRIC_REPRESENTATION_CONTEXT(2) 
PARAMETRIC_REPRESENTATION_CONTEXT() REPRESENTATION_CONTEXT('2D SPACE',''
  ) );
#5173 = PCURVE('',#5174,#5179);
#5174 = PLANE('',#5175);
#5175 = AXIS2_PLACEMENT_3D('',#5176,#5177,#5178);
#5176 = CARTESIAN_POINT('',(0.,0.,5.));
#5177 = DIRECTION('',(0.777145961457,-0.62932039105,0.));
#5178 = DIRECTION('',(0.62932039105,0.777145961457,0.));
#5179 = DEFINITIONAL_REPRESENTATION('',(#5180),#5186);
#5180 = B_SPLINE_CURVE_WITH_KNOTS('',4,(#5181,#5182,#5183,#5184,#5185),
  .UNSPECIFIED.,.F.,.F.,(5,5),(0.,1.),.PIECEWISE_BEZIER_KNOTS.);
#5181 = CARTESIAN_POINT('',(60.643239702256,-2.59999999697));
#5182 = CARTESIAN_POINT('',(61.132330611332,24.300000002236));
#5183 = CARTESIAN_POINT('',(61.621421520385,51.20000000011));
#5184 = CARTESIAN_POINT('',(62.110512429428,78.099999997474));
#5185 = CARTESIAN_POINT('',(62.599603338504,104.99999999668));
#5186 = ( GEOMETRIC_REPRESENTATION_CONTEXT(2) 
PARAMETRIC_REPRESENTATION_CONTEXT() REPRESENTATION_CONTEXT('2D SPACE',''
  ) );
#5187 = ORIENTED_EDGE('',*,*,#5188,.F.);
#5188 = EDGE_CURVE('',#5090,#5155,#5189,.T.);
#5189 = SURFACE_CURVE('',#5190,(#5195,#5202),.PCURVE_S1.);
#5190 = CIRCLE('',#5191,60.690512429473);
#5191 = AXIS2_PLACEMENT_3D('',#5192,#5193,#5194);
#5192 = CARTESIAN_POINT('',(0.,0.,5.));
#5193 = DIRECTION('',(0.,0.,1.));
#5194 = DIRECTION('',(1.,0.,-0.));
#5195 = PCURVE('',#4584,#5196);
#5196 = DEFINITIONAL_REPRESENTATION('',(#5197),#5201);
#5197 = LINE('',#5198,#5199);
#5198 = CARTESIAN_POINT('',(0.,4.956370847198));
#5199 = VECTOR('',#5200,1.);
#5200 = DIRECTION('',(1.,0.));
#5201 = ( GEOMETRIC_REPRESENTATION_CONTEXT(2) 
PARAMETRIC_REPRESENTATION_CONTEXT() REPRESENTATION_CONTEXT('2D SPACE',''
  ) );
#5202 = PCURVE('',#5203,#5208);
#5203 = PLANE('',#5204);
#5204 = AXIS2_PLACEMENT_3D('',#5205,#5206,#5207);
#5205 = CARTESIAN_POINT('',(0.,0.,5.));
#5206 = DIRECTION('',(0.,0.,1.));
#5207 = DIRECTION('',(0.707106781187,0.707106781187,0.));
#5208 = DEFINITIONAL_REPRESENTATION('',(#5209),#5213);
#5209 = CIRCLE('',#5210,60.690512429473);
#5210 = AXIS2_PLACEMENT_2D('',#5211,#5212);
#5211 = CARTESIAN_POINT('',(0.,0.));
#5212 = DIRECTION('',(0.707106781187,-0.707106781187));
#5213 = ( GEOMETRIC_REPRESENTATION_CONTEXT(2) 
PARAMETRIC_REPRESENTATION_CONTEXT() REPRESENTATION_CONTEXT('2D SPACE',''
  ) );
#5214 = FACE_BOUND('',#5215,.F.);
#5215 = EDGE_LOOP('',(#5216,#5252,#5281,#5315));
#5216 = ORIENTED_EDGE('',*,*,#5217,.T.);
#5217 = EDGE_CURVE('',#5218,#5220,#5222,.T.);
#5218 = VERTEX_POINT('',#5219);
#5219 = CARTESIAN_POINT('',(30.345256214737,52.559525532619,5.));
#5220 = VERTEX_POINT('',#5221);
#5221 = CARTESIAN_POINT('',(31.254347123828,54.134117175864,105.));
#5222 = SURFACE_CURVE('',#5223,(#5229,#5238),.PCURVE_S1.);
#5223 = B_SPLINE_CURVE_WITH_KNOTS('',4,(#5224,#5225,#5226,#5227,#5228),
  .UNSPECIFIED.,.F.,.F.,(5,5),(0.,1.),.PIECEWISE_BEZIER_KNOTS.);
#5224 = CARTESIAN_POINT('',(30.321619851128,52.518586149943,
    2.40000000303));
#5225 = CARTESIAN_POINT('',(30.566165305666,52.942151301963,
    29.300000002236));
#5226 = CARTESIAN_POINT('',(30.810710760192,53.365716453962,
    56.20000000011));
#5227 = CARTESIAN_POINT('',(31.055256214714,53.789281605953,
    83.099999997474));
#5228 = CARTESIAN_POINT('',(31.299801669252,54.212846757974,
    109.99999999668));
#5229 = PCURVE('',#4584,#5230);
#5230 = DEFINITIONAL_REPRESENTATION('',(#5231),#5237);
#5231 = B_SPLINE_CURVE_WITH_KNOTS('',4,(#5232,#5233,#5234,#5235,#5236),
  .UNSPECIFIED.,.F.,.F.,(5,5),(0.,1.),.PIECEWISE_BEZIER_KNOTS.);
#5232 = CARTESIAN_POINT('',(1.047197551197,2.356370847198));
#5233 = CARTESIAN_POINT('',(1.047197551197,29.256370846404));
#5234 = CARTESIAN_POINT('',(1.047197551197,56.156370846947));
#5235 = CARTESIAN_POINT('',(1.047197551197,83.056370847991));
#5236 = CARTESIAN_POINT('',(1.047197551197,109.95637084719));
#5237 = ( GEOMETRIC_REPRESENTATION_CONTEXT(2) 
PARAMETRIC_REPRESENTATION_CONTEXT() REPRESENTATION_CONTEXT('2D SPACE',''
  ) );
#5238 = PCURVE('',#5239,#5244);
#5239 = PLANE('',#5240);
#5240 = AXIS2_PLACEMENT_3D('',#5241,#5242,#5243);
#5241 = CARTESIAN_POINT('',(0.,0.,5.));
#5242 = DIRECTION('',(0.866025403784,-0.5,0.));
#5243 = DIRECTION('',(0.5,0.866025403784,0.));
#5244 = DEFINITIONAL_REPRESENTATION('',(#5245),#5251);
#5245 = B_SPLINE_CURVE_WITH_KNOTS('',4,(#5246,#5247,#5248,#5249,#5250),
  .UNSPECIFIED.,.F.,.F.,(5,5),(0.,1.),.PIECEWISE_BEZIER_KNOTS.);
#5246 = CARTESIAN_POINT('',(60.643239702256,-2.59999999697));
#5247 = CARTESIAN_POINT('',(61.132330611332,24.300000002236));
#5248 = CARTESIAN_POINT('',(61.621421520385,51.20000000011));
#5249 = CARTESIAN_POINT('',(62.110512429428,78.099999997474));
#5250 = CARTESIAN_POINT('',(62.599603338504,104.99999999668));
#5251 = ( GEOMETRIC_REPRESENTATION_CONTEXT(2) 
PARAMETRIC_REPRESENTATION_CONTEXT() REPRESENTATION_CONTEXT('2D SPACE',''
  ) );
#5252 = ORIENTED_EDGE('',*,*,#5253,.T.);
#5253 = EDGE_CURVE('',#5220,#5254,#5256,.T.);
#5254 = VERTEX_POINT('',#5255);
#5255 = CARTESIAN_POINT('',(25.424576461343,57.104533693116,105.));
#5256 = SURFACE_CURVE('',#5257,(#5262,#5269),.PCURVE_S1.);
#5257 = CIRCLE('',#5258,62.508694247655);
#5258 = AXIS2_PLACEMENT_3D('',#5259,#5260,#5261);
#5259 = CARTESIAN_POINT('',(0.,0.,105.));
#5260 = DIRECTION('',(0.,0.,1.));
#5261 = DIRECTION('',(1.,0.,-0.));
#5262 = PCURVE('',#4584,#5263);
#5263 = DEFINITIONAL_REPRESENTATION('',(#5264),#5268);
#5264 = LINE('',#5265,#5266);
#5265 = CARTESIAN_POINT('',(0.,104.95637084719));
#5266 = VECTOR('',#5267,1.);
#5267 = DIRECTION('',(1.,0.));
#5268 = ( GEOMETRIC_REPRESENTATION_CONTEXT(2) 
PARAMETRIC_REPRESENTATION_CONTEXT() REPRESENTATION_CONTEXT('2D SPACE',''
  ) );
#5269 = PCURVE('',#5270,#5275);
#5270 = PLANE('',#5271);
#5271 = AXIS2_PLACEMENT_3D('',#5272,#5273,#5274);
#5272 = CARTESIAN_POINT('',(0.,0.,105.));
#5273 = DIRECTION('',(0.,0.,1.));
#5274 = DIRECTION('',(0.5,0.866025403784,0.));
#5275 = DEFINITIONAL_REPRESENTATION('',(#5276),#5280);
#5276 = CIRCLE('',#5277,62.508694247655);
#5277 = AXIS2_PLACEMENT_2D('',#5278,#5279);
#5278 = CARTESIAN_POINT('',(0.,0.));
#5279 = DIRECTION('',(0.5,-0.866025403784));
#5280 = ( GEOMETRIC_REPRESENTATION_CONTEXT(2) 
PARAMETRIC_REPRESENTATION_CONTEXT() REPRESENTATION_CONTEXT('2D SPACE',''
  ) );
#5281 = ORIENTED_EDGE('',*,*,#5282,.F.);
#5282 = EDGE_CURVE('',#5283,#5254,#5285,.T.);
#5283 = VERTEX_POINT('',#5284);
#5284 = CARTESIAN_POINT('',(24.685055292114,55.443541951947,5.));
#5285 = SURFACE_CURVE('',#5286,(#5292,#5301),.PCURVE_S1.);
#5286 = B_SPLINE_CURVE_WITH_KNOTS('',4,(#5287,#5288,#5289,#5290,#5291),
  .UNSPECIFIED.,.F.,.F.,(5,5),(0.,1.),.PIECEWISE_BEZIER_KNOTS.);
#5287 = CARTESIAN_POINT('',(24.665827741737,55.400356166727,
    2.40000000303));
#5288 = CARTESIAN_POINT('',(24.864758936253,55.847162945088,
    29.300000002236));
#5289 = CARTESIAN_POINT('',(25.06369013076,56.293969723427,
    56.20000000011));
#5290 = CARTESIAN_POINT('',(25.262621325263,56.740776501758,
    83.099999997474));
#5291 = CARTESIAN_POINT('',(25.46155251978,57.187583280119,
    109.99999999668));
#5292 = PCURVE('',#4584,#5293);
#5293 = DEFINITIONAL_REPRESENTATION('',(#5294),#5300);
#5294 = B_SPLINE_CURVE_WITH_KNOTS('',4,(#5295,#5296,#5297,#5298,#5299),
  .UNSPECIFIED.,.F.,.F.,(5,5),(0.,1.),.PIECEWISE_BEZIER_KNOTS.);
#5295 = CARTESIAN_POINT('',(1.151917306316,2.356370847198));
#5296 = CARTESIAN_POINT('',(1.151917306316,29.256370846404));
#5297 = CARTESIAN_POINT('',(1.151917306316,56.156370846946));
#5298 = CARTESIAN_POINT('',(1.151917306316,83.056370847991));
#5299 = CARTESIAN_POINT('',(1.151917306316,109.95637084719));
#5300 = ( GEOMETRIC_REPRESENTATION_CONTEXT(2) 
PARAMETRIC_REPRESENTATION_CONTEXT() REPRESENTATION_CONTEXT('2D SPACE',''
  ) );
#5301 = PCURVE('',#5302,#5307);
#5302 = PLANE('',#5303);
#5303 = AXIS2_PLACEMENT_3D('',#5304,#5305,#5306);
#5304 = CARTESIAN_POINT('',(0.,0.,5.));
#5305 = DIRECTION('',(0.913545457643,-0.406736643076,0.));
#5306 = DIRECTION('',(0.406736643076,0.913545457643,0.));
#5307 = DEFINITIONAL_REPRESENTATION('',(#5308),#5314);
#5308 = B_SPLINE_CURVE_WITH_KNOTS('',4,(#5309,#5310,#5311,#5312,#5313),
  .UNSPECIFIED.,.F.,.F.,(5,5),(0.,1.),.PIECEWISE_BEZIER_KNOTS.);
#5309 = CARTESIAN_POINT('',(60.643239702256,-2.59999999697));
#5310 = CARTESIAN_POINT('',(61.132330611332,24.300000002236));
#5311 = CARTESIAN_POINT('',(61.621421520385,51.20000000011));
#5312 = CARTESIAN_POINT('',(62.110512429428,78.099999997474));
#5313 = CARTESIAN_POINT('',(62.599603338504,104.99999999668));
#5314 = ( GEOMETRIC_REPRESENTATION_CONTEXT(2) 
PARAMETRIC_REPRESENTATION_CONTEXT() REPRESENTATION_CONTEXT('2D SPACE',''
  ) );
#5315 = ORIENTED_EDGE('',*,*,#5316,.F.);
#5316 = EDGE_CURVE('',#5218,#5283,#5317,.T.);
#5317 = SURFACE_CURVE('',#5318,(#5323,#5330),.PCURVE_S1.);
#5318 = CIRCLE('',#5319,60.690512429473);
#5319 = AXIS2_PLACEMENT_3D('',#5320,#5321,#5322);
#5320 = CARTESIAN_POINT('',(0.,0.,5.));
#5321 = DIRECTION('',(0.,0.,1.));
#5322 = DIRECTION('',(1.,0.,-0.));
#5323 = PCURVE('',#4584,#5324);
#5324 = DEFINITIONAL_REPRESENTATION('',(#5325),#5329);
#5325 = LINE('',#5326,#5327);
#5326 = CARTESIAN_POINT('',(0.,4.956370847198));
#5327 = VECTOR('',#5328,1.);
#5328 = DIRECTION('',(1.,0.));
#5329 = ( GEOMETRIC_REPRESENTATION_CONTEXT(2) 
PARAMETRIC_REPRESENTATION_CONTEXT() REPRESENTATION_CONTEXT('2D SPACE',''
  ) );
#5330 = PCURVE('',#5331,#5336);
#5331 = PLANE('',#5332);
#5332 = AXIS2_PLACEMENT_3D('',#5333,#5334,#5335);
#5333 = CARTESIAN_POINT('',(0.,0.,5.));
#5334 = DIRECTION('',(0.,0.,1.));
#5335 = DIRECTION('',(0.5,0.866025403784,0.));
#5336 = DEFINITIONAL_REPRESENTATION('',(#5337),#5341);
#5337 = CIRCLE('',#5338,60.690512429473);
#5338 = AXIS2_PLACEMENT_2D('',#5339,#5340);
#5339 = CARTESIAN_POINT('',(0.,0.));
#5340 = DIRECTION('',(0.5,-0.866025403784));
#5341 = ( GEOMETRIC_REPRESENTATION_CONTEXT(2) 
PARAMETRIC_REPRESENTATION_CONTEXT() REPRESENTATION_CONTEXT('2D SPACE',''
  ) );
#5342 = FACE_BOUND('',#5343,.F.);
#5343 = EDGE_LOOP('',(#5344,#5380,#5409,#5443));
#5344 = ORIENTED_EDGE('',*,*,#5345,.T.);
#5345 = EDGE_CURVE('',#5346,#5348,#5350,.T.);
#5346 = VERTEX_POINT('',#5347);
#5347 = CARTESIAN_POINT('',(15.707860473779,58.622533366346,5.));
#5348 = VERTEX_POINT('',#5349);
#5349 = CARTESIAN_POINT('',(16.178440555784,60.378762141417,105.));
#5350 = SURFACE_CURVE('',#5351,(#5357,#5366),.PCURVE_S1.);
#5351 = B_SPLINE_CURVE_WITH_KNOTS('',4,(#5352,#5353,#5354,#5355,#5356),
  .UNSPECIFIED.,.F.,.F.,(5,5),(0.,1.),.PIECEWISE_BEZIER_KNOTS.);
#5352 = CARTESIAN_POINT('',(15.695625391661,58.576871418247,
    2.40000000303));
#5353 = CARTESIAN_POINT('',(15.822211433717,59.049296958728,
    29.300000002236));
#5354 = CARTESIAN_POINT('',(15.948797475766,59.521722499184,
    56.20000000011));
#5355 = CARTESIAN_POINT('',(16.075383517813,59.994148039632,
    83.099999997474));
#5356 = CARTESIAN_POINT('',(16.201969559868,60.466573580112,
    109.99999999668));
#5357 = PCURVE('',#4584,#5358);
#5358 = DEFINITIONAL_REPRESENTATION('',(#5359),#5365);
#5359 = B_SPLINE_CURVE_WITH_KNOTS('',4,(#5360,#5361,#5362,#5363,#5364),
  .UNSPECIFIED.,.F.,.F.,(5,5),(0.,1.),.PIECEWISE_BEZIER_KNOTS.);
#5360 = CARTESIAN_POINT('',(1.308996938996,2.356370847198));
#5361 = CARTESIAN_POINT('',(1.308996938996,29.256370846404));
#5362 = CARTESIAN_POINT('',(1.308996938996,56.156370846946));
#5363 = CARTESIAN_POINT('',(1.308996938996,83.056370847991));
#5364 = CARTESIAN_POINT('',(1.308996938996,109.95637084719));
#5365 = ( GEOMETRIC_REPRESENTATION_CONTEXT(2) 
PARAMETRIC_REPRESENTATION_CONTEXT() REPRESENTATION_CONTEXT('2D SPACE',''
  ) );
#5366 = PCURVE('',#5367,#5372);
#5367 = PLANE('',#5368);
#5368 = AXIS2_PLACEMENT_3D('',#5369,#5370,#5371);
#5369 = CARTESIAN_POINT('',(0.,0.,5.));
#5370 = DIRECTION('',(0.965925826289,-0.258819045103,0.));
#5371 = DIRECTION('',(0.258819045103,0.965925826289,0.));
#5372 = DEFINITIONAL_REPRESENTATION('',(#5373),#5379);
#5373 = B_SPLINE_CURVE_WITH_KNOTS('',4,(#5374,#5375,#5376,#5377,#5378),
  .UNSPECIFIED.,.F.,.F.,(5,5),(0.,1.),.PIECEWISE_BEZIER_KNOTS.);
#5374 = CARTESIAN_POINT('',(60.643239702256,-2.59999999697));
#5375 = CARTESIAN_POINT('',(61.132330611332,24.300000002236));
#5376 = CARTESIAN_POINT('',(61.621421520385,51.20000000011));
#5377 = CARTESIAN_POINT('',(62.110512429428,78.099999997474));
#5378 = CARTESIAN_POINT('',(62.599603338504,104.99999999668));
#5379 = ( GEOMETRIC_REPRESENTATION_CONTEXT(2) 
PARAMETRIC_REPRESENTATION_CONTEXT() REPRESENTATION_CONTEXT('2D SPACE',''
  ) );
#5380 = ORIENTED_EDGE('',*,*,#5381,.T.);
#5381 = EDGE_CURVE('',#5348,#5382,#5384,.T.);
#5382 = VERTEX_POINT('',#5383);
#5383 = CARTESIAN_POINT('',(9.778514144995,61.739108494235,105.));
#5384 = SURFACE_CURVE('',#5385,(#5390,#5397),.PCURVE_S1.);
#5385 = CIRCLE('',#5386,62.508694247655);
#5386 = AXIS2_PLACEMENT_3D('',#5387,#5388,#5389);
#5387 = CARTESIAN_POINT('',(0.,0.,105.));
#5388 = DIRECTION('',(0.,0.,1.));
#5389 = DIRECTION('',(1.,0.,-0.));
#5390 = PCURVE('',#4584,#5391);
#5391 = DEFINITIONAL_REPRESENTATION('',(#5392),#5396);
#5392 = LINE('',#5393,#5394);
#5393 = CARTESIAN_POINT('',(0.,104.95637084719));
#5394 = VECTOR('',#5395,1.);
#5395 = DIRECTION('',(1.,0.));
#5396 = ( GEOMETRIC_REPRESENTATION_CONTEXT(2) 
PARAMETRIC_REPRESENTATION_CONTEXT() REPRESENTATION_CONTEXT('2D SPACE',''
  ) );
#5397 = PCURVE('',#5398,#5403);
#5398 = PLANE('',#5399);
#5399 = AXIS2_PLACEMENT_3D('',#5400,#5401,#5402);
#5400 = CARTESIAN_POINT('',(0.,0.,105.));
#5401 = DIRECTION('',(0.,0.,1.));
#5402 = DIRECTION('',(0.258819045103,0.965925826289,0.));
#5403 = DEFINITIONAL_REPRESENTATION('',(#5404),#5408);
#5404 = CIRCLE('',#5405,62.508694247655);
#5405 = AXIS2_PLACEMENT_2D('',#5406,#5407);
#5406 = CARTESIAN_POINT('',(0.,0.));
#5407 = DIRECTION('',(0.258819045103,-0.965925826289));
#5408 = ( GEOMETRIC_REPRESENTATION_CONTEXT(2) 
PARAMETRIC_REPRESENTATION_CONTEXT() REPRESENTATION_CONTEXT('2D SPACE',''
  ) );
#5409 = ORIENTED_EDGE('',*,*,#5410,.F.);
#5410 = EDGE_CURVE('',#5411,#5382,#5413,.T.);
#5411 = VERTEX_POINT('',#5412);
#5412 = CARTESIAN_POINT('',(9.494087844922,59.943311511335,5.));
#5413 = SURFACE_CURVE('',#5414,(#5420,#5429),.PCURVE_S1.);
#5414 = B_SPLINE_CURVE_WITH_KNOTS('',4,(#5415,#5416,#5417,#5418,#5419),
  .UNSPECIFIED.,.F.,.F.,(5,5),(0.,1.),.PIECEWISE_BEZIER_KNOTS.);
#5415 = CARTESIAN_POINT('',(9.486692761129,59.896620789834,2.40000000303
    ));
#5416 = CARTESIAN_POINT('',(9.563203435846,60.37969017822,
    29.300000002236));
#5417 = CARTESIAN_POINT('',(9.63971411056,60.862759566582,56.20000000011
    ));
#5418 = CARTESIAN_POINT('',(9.716224785272,61.345828954935,
    83.099999997474));
#5419 = CARTESIAN_POINT('',(9.79273545999,61.828898343321,
    109.99999999668));
#5420 = PCURVE('',#4584,#5421);
#5421 = DEFINITIONAL_REPRESENTATION('',(#5422),#5428);
#5422 = B_SPLINE_CURVE_WITH_KNOTS('',4,(#5423,#5424,#5425,#5426,#5427),
  .UNSPECIFIED.,.F.,.F.,(5,5),(0.,1.),.PIECEWISE_BEZIER_KNOTS.);
#5423 = CARTESIAN_POINT('',(1.413716694115,2.356370847198));
#5424 = CARTESIAN_POINT('',(1.413716694115,29.256370846404));
#5425 = CARTESIAN_POINT('',(1.413716694115,56.156370846946));
#5426 = CARTESIAN_POINT('',(1.413716694115,83.056370847991));
#5427 = CARTESIAN_POINT('',(1.413716694115,109.95637084719));
#5428 = ( GEOMETRIC_REPRESENTATION_CONTEXT(2) 
PARAMETRIC_REPRESENTATION_CONTEXT() REPRESENTATION_CONTEXT('2D SPACE',''
  ) );
#5429 = PCURVE('',#5430,#5435);
#5430 = PLANE('',#5431);
#5431 = AXIS2_PLACEMENT_3D('',#5432,#5433,#5434);
#5432 = CARTESIAN_POINT('',(0.,0.,5.));
#5433 = DIRECTION('',(0.987688340595,-0.15643446504,0.));
#5434 = DIRECTION('',(0.15643446504,0.987688340595,0.));
#5435 = DEFINITIONAL_REPRESENTATION('',(#5436),#5442);
#5436 = B_SPLINE_CURVE_WITH_KNOTS('',4,(#5437,#5438,#5439,#5440,#5441),
  .UNSPECIFIED.,.F.,.F.,(5,5),(0.,1.),.PIECEWISE_BEZIER_KNOTS.);
#5437 = CARTESIAN_POINT('',(60.643239702256,-2.59999999697));
#5438 = CARTESIAN_POINT('',(61.132330611332,24.300000002236));
#5439 = CARTESIAN_POINT('',(61.621421520385,51.20000000011));
#5440 = CARTESIAN_POINT('',(62.110512429428,78.099999997474));
#5441 = CARTESIAN_POINT('',(62.599603338504,104.99999999668));
#5442 = ( GEOMETRIC_REPRESENTATION_CONTEXT(2) 
PARAMETRIC_REPRESENTATION_CONTEXT() REPRESENTATION_CONTEXT('2D SPACE',''
  ) );
#5443 = ORIENTED_EDGE('',*,*,#5444,.F.);
#5444 = EDGE_CURVE('',#5346,#5411,#5445,.T.);
#5445 = SURFACE_CURVE('',#5446,(#5451,#5458),.PCURVE_S1.);
#5446 = CIRCLE('',#5447,60.690512429473);
#5447 = AXIS2_PLACEMENT_3D('',#5448,#5449,#5450);
#5448 = CARTESIAN_POINT('',(0.,0.,5.));
#5449 = DIRECTION('',(0.,0.,1.));
#5450 = DIRECTION('',(1.,0.,-0.));
#5451 = PCURVE('',#4584,#5452);
#5452 = DEFINITIONAL_REPRESENTATION('',(#5453),#5457);
#5453 = LINE('',#5454,#5455);
#5454 = CARTESIAN_POINT('',(0.,4.956370847198));
#5455 = VECTOR('',#5456,1.);
#5456 = DIRECTION('',(1.,0.));
#5457 = ( GEOMETRIC_REPRESENTATION_CONTEXT(2) 
PARAMETRIC_REPRESENTATION_CONTEXT() REPRESENTATION_CONTEXT('2D SPACE',''
  ) );
#5458 = PCURVE('',#5459,#5464);
#5459 = PLANE('',#5460);
#5460 = AXIS2_PLACEMENT_3D('',#5461,#5462,#5463);
#5461 = CARTESIAN_POINT('',(0.,0.,5.));
#5462 = DIRECTION('',(0.,0.,1.));
#5463 = DIRECTION('',(0.258819045103,0.965925826289,0.));
#5464 = DEFINITIONAL_REPRESENTATION('',(#5465),#5469);
#5465 = CIRCLE('',#5466,60.690512429473);
#5466 = AXIS2_PLACEMENT_2D('',#5467,#5468);
#5467 = CARTESIAN_POINT('',(0.,0.));
#5468 = DIRECTION('',(0.258819045103,-0.965925826289));
#5469 = ( GEOMETRIC_REPRESENTATION_CONTEXT(2) 
PARAMETRIC_REPRESENTATION_CONTEXT() REPRESENTATION_CONTEXT('2D SPACE',''
  ) );
#5470 = FACE_BOUND('',#5471,.F.);
#5471 = EDGE_LOOP('',(#5472,#5508,#5537,#5571));
#5472 = ORIENTED_EDGE('',*,*,#5473,.T.);
#5473 = EDGE_CURVE('',#5474,#5476,#5478,.T.);
#5474 = VERTEX_POINT('',#5475);
#5475 = CARTESIAN_POINT('',(-15.70786047377,58.622533366346,5.));
#5476 = VERTEX_POINT('',#5477);
#5477 = CARTESIAN_POINT('',(-16.17844055578,60.378762141417,105.));
#5478 = SURFACE_CURVE('',#5479,(#5485,#5494),.PCURVE_S1.);
#5479 = B_SPLINE_CURVE_WITH_KNOTS('',4,(#5480,#5481,#5482,#5483,#5484),
  .UNSPECIFIED.,.F.,.F.,(5,5),(0.,1.),.PIECEWISE_BEZIER_KNOTS.);
#5480 = CARTESIAN_POINT('',(-15.69562539166,58.576871418247,
    2.40000000303));
#5481 = CARTESIAN_POINT('',(-15.82221143371,59.049296958728,
    29.300000002236));
#5482 = CARTESIAN_POINT('',(-15.94879747576,59.521722499184,
    56.20000000011));
#5483 = CARTESIAN_POINT('',(-16.07538351781,59.994148039632,
    83.099999997474));
#5484 = CARTESIAN_POINT('',(-16.20196955986,60.466573580112,
    109.99999999668));
#5485 = PCURVE('',#4584,#5486);
#5486 = DEFINITIONAL_REPRESENTATION('',(#5487),#5493);
#5487 = B_SPLINE_CURVE_WITH_KNOTS('',4,(#5488,#5489,#5490,#5491,#5492),
  .UNSPECIFIED.,.F.,.F.,(5,5),(0.,1.),.PIECEWISE_BEZIER_KNOTS.);
#5488 = CARTESIAN_POINT('',(1.832595714594,2.356370847198));
#5489 = CARTESIAN_POINT('',(1.832595714594,29.256370846404));
#5490 = CARTESIAN_POINT('',(1.832595714594,56.156370846946));
#5491 = CARTESIAN_POINT('',(1.832595714594,83.056370847991));
#5492 = CARTESIAN_POINT('',(1.832595714594,109.95637084719));
#5493 = ( GEOMETRIC_REPRESENTATION_CONTEXT(2) 
PARAMETRIC_REPRESENTATION_CONTEXT() REPRESENTATION_CONTEXT('2D SPACE',''
  ) );
#5494 = PCURVE('',#5495,#5500);
#5495 = PLANE('',#5496);
#5496 = AXIS2_PLACEMENT_3D('',#5497,#5498,#5499);
#5497 = CARTESIAN_POINT('',(0.,0.,5.));
#5498 = DIRECTION('',(0.965925826289,0.258819045103,0.));
#5499 = DIRECTION('',(-0.258819045103,0.965925826289,0.));
#5500 = DEFINITIONAL_REPRESENTATION('',(#5501),#5507);
#5501 = B_SPLINE_CURVE_WITH_KNOTS('',4,(#5502,#5503,#5504,#5505,#5506),
  .UNSPECIFIED.,.F.,.F.,(5,5),(0.,1.),.PIECEWISE_BEZIER_KNOTS.);
#5502 = CARTESIAN_POINT('',(60.643239702256,-2.59999999697));
#5503 = CARTESIAN_POINT('',(61.132330611332,24.300000002236));
#5504 = CARTESIAN_POINT('',(61.621421520385,51.20000000011));
#5505 = CARTESIAN_POINT('',(62.110512429428,78.099999997474));
#5506 = CARTESIAN_POINT('',(62.599603338504,104.99999999668));
#5507 = ( GEOMETRIC_REPRESENTATION_CONTEXT(2) 
PARAMETRIC_REPRESENTATION_CONTEXT() REPRESENTATION_CONTEXT('2D SPACE',''
  ) );
#5508 = ORIENTED_EDGE('',*,*,#5509,.T.);
#5509 = EDGE_CURVE('',#5476,#5510,#5512,.T.);
#5510 = VERTEX_POINT('',#5511);
#5511 = CARTESIAN_POINT('',(-22.40111258628,58.356893435509,105.));
#5512 = SURFACE_CURVE('',#5513,(#5518,#5525),.PCURVE_S1.);
#5513 = CIRCLE('',#5514,62.508694247655);
#5514 = AXIS2_PLACEMENT_3D('',#5515,#5516,#5517);
#5515 = CARTESIAN_POINT('',(0.,0.,105.));
#5516 = DIRECTION('',(0.,0.,1.));
#5517 = DIRECTION('',(1.,0.,-0.));
#5518 = PCURVE('',#4584,#5519);
#5519 = DEFINITIONAL_REPRESENTATION('',(#5520),#5524);
#5520 = LINE('',#5521,#5522);
#5521 = CARTESIAN_POINT('',(0.,104.95637084719));
#5522 = VECTOR('',#5523,1.);
#5523 = DIRECTION('',(1.,0.));
#5524 = ( GEOMETRIC_REPRESENTATION_CONTEXT(2) 
PARAMETRIC_REPRESENTATION_CONTEXT() REPRESENTATION_CONTEXT('2D SPACE',''
  ) );
#5525 = PCURVE('',#5526,#5531);
#5526 = PLANE('',#5527);
#5527 = AXIS2_PLACEMENT_3D('',#5528,#5529,#5530);
#5528 = CARTESIAN_POINT('',(0.,0.,105.));
#5529 = DIRECTION('',(0.,0.,1.));
#5530 = DIRECTION('',(-0.258819045103,0.965925826289,0.));
#5531 = DEFINITIONAL_REPRESENTATION('',(#5532),#5536);
#5532 = CIRCLE('',#5533,62.508694247655);
#5533 = AXIS2_PLACEMENT_2D('',#5534,#5535);
#5534 = CARTESIAN_POINT('',(0.,0.));
#5535 = DIRECTION('',(-0.258819045103,-0.965925826289));
#5536 = ( GEOMETRIC_REPRESENTATION_CONTEXT(2) 
PARAMETRIC_REPRESENTATION_CONTEXT() REPRESENTATION_CONTEXT('2D SPACE',''
  ) );
#5537 = ORIENTED_EDGE('',*,*,#5538,.F.);
#5538 = EDGE_CURVE('',#5539,#5510,#5541,.T.);
#5539 = VERTEX_POINT('',#5540);
#5540 = CARTESIAN_POINT('',(-21.7495344962,56.659474478242,5.));
#5541 = SURFACE_CURVE('',#5542,(#5548,#5557),.PCURVE_S1.);
#5542 = B_SPLINE_CURVE_WITH_KNOTS('',4,(#5543,#5544,#5545,#5546,#5547),
  .UNSPECIFIED.,.F.,.F.,(5,5),(0.,1.),.PIECEWISE_BEZIER_KNOTS.);
#5543 = CARTESIAN_POINT('',(-21.73259346588,56.615341585404,
    2.40000000303));
#5544 = CARTESIAN_POINT('',(-21.9078679721,57.071947284896,
    29.300000002236));
#5545 = CARTESIAN_POINT('',(-22.08314247832,57.528552984364,
    56.20000000011));
#5546 = CARTESIAN_POINT('',(-22.25841698454,57.985158683825,
    83.099999997474));
#5547 = CARTESIAN_POINT('',(-22.43369149076,58.441764383316,
    109.99999999668));
#5548 = PCURVE('',#4584,#5549);
#5549 = DEFINITIONAL_REPRESENTATION('',(#5550),#5556);
#5550 = B_SPLINE_CURVE_WITH_KNOTS('',4,(#5551,#5552,#5553,#5554,#5555),
  .UNSPECIFIED.,.F.,.F.,(5,5),(0.,1.),.PIECEWISE_BEZIER_KNOTS.);
#5551 = CARTESIAN_POINT('',(1.937315469714,2.356370847198));
#5552 = CARTESIAN_POINT('',(1.937315469714,29.256370846404));
#5553 = CARTESIAN_POINT('',(1.937315469714,56.156370846946));
#5554 = CARTESIAN_POINT('',(1.937315469714,83.056370847991));
#5555 = CARTESIAN_POINT('',(1.937315469714,109.95637084719));
#5556 = ( GEOMETRIC_REPRESENTATION_CONTEXT(2) 
PARAMETRIC_REPRESENTATION_CONTEXT() REPRESENTATION_CONTEXT('2D SPACE',''
  ) );
#5557 = PCURVE('',#5558,#5563);
#5558 = PLANE('',#5559);
#5559 = AXIS2_PLACEMENT_3D('',#5560,#5561,#5562);
#5560 = CARTESIAN_POINT('',(0.,0.,5.));
#5561 = DIRECTION('',(0.933580426497,0.358367949545,0.));
#5562 = DIRECTION('',(-0.358367949545,0.933580426497,0.));
#5563 = DEFINITIONAL_REPRESENTATION('',(#5564),#5570);
#5564 = B_SPLINE_CURVE_WITH_KNOTS('',4,(#5565,#5566,#5567,#5568,#5569),
  .UNSPECIFIED.,.F.,.F.,(5,5),(0.,1.),.PIECEWISE_BEZIER_KNOTS.);
#5565 = CARTESIAN_POINT('',(60.643239702256,-2.59999999697));
#5566 = CARTESIAN_POINT('',(61.132330611332,24.300000002236));
#5567 = CARTESIAN_POINT('',(61.621421520385,51.20000000011));
#5568 = CARTESIAN_POINT('',(62.110512429428,78.099999997474));
#5569 = CARTESIAN_POINT('',(62.599603338504,104.99999999668));
#5570 = ( GEOMETRIC_REPRESENTATION_CONTEXT(2) 
PARAMETRIC_REPRESENTATION_CONTEXT() REPRESENTATION_CONTEXT('2D SPACE',''
  ) );
#5571 = ORIENTED_EDGE('',*,*,#5572,.F.);
#5572 = EDGE_CURVE('',#5474,#5539,#5573,.T.);
#5573 = SURFACE_CURVE('',#5574,(#5579,#5586),.PCURVE_S1.);
#5574 = CIRCLE('',#5575,60.690512429473);
#5575 = AXIS2_PLACEMENT_3D('',#5576,#5577,#5578);
#5576 = CARTESIAN_POINT('',(0.,0.,5.));
#5577 = DIRECTION('',(0.,0.,1.));
#5578 = DIRECTION('',(1.,0.,-0.));
#5579 = PCURVE('',#4584,#5580);
#5580 = DEFINITIONAL_REPRESENTATION('',(#5581),#5585);
#5581 = LINE('',#5582,#5583);
#5582 = CARTESIAN_POINT('',(0.,4.956370847198));
#5583 = VECTOR('',#5584,1.);
#5584 = DIRECTION('',(1.,0.));
#5585 = ( GEOMETRIC_REPRESENTATION_CONTEXT(2) 
PARAMETRIC_REPRESENTATION_CONTEXT() REPRESENTATION_CONTEXT('2D SPACE',''
  ) );
#5586 = PCURVE('',#5587,#5592);
#5587 = PLANE('',#5588);
#5588 = AXIS2_PLACEMENT_3D('',#5589,#5590,#5591);
#5589 = CARTESIAN_POINT('',(0.,0.,5.));
#5590 = DIRECTION('',(0.,0.,1.));
#5591 = DIRECTION('',(-0.258819045103,0.965925826289,0.));
#5592 = DEFINITIONAL_REPRESENTATION('',(#5593),#5597);
#5593 = CIRCLE('',#5594,60.690512429473);
#5594 = AXIS2_PLACEMENT_2D('',#5595,#5596);
#5595 = CARTESIAN_POINT('',(0.,0.));
#5596 = DIRECTION('',(-0.258819045103,-0.965925826289));
#5597 = ( GEOMETRIC_REPRESENTATION_CONTEXT(2) 
PARAMETRIC_REPRESENTATION_CONTEXT() REPRESENTATION_CONTEXT('2D SPACE',''
  ) );
#5598 = FACE_BOUND('',#5599,.F.);
#5599 = EDGE_LOOP('',(#5600,#5639,#5668,#5702));
#5600 = ORIENTED_EDGE('',*,*,#5601,.T.);
#5601 = EDGE_CURVE('',#5602,#5604,#5606,.T.);
#5602 = VERTEX_POINT('',#5603);
#5603 = CARTESIAN_POINT('',(-30.34525621473,52.559525532619,5.));
#5604 = VERTEX_POINT('',#5605);
#5605 = CARTESIAN_POINT('',(-31.25434712382,54.134117175864,105.));
#5606 = SURFACE_CURVE('',#5607,(#5614,#5624),.PCURVE_S1.);
#5607 = B_SPLINE_CURVE_WITH_KNOTS('',5,(#5608,#5609,#5610,#5611,#5612,
    #5613),.UNSPECIFIED.,.F.,.F.,(6,6),(0.,1.),
  .PIECEWISE_BEZIER_KNOTS.);
#5608 = CARTESIAN_POINT('',(-30.32161985112,52.518586149943,
    2.40000000303));
#5609 = CARTESIAN_POINT('',(-30.51464453937,52.852914717096,
    23.632715709829));
#5610 = CARTESIAN_POINT('',(-30.71170276519,53.194229576269,
    45.309120550269));
#5611 = CARTESIAN_POINT('',(-30.90993547629,53.537578703609,
    67.11471877082));
#5612 = CARTESIAN_POINT('',(-31.10674742993,53.878467006856,
    88.76403367155));
#5613 = CARTESIAN_POINT('',(-31.29980166928,54.212846758026,110.));
#5614 = PCURVE('',#4584,#5615);
#5615 = DEFINITIONAL_REPRESENTATION('',(#5616),#5623);
#5616 = B_SPLINE_CURVE_WITH_KNOTS('',5,(#5617,#5618,#5619,#5620,#5621,
    #5622),.UNSPECIFIED.,.F.,.F.,(6,6),(0.,1.),
  .PIECEWISE_BEZIER_KNOTS.);
#5617 = CARTESIAN_POINT('',(2.094395102393,2.356370847198));
#5618 = CARTESIAN_POINT('',(2.094395102393,23.589086553997));
#5619 = CARTESIAN_POINT('',(2.094395102393,45.265491405172));
#5620 = CARTESIAN_POINT('',(2.094395102393,67.071089613637));
#5621 = CARTESIAN_POINT('',(2.094395102393,88.720404518748));
#5622 = CARTESIAN_POINT('',(2.094395102393,109.95637084719));
#5623 = ( GEOMETRIC_REPRESENTATION_CONTEXT(2) 
PARAMETRIC_REPRESENTATION_CONTEXT() REPRESENTATION_CONTEXT('2D SPACE',''
  ) );
#5624 = PCURVE('',#5625,#5630);
#5625 = PLANE('',#5626);
#5626 = AXIS2_PLACEMENT_3D('',#5627,#5628,#5629);
#5627 = CARTESIAN_POINT('',(0.,0.,5.));
#5628 = DIRECTION('',(0.866025403784,0.5,0.));
#5629 = DIRECTION('',(-0.5,0.866025403784,0.));
#5630 = DEFINITIONAL_REPRESENTATION('',(#5631),#5638);
#5631 = B_SPLINE_CURVE_WITH_KNOTS('',5,(#5632,#5633,#5634,#5635,#5636,
    #5637),.UNSPECIFIED.,.F.,.F.,(6,6),(0.,1.),
  .PIECEWISE_BEZIER_KNOTS.);
#5632 = CARTESIAN_POINT('',(60.643239702256,-2.59999999697));
#5633 = CARTESIAN_POINT('',(61.029289078743,18.632715709829));
#5634 = CARTESIAN_POINT('',(61.423405530387,40.309120550269));
#5635 = CARTESIAN_POINT('',(61.819870952579,62.11471877082));
#5636 = CARTESIAN_POINT('',(62.213494859865,83.76403367155));
#5637 = CARTESIAN_POINT('',(62.599603338564,105.));
#5638 = ( GEOMETRIC_REPRESENTATION_CONTEXT(2) 
PARAMETRIC_REPRESENTATION_CONTEXT() REPRESENTATION_CONTEXT('2D SPACE',''
  ) );
#5639 = ORIENTED_EDGE('',*,*,#5640,.T.);
#5640 = EDGE_CURVE('',#5604,#5641,#5643,.T.);
#5641 = VERTEX_POINT('',#5642);
#5642 = CARTESIAN_POINT('',(-36.74168861883,50.570595942541,105.));
#5643 = SURFACE_CURVE('',#5644,(#5649,#5656),.PCURVE_S1.);
#5644 = CIRCLE('',#5645,62.508694247655);
#5645 = AXIS2_PLACEMENT_3D('',#5646,#5647,#5648);
#5646 = CARTESIAN_POINT('',(0.,0.,105.));
#5647 = DIRECTION('',(0.,0.,1.));
#5648 = DIRECTION('',(1.,0.,-0.));
#5649 = PCURVE('',#4584,#5650);
#5650 = DEFINITIONAL_REPRESENTATION('',(#5651),#5655);
#5651 = LINE('',#5652,#5653);
#5652 = CARTESIAN_POINT('',(0.,104.95637084719));
#5653 = VECTOR('',#5654,1.);
#5654 = DIRECTION('',(1.,0.));
#5655 = ( GEOMETRIC_REPRESENTATION_CONTEXT(2) 
PARAMETRIC_REPRESENTATION_CONTEXT() REPRESENTATION_CONTEXT('2D SPACE',''
  ) );
#5656 = PCURVE('',#5657,#5662);
#5657 = PLANE('',#5658);
#5658 = AXIS2_PLACEMENT_3D('',#5659,#5660,#5661);
#5659 = CARTESIAN_POINT('',(0.,0.,105.));
#5660 = DIRECTION('',(0.,0.,1.));
#5661 = DIRECTION('',(-0.5,0.866025403784,0.));
#5662 = DEFINITIONAL_REPRESENTATION('',(#5663),#5667);
#5663 = CIRCLE('',#5664,62.508694247655);
#5664 = AXIS2_PLACEMENT_2D('',#5665,#5666);
#5665 = CARTESIAN_POINT('',(0.,0.));
#5666 = DIRECTION('',(-0.5,-0.866025403784));
#5667 = ( GEOMETRIC_REPRESENTATION_CONTEXT(2) 
PARAMETRIC_REPRESENTATION_CONTEXT() REPRESENTATION_CONTEXT('2D SPACE',''
  ) );
#5668 = ORIENTED_EDGE('',*,*,#5669,.F.);
#5669 = EDGE_CURVE('',#5670,#5641,#5672,.T.);
#5670 = VERTEX_POINT('',#5671);
#5671 = CARTESIAN_POINT('',(-35.67298816011,49.099655952768,5.));
#5672 = SURFACE_CURVE('',#5673,(#5679,#5688),.PCURVE_S1.);
#5673 = B_SPLINE_CURVE_WITH_KNOTS('',4,(#5674,#5675,#5676,#5677,#5678),
  .UNSPECIFIED.,.F.,.F.,(5,5),(0.,1.),.PIECEWISE_BEZIER_KNOTS.);
#5674 = CARTESIAN_POINT('',(-35.64520194822,49.061411513078,
    2.40000000303));
#5675 = CARTESIAN_POINT('',(-35.9326823716,49.457094370316,
    29.300000002236));
#5676 = CARTESIAN_POINT('',(-36.22016279498,49.852777227533,
    56.20000000011));
#5677 = CARTESIAN_POINT('',(-36.50764321834,50.248460084743,
    83.099999997474));
#5678 = CARTESIAN_POINT('',(-36.79512364173,50.64414294198,
    109.99999999668));
#5679 = PCURVE('',#4584,#5680);
#5680 = DEFINITIONAL_REPRESENTATION('',(#5681),#5687);
#5681 = B_SPLINE_CURVE_WITH_KNOTS('',4,(#5682,#5683,#5684,#5685,#5686),
  .UNSPECIFIED.,.F.,.F.,(5,5),(0.,1.),.PIECEWISE_BEZIER_KNOTS.);
#5682 = CARTESIAN_POINT('',(2.199114857513,2.356370847198));
#5683 = CARTESIAN_POINT('',(2.199114857513,29.256370846404));
#5684 = CARTESIAN_POINT('',(2.199114857513,56.156370846946));
#5685 = CARTESIAN_POINT('',(2.199114857513,83.056370847991));
#5686 = CARTESIAN_POINT('',(2.199114857513,109.95637084719));
#5687 = ( GEOMETRIC_REPRESENTATION_CONTEXT(2) 
PARAMETRIC_REPRESENTATION_CONTEXT() REPRESENTATION_CONTEXT('2D SPACE',''
  ) );
#5688 = PCURVE('',#5689,#5694);
#5689 = PLANE('',#5690);
#5690 = AXIS2_PLACEMENT_3D('',#5691,#5692,#5693);
#5691 = CARTESIAN_POINT('',(0.,0.,5.));
#5692 = DIRECTION('',(0.809016994375,0.587785252292,0.));
#5693 = DIRECTION('',(-0.587785252292,0.809016994375,0.));
#5694 = DEFINITIONAL_REPRESENTATION('',(#5695),#5701);
#5695 = B_SPLINE_CURVE_WITH_KNOTS('',4,(#5696,#5697,#5698,#5699,#5700),
  .UNSPECIFIED.,.F.,.F.,(5,5),(0.,1.),.PIECEWISE_BEZIER_KNOTS.);
#5696 = CARTESIAN_POINT('',(60.643239702256,-2.59999999697));
#5697 = CARTESIAN_POINT('',(61.132330611332,24.300000002236));
#5698 = CARTESIAN_POINT('',(61.621421520385,51.20000000011));
#5699 = CARTESIAN_POINT('',(62.110512429428,78.099999997474));
#5700 = CARTESIAN_POINT('',(62.599603338504,104.99999999668));
#5701 = ( GEOMETRIC_REPRESENTATION_CONTEXT(2) 
PARAMETRIC_REPRESENTATION_CONTEXT() REPRESENTATION_CONTEXT('2D SPACE',''
  ) );
#5702 = ORIENTED_EDGE('',*,*,#5703,.F.);
#5703 = EDGE_CURVE('',#5602,#5670,#5704,.T.);
#5704 = SURFACE_CURVE('',#5705,(#5710,#5717),.PCURVE_S1.);
#5705 = CIRCLE('',#5706,60.690512429473);
#5706 = AXIS2_PLACEMENT_3D('',#5707,#5708,#5709);
#5707 = CARTESIAN_POINT('',(0.,0.,5.));
#5708 = DIRECTION('',(0.,0.,1.));
#5709 = DIRECTION('',(1.,0.,-0.));
#5710 = PCURVE('',#4584,#5711);
#5711 = DEFINITIONAL_REPRESENTATION('',(#5712),#5716);
#5712 = LINE('',#5713,#5714);
#5713 = CARTESIAN_POINT('',(0.,4.956370847198));
#5714 = VECTOR('',#5715,1.);
#5715 = DIRECTION('',(1.,0.));
#5716 = ( GEOMETRIC_REPRESENTATION_CONTEXT(2) 
PARAMETRIC_REPRESENTATION_CONTEXT() REPRESENTATION_CONTEXT('2D SPACE',''
  ) );
#5717 = PCURVE('',#5718,#5723);
#5718 = PLANE('',#5719);
#5719 = AXIS2_PLACEMENT_3D('',#5720,#5721,#5722);
#5720 = CARTESIAN_POINT('',(0.,0.,5.));
#5721 = DIRECTION('',(0.,0.,1.));
#5722 = DIRECTION('',(-0.5,0.866025403784,0.));
#5723 = DEFINITIONAL_REPRESENTATION('',(#5724),#5728);
#5724 = CIRCLE('',#5725,60.690512429473);
#5725 = AXIS2_PLACEMENT_2D('',#5726,#5727);
#5726 = CARTESIAN_POINT('',(0.,0.));
#5727 = DIRECTION('',(-0.5,-0.866025403784));
#5728 = ( GEOMETRIC_REPRESENTATION_CONTEXT(2) 
PARAMETRIC_REPRESENTATION_CONTEXT() REPRESENTATION_CONTEXT('2D SPACE',''
  ) );
#5729 = FACE_BOUND('',#5730,.F.);
#5730 = EDGE_LOOP('',(#5731,#5767,#5796,#5830));
#5731 = ORIENTED_EDGE('',*,*,#5732,.T.);
#5732 = EDGE_CURVE('',#5733,#5735,#5737,.T.);
#5733 = VERTEX_POINT('',#5734);
#5734 = CARTESIAN_POINT('',(-42.91467289256,42.914672892567,5.));
#5735 = VERTEX_POINT('',#5736);
#5736 = CARTESIAN_POINT('',(-44.20032158563,44.200321585634,105.));
#5737 = SURFACE_CURVE('',#5738,(#5744,#5753),.PCURVE_S1.);
#5738 = B_SPLINE_CURVE_WITH_KNOTS('',4,(#5739,#5740,#5741,#5742,#5743),
  .UNSPECIFIED.,.F.,.F.,(5,5),(0.,1.),.PIECEWISE_BEZIER_KNOTS.);
#5739 = CARTESIAN_POINT('',(-42.88124602658,42.881246026586,
    2.40000000303));
#5740 = CARTESIAN_POINT('',(-43.22708552501,43.227085525011,
    29.300000002236));
#5741 = CARTESIAN_POINT('',(-43.57292502341,43.572925023419,
    56.20000000011));
#5742 = CARTESIAN_POINT('',(-43.91876452182,43.91876452182,
    83.099999997474));
#5743 = CARTESIAN_POINT('',(-44.26460402024,44.264604020244,
    109.99999999668));
#5744 = PCURVE('',#4584,#5745);
#5745 = DEFINITIONAL_REPRESENTATION('',(#5746),#5752);
#5746 = B_SPLINE_CURVE_WITH_KNOTS('',4,(#5747,#5748,#5749,#5750,#5751),
  .UNSPECIFIED.,.F.,.F.,(5,5),(0.,1.),.PIECEWISE_BEZIER_KNOTS.);
#5747 = CARTESIAN_POINT('',(2.356194490192,2.356370847198));
#5748 = CARTESIAN_POINT('',(2.356194490192,29.256370846404));
#5749 = CARTESIAN_POINT('',(2.356194490192,56.156370846946));
#5750 = CARTESIAN_POINT('',(2.356194490192,83.056370847991));
#5751 = CARTESIAN_POINT('',(2.356194490192,109.95637084719));
#5752 = ( GEOMETRIC_REPRESENTATION_CONTEXT(2) 
PARAMETRIC_REPRESENTATION_CONTEXT() REPRESENTATION_CONTEXT('2D SPACE',''
  ) );
#5753 = PCURVE('',#5754,#5759);
#5754 = PLANE('',#5755);
#5755 = AXIS2_PLACEMENT_3D('',#5756,#5757,#5758);
#5756 = CARTESIAN_POINT('',(0.,0.,5.));
#5757 = DIRECTION('',(0.707106781187,0.707106781187,0.));
#5758 = DIRECTION('',(-0.707106781187,0.707106781187,0.));
#5759 = DEFINITIONAL_REPRESENTATION('',(#5760),#5766);
#5760 = B_SPLINE_CURVE_WITH_KNOTS('',4,(#5761,#5762,#5763,#5764,#5765),
  .UNSPECIFIED.,.F.,.F.,(5,5),(0.,1.),.PIECEWISE_BEZIER_KNOTS.);
#5761 = CARTESIAN_POINT('',(60.643239702256,-2.59999999697));
#5762 = CARTESIAN_POINT('',(61.132330611332,24.300000002236));
#5763 = CARTESIAN_POINT('',(61.621421520385,51.20000000011));
#5764 = CARTESIAN_POINT('',(62.110512429428,78.099999997474));
#5765 = CARTESIAN_POINT('',(62.599603338504,104.99999999668));
#5766 = ( GEOMETRIC_REPRESENTATION_CONTEXT(2) 
PARAMETRIC_REPRESENTATION_CONTEXT() REPRESENTATION_CONTEXT('2D SPACE',''
  ) );
#5767 = ORIENTED_EDGE('',*,*,#5768,.T.);
#5768 = EDGE_CURVE('',#5735,#5769,#5771,.T.);
#5769 = VERTEX_POINT('',#5770);
#5770 = CARTESIAN_POINT('',(-48.57837929051,39.337995907949,105.));
#5771 = SURFACE_CURVE('',#5772,(#5777,#5784),.PCURVE_S1.);
#5772 = CIRCLE('',#5773,62.508694247655);
#5773 = AXIS2_PLACEMENT_3D('',#5774,#5775,#5776);
#5774 = CARTESIAN_POINT('',(0.,0.,105.));
#5775 = DIRECTION('',(0.,0.,1.));
#5776 = DIRECTION('',(1.,0.,-0.));
#5777 = PCURVE('',#4584,#5778);
#5778 = DEFINITIONAL_REPRESENTATION('',(#5779),#5783);
#5779 = LINE('',#5780,#5781);
#5780 = CARTESIAN_POINT('',(0.,104.95637084719));
#5781 = VECTOR('',#5782,1.);
#5782 = DIRECTION('',(1.,0.));
#5783 = ( GEOMETRIC_REPRESENTATION_CONTEXT(2) 
PARAMETRIC_REPRESENTATION_CONTEXT() REPRESENTATION_CONTEXT('2D SPACE',''
  ) );
#5784 = PCURVE('',#5785,#5790);
#5785 = PLANE('',#5786);
#5786 = AXIS2_PLACEMENT_3D('',#5787,#5788,#5789);
#5787 = CARTESIAN_POINT('',(0.,0.,105.));
#5788 = DIRECTION('',(0.,0.,1.));
#5789 = DIRECTION('',(-0.707106781187,0.707106781187,0.));
#5790 = DEFINITIONAL_REPRESENTATION('',(#5791),#5795);
#5791 = CIRCLE('',#5792,62.508694247655);
#5792 = AXIS2_PLACEMENT_2D('',#5793,#5794);
#5793 = CARTESIAN_POINT('',(0.,0.));
#5794 = DIRECTION('',(-0.707106781187,-0.707106781187));
#5795 = ( GEOMETRIC_REPRESENTATION_CONTEXT(2) 
PARAMETRIC_REPRESENTATION_CONTEXT() REPRESENTATION_CONTEXT('2D SPACE',''
  ) );
#5796 = ORIENTED_EDGE('',*,*,#5797,.F.);
#5797 = EDGE_CURVE('',#5798,#5769,#5800,.T.);
#5798 = VERTEX_POINT('',#5799);
#5799 = CARTESIAN_POINT('',(-47.16538663331,38.193777015131,5.));
#5800 = SURFACE_CURVE('',#5801,(#5807,#5816),.PCURVE_S1.);
#5801 = B_SPLINE_CURVE_WITH_KNOTS('',4,(#5802,#5803,#5804,#5805,#5806),
  .UNSPECIFIED.,.F.,.F.,(5,5),(0.,1.),.PIECEWISE_BEZIER_KNOTS.);
#5802 = CARTESIAN_POINT('',(-47.12864882427,38.164027323953,
    2.40000000303));
#5803 = CARTESIAN_POINT('',(-47.50874384904,38.471822206112,
    29.300000002236));
#5804 = CARTESIAN_POINT('',(-47.8888388738,38.779617088255,
    56.20000000011));
#5805 = CARTESIAN_POINT('',(-48.26893389855,39.087411970393,
    83.099999997474));
#5806 = CARTESIAN_POINT('',(-48.64902892332,39.395206852552,
    109.99999999668));
#5807 = PCURVE('',#4584,#5808);
#5808 = DEFINITIONAL_REPRESENTATION('',(#5809),#5815);
#5809 = B_SPLINE_CURVE_WITH_KNOTS('',4,(#5810,#5811,#5812,#5813,#5814),
  .UNSPECIFIED.,.F.,.F.,(5,5),(0.,1.),.PIECEWISE_BEZIER_KNOTS.);
#5810 = CARTESIAN_POINT('',(2.460914245312,2.356370847198));
#5811 = CARTESIAN_POINT('',(2.460914245312,29.256370846404));
#5812 = CARTESIAN_POINT('',(2.460914245312,56.156370846946));
#5813 = CARTESIAN_POINT('',(2.460914245312,83.056370847991));
#5814 = CARTESIAN_POINT('',(2.460914245312,109.95637084719));
#5815 = ( GEOMETRIC_REPRESENTATION_CONTEXT(2) 
PARAMETRIC_REPRESENTATION_CONTEXT() REPRESENTATION_CONTEXT('2D SPACE',''
  ) );
#5816 = PCURVE('',#5817,#5822);
#5817 = PLANE('',#5818);
#5818 = AXIS2_PLACEMENT_3D('',#5819,#5820,#5821);
#5819 = CARTESIAN_POINT('',(0.,0.,5.));
#5820 = DIRECTION('',(0.62932039105,0.777145961457,0.));
#5821 = DIRECTION('',(-0.777145961457,0.62932039105,0.));
#5822 = DEFINITIONAL_REPRESENTATION('',(#5823),#5829);
#5823 = B_SPLINE_CURVE_WITH_KNOTS('',4,(#5824,#5825,#5826,#5827,#5828),
  .UNSPECIFIED.,.F.,.F.,(5,5),(0.,1.),.PIECEWISE_BEZIER_KNOTS.);
#5824 = CARTESIAN_POINT('',(60.643239702256,-2.59999999697));
#5825 = CARTESIAN_POINT('',(61.132330611332,24.300000002236));
#5826 = CARTESIAN_POINT('',(61.621421520385,51.20000000011));
#5827 = CARTESIAN_POINT('',(62.110512429428,78.099999997474));
#5828 = CARTESIAN_POINT('',(62.599603338504,104.99999999668));
#5829 = ( GEOMETRIC_REPRESENTATION_CONTEXT(2) 
PARAMETRIC_REPRESENTATION_CONTEXT() REPRESENTATION_CONTEXT('2D SPACE',''
  ) );
#5830 = ORIENTED_EDGE('',*,*,#5831,.F.);
#5831 = EDGE_CURVE('',#5733,#5798,#5832,.T.);
#5832 = SURFACE_CURVE('',#5833,(#5838,#5845),.PCURVE_S1.);
#5833 = CIRCLE('',#5834,60.690512429473);
#5834 = AXIS2_PLACEMENT_3D('',#5835,#5836,#5837);
#5835 = CARTESIAN_POINT('',(0.,0.,5.));
#5836 = DIRECTION('',(0.,0.,1.));
#5837 = DIRECTION('',(1.,0.,-0.));
#5838 = PCURVE('',#4584,#5839);
#5839 = DEFINITIONAL_REPRESENTATION('',(#5840),#5844);
#5840 = LINE('',#5841,#5842);
#5841 = CARTESIAN_POINT('',(0.,4.956370847198));
#5842 = VECTOR('',#5843,1.);
#5843 = DIRECTION('',(1.,0.));
#5844 = ( GEOMETRIC_REPRESENTATION_CONTEXT(2) 
PARAMETRIC_REPRESENTATION_CONTEXT() REPRESENTATION_CONTEXT('2D SPACE',''
  ) );
#5845 = PCURVE('',#5846,#5851);
#5846 = PLANE('',#5847);
#5847 = AXIS2_PLACEMENT_3D('',#5848,#5849,#5850);
#5848 = CARTESIAN_POINT('',(0.,0.,5.));
#5849 = DIRECTION('',(0.,0.,1.));
#5850 = DIRECTION('',(-0.707106781187,0.707106781187,0.));
#5851 = DEFINITIONAL_REPRESENTATION('',(#5852),#5856);
#5852 = CIRCLE('',#5853,60.690512429473);
#5853 = AXIS2_PLACEMENT_2D('',#5854,#5855);
#5854 = CARTESIAN_POINT('',(0.,0.));
#5855 = DIRECTION('',(-0.707106781187,-0.707106781187));
#5856 = ( GEOMETRIC_REPRESENTATION_CONTEXT(2) 
PARAMETRIC_REPRESENTATION_CONTEXT() REPRESENTATION_CONTEXT('2D SPACE',''
  ) );
#5857 = FACE_BOUND('',#5858,.F.);
#5858 = EDGE_LOOP('',(#5859,#5895,#5924,#5958));
#5859 = ORIENTED_EDGE('',*,*,#5860,.T.);
#5860 = EDGE_CURVE('',#5861,#5863,#5865,.T.);
#5861 = VERTEX_POINT('',#5862);
#5862 = CARTESIAN_POINT('',(-52.55952553261,30.345256214737,5.));
#5863 = VERTEX_POINT('',#5864);
#5864 = CARTESIAN_POINT('',(-54.13411717586,31.254347123828,105.));
#5865 = SURFACE_CURVE('',#5866,(#5872,#5881),.PCURVE_S1.);
#5866 = B_SPLINE_CURVE_WITH_KNOTS('',4,(#5867,#5868,#5869,#5870,#5871),
  .UNSPECIFIED.,.F.,.F.,(5,5),(0.,1.),.PIECEWISE_BEZIER_KNOTS.);
#5867 = CARTESIAN_POINT('',(-52.51858614994,30.321619851128,
    2.40000000303));
#5868 = CARTESIAN_POINT('',(-52.94215130196,30.566165305666,
    29.300000002236));
#5869 = CARTESIAN_POINT('',(-53.36571645396,30.810710760192,
    56.20000000011));
#5870 = CARTESIAN_POINT('',(-53.78928160595,31.055256214714,
    83.099999997474));
#5871 = CARTESIAN_POINT('',(-54.21284675797,31.299801669252,
    109.99999999668));
#5872 = PCURVE('',#4584,#5873);
#5873 = DEFINITIONAL_REPRESENTATION('',(#5874),#5880);
#5874 = B_SPLINE_CURVE_WITH_KNOTS('',4,(#5875,#5876,#5877,#5878,#5879),
  .UNSPECIFIED.,.F.,.F.,(5,5),(0.,1.),.PIECEWISE_BEZIER_KNOTS.);
#5875 = CARTESIAN_POINT('',(2.617993877991,2.356370847198));
#5876 = CARTESIAN_POINT('',(2.617993877991,29.256370846404));
#5877 = CARTESIAN_POINT('',(2.617993877991,56.156370846946));
#5878 = CARTESIAN_POINT('',(2.617993877991,83.056370847991));
#5879 = CARTESIAN_POINT('',(2.617993877991,109.95637084719));
#5880 = ( GEOMETRIC_REPRESENTATION_CONTEXT(2) 
PARAMETRIC_REPRESENTATION_CONTEXT() REPRESENTATION_CONTEXT('2D SPACE',''
  ) );
#5881 = PCURVE('',#5882,#5887);
#5882 = PLANE('',#5883);
#5883 = AXIS2_PLACEMENT_3D('',#5884,#5885,#5886);
#5884 = CARTESIAN_POINT('',(0.,0.,5.));
#5885 = DIRECTION('',(0.5,0.866025403784,0.));
#5886 = DIRECTION('',(-0.866025403784,0.5,0.));
#5887 = DEFINITIONAL_REPRESENTATION('',(#5888),#5894);
#5888 = B_SPLINE_CURVE_WITH_KNOTS('',4,(#5889,#5890,#5891,#5892,#5893),
  .UNSPECIFIED.,.F.,.F.,(5,5),(0.,1.),.PIECEWISE_BEZIER_KNOTS.);
#5889 = CARTESIAN_POINT('',(60.643239702256,-2.59999999697));
#5890 = CARTESIAN_POINT('',(61.132330611332,24.300000002236));
#5891 = CARTESIAN_POINT('',(61.621421520385,51.20000000011));
#5892 = CARTESIAN_POINT('',(62.110512429428,78.099999997474));
#5893 = CARTESIAN_POINT('',(62.599603338504,104.99999999668));
#5894 = ( GEOMETRIC_REPRESENTATION_CONTEXT(2) 
PARAMETRIC_REPRESENTATION_CONTEXT() REPRESENTATION_CONTEXT('2D SPACE',''
  ) );
#5895 = ORIENTED_EDGE('',*,*,#5896,.T.);
#5896 = EDGE_CURVE('',#5863,#5897,#5899,.T.);
#5897 = VERTEX_POINT('',#5898);
#5898 = CARTESIAN_POINT('',(-57.10453369311,25.424576461343,105.));
#5899 = SURFACE_CURVE('',#5900,(#5905,#5912),.PCURVE_S1.);
#5900 = CIRCLE('',#5901,62.508694247655);
#5901 = AXIS2_PLACEMENT_3D('',#5902,#5903,#5904);
#5902 = CARTESIAN_POINT('',(0.,0.,105.));
#5903 = DIRECTION('',(0.,0.,1.));
#5904 = DIRECTION('',(1.,0.,-0.));
#5905 = PCURVE('',#4584,#5906);
#5906 = DEFINITIONAL_REPRESENTATION('',(#5907),#5911);
#5907 = LINE('',#5908,#5909);
#5908 = CARTESIAN_POINT('',(0.,104.95637084719));
#5909 = VECTOR('',#5910,1.);
#5910 = DIRECTION('',(1.,0.));
#5911 = ( GEOMETRIC_REPRESENTATION_CONTEXT(2) 
PARAMETRIC_REPRESENTATION_CONTEXT() REPRESENTATION_CONTEXT('2D SPACE',''
  ) );
#5912 = PCURVE('',#5913,#5918);
#5913 = PLANE('',#5914);
#5914 = AXIS2_PLACEMENT_3D('',#5915,#5916,#5917);
#5915 = CARTESIAN_POINT('',(0.,0.,105.));
#5916 = DIRECTION('',(0.,0.,1.));
#5917 = DIRECTION('',(-0.866025403784,0.5,0.));
#5918 = DEFINITIONAL_REPRESENTATION('',(#5919),#5923);
#5919 = CIRCLE('',#5920,62.508694247655);
#5920 = AXIS2_PLACEMENT_2D('',#5921,#5922);
#5921 = CARTESIAN_POINT('',(0.,0.));
#5922 = DIRECTION('',(-0.866025403784,-0.5));
#5923 = ( GEOMETRIC_REPRESENTATION_CONTEXT(2) 
PARAMETRIC_REPRESENTATION_CONTEXT() REPRESENTATION_CONTEXT('2D SPACE',''
  ) );
#5924 = ORIENTED_EDGE('',*,*,#5925,.F.);
#5925 = EDGE_CURVE('',#5926,#5897,#5928,.T.);
#5926 = VERTEX_POINT('',#5927);
#5927 = CARTESIAN_POINT('',(-55.44354195194,24.685055292114,5.));
#5928 = SURFACE_CURVE('',#5929,(#5935,#5944),.PCURVE_S1.);
#5929 = B_SPLINE_CURVE_WITH_KNOTS('',4,(#5930,#5931,#5932,#5933,#5934),
  .UNSPECIFIED.,.F.,.F.,(5,5),(0.,1.),.PIECEWISE_BEZIER_KNOTS.);
#5930 = CARTESIAN_POINT('',(-55.40035616672,24.665827741737,
    2.40000000303));
#5931 = CARTESIAN_POINT('',(-55.84716294508,24.864758936253,
    29.300000002236));
#5932 = CARTESIAN_POINT('',(-56.29396972342,25.06369013076,
    56.20000000011));
#5933 = CARTESIAN_POINT('',(-56.74077650175,25.262621325263,
    83.099999997474));
#5934 = CARTESIAN_POINT('',(-57.18758328011,25.46155251978,
    109.99999999668));
#5935 = PCURVE('',#4584,#5936);
#5936 = DEFINITIONAL_REPRESENTATION('',(#5937),#5943);
#5937 = B_SPLINE_CURVE_WITH_KNOTS('',4,(#5938,#5939,#5940,#5941,#5942),
  .UNSPECIFIED.,.F.,.F.,(5,5),(0.,1.),.PIECEWISE_BEZIER_KNOTS.);
#5938 = CARTESIAN_POINT('',(2.722713633111,2.356370847198));
#5939 = CARTESIAN_POINT('',(2.722713633111,29.256370846404));
#5940 = CARTESIAN_POINT('',(2.722713633111,56.156370846946));
#5941 = CARTESIAN_POINT('',(2.722713633111,83.056370847991));
#5942 = CARTESIAN_POINT('',(2.722713633111,109.95637084719));
#5943 = ( GEOMETRIC_REPRESENTATION_CONTEXT(2) 
PARAMETRIC_REPRESENTATION_CONTEXT() REPRESENTATION_CONTEXT('2D SPACE',''
  ) );
#5944 = PCURVE('',#5945,#5950);
#5945 = PLANE('',#5946);
#5946 = AXIS2_PLACEMENT_3D('',#5947,#5948,#5949);
#5947 = CARTESIAN_POINT('',(0.,0.,5.));
#5948 = DIRECTION('',(0.406736643076,0.913545457643,0.));
#5949 = DIRECTION('',(-0.913545457643,0.406736643076,0.));
#5950 = DEFINITIONAL_REPRESENTATION('',(#5951),#5957);
#5951 = B_SPLINE_CURVE_WITH_KNOTS('',4,(#5952,#5953,#5954,#5955,#5956),
  .UNSPECIFIED.,.F.,.F.,(5,5),(0.,1.),.PIECEWISE_BEZIER_KNOTS.);
#5952 = CARTESIAN_POINT('',(60.643239702256,-2.59999999697));
#5953 = CARTESIAN_POINT('',(61.132330611332,24.300000002236));
#5954 = CARTESIAN_POINT('',(61.621421520385,51.20000000011));
#5955 = CARTESIAN_POINT('',(62.110512429428,78.099999997474));
#5956 = CARTESIAN_POINT('',(62.599603338504,104.99999999668));
#5957 = ( GEOMETRIC_REPRESENTATION_CONTEXT(2) 
PARAMETRIC_REPRESENTATION_CONTEXT() REPRESENTATION_CONTEXT('2D SPACE',''
  ) );
#5958 = ORIENTED_EDGE('',*,*,#5959,.F.);
#5959 = EDGE_CURVE('',#5861,#5926,#5960,.T.);
#5960 = SURFACE_CURVE('',#5961,(#5966,#5973),.PCURVE_S1.);
#5961 = CIRCLE('',#5962,60.690512429473);
#5962 = AXIS2_PLACEMENT_3D('',#5963,#5964,#5965);
#5963 = CARTESIAN_POINT('',(0.,0.,5.));
#5964 = DIRECTION('',(0.,0.,1.));
#5965 = DIRECTION('',(1.,0.,-0.));
#5966 = PCURVE('',#4584,#5967);
#5967 = DEFINITIONAL_REPRESENTATION('',(#5968),#5972);
#5968 = LINE('',#5969,#5970);
#5969 = CARTESIAN_POINT('',(0.,4.956370847198));
#5970 = VECTOR('',#5971,1.);
#5971 = DIRECTION('',(1.,0.));
#5972 = ( GEOMETRIC_REPRESENTATION_CONTEXT(2) 
PARAMETRIC_REPRESENTATION_CONTEXT() REPRESENTATION_CONTEXT('2D SPACE',''
  ) );
#5973 = PCURVE('',#5974,#5979);
#5974 = PLANE('',#5975);
#5975 = AXIS2_PLACEMENT_3D('',#5976,#5977,#5978);
#5976 = CARTESIAN_POINT('',(0.,0.,5.));
#5977 = DIRECTION('',(0.,0.,1.));
#5978 = DIRECTION('',(-0.866025403784,0.5,0.));
#5979 = DEFINITIONAL_REPRESENTATION('',(#5980),#5984);
#5980 = CIRCLE('',#5981,60.690512429473);
#5981 = AXIS2_PLACEMENT_2D('',#5982,#5983);
#5982 = CARTESIAN_POINT('',(0.,0.));
#5983 = DIRECTION('',(-0.866025403784,-0.5));
#5984 = ( GEOMETRIC_REPRESENTATION_CONTEXT(2) 
PARAMETRIC_REPRESENTATION_CONTEXT() REPRESENTATION_CONTEXT('2D SPACE',''
  ) );
#5985 = FACE_BOUND('',#5986,.F.);
#5986 = EDGE_LOOP('',(#5987,#6023,#6052,#6086));
#5987 = ORIENTED_EDGE('',*,*,#5988,.T.);
#5988 = EDGE_CURVE('',#5989,#5991,#5993,.T.);
#5989 = VERTEX_POINT('',#5990);
#5990 = CARTESIAN_POINT('',(-58.62253336634,15.707860473779,5.));
#5991 = VERTEX_POINT('',#5992);
#5992 = CARTESIAN_POINT('',(-60.37876214141,16.178440555784,105.));
#5993 = SURFACE_CURVE('',#5994,(#6000,#6009),.PCURVE_S1.);
#5994 = B_SPLINE_CURVE_WITH_KNOTS('',4,(#5995,#5996,#5997,#5998,#5999),
  .UNSPECIFIED.,.F.,.F.,(5,5),(0.,1.),.PIECEWISE_BEZIER_KNOTS.);
#5995 = CARTESIAN_POINT('',(-58.57687141824,15.695625391661,
    2.40000000303));
#5996 = CARTESIAN_POINT('',(-59.04929695872,15.822211433717,
    29.300000002236));
#5997 = CARTESIAN_POINT('',(-59.52172249918,15.948797475766,
    56.20000000011));
#5998 = CARTESIAN_POINT('',(-59.99414803963,16.075383517813,
    83.099999997474));
#5999 = CARTESIAN_POINT('',(-60.46657358011,16.201969559868,
    109.99999999668));
#6000 = PCURVE('',#4584,#6001);
#6001 = DEFINITIONAL_REPRESENTATION('',(#6002),#6008);
#6002 = B_SPLINE_CURVE_WITH_KNOTS('',4,(#6003,#6004,#6005,#6006,#6007),
  .UNSPECIFIED.,.F.,.F.,(5,5),(0.,1.),.PIECEWISE_BEZIER_KNOTS.);
#6003 = CARTESIAN_POINT('',(2.879793265791,2.356370847198));
#6004 = CARTESIAN_POINT('',(2.879793265791,29.256370846404));
#6005 = CARTESIAN_POINT('',(2.879793265791,56.156370846946));
#6006 = CARTESIAN_POINT('',(2.879793265791,83.056370847991));
#6007 = CARTESIAN_POINT('',(2.879793265791,109.95637084719));
#6008 = ( GEOMETRIC_REPRESENTATION_CONTEXT(2) 
PARAMETRIC_REPRESENTATION_CONTEXT() REPRESENTATION_CONTEXT('2D SPACE',''
  ) );
#6009 = PCURVE('',#6010,#6015);
#6010 = PLANE('',#6011);
#6011 = AXIS2_PLACEMENT_3D('',#6012,#6013,#6014);
#6012 = CARTESIAN_POINT('',(0.,0.,5.));
#6013 = DIRECTION('',(0.258819045103,0.965925826289,0.));
#6014 = DIRECTION('',(-0.965925826289,0.258819045103,0.));
#6015 = DEFINITIONAL_REPRESENTATION('',(#6016),#6022);
#6016 = B_SPLINE_CURVE_WITH_KNOTS('',4,(#6017,#6018,#6019,#6020,#6021),
  .UNSPECIFIED.,.F.,.F.,(5,5),(0.,1.),.PIECEWISE_BEZIER_KNOTS.);
#6017 = CARTESIAN_POINT('',(60.643239702256,-2.59999999697));
#6018 = CARTESIAN_POINT('',(61.132330611332,24.300000002236));
#6019 = CARTESIAN_POINT('',(61.621421520385,51.20000000011));
#6020 = CARTESIAN_POINT('',(62.110512429428,78.099999997474));
#6021 = CARTESIAN_POINT('',(62.599603338504,104.99999999668));
#6022 = ( GEOMETRIC_REPRESENTATION_CONTEXT(2) 
PARAMETRIC_REPRESENTATION_CONTEXT() REPRESENTATION_CONTEXT('2D SPACE',''
  ) );
#6023 = ORIENTED_EDGE('',*,*,#6024,.T.);
#6024 = EDGE_CURVE('',#5991,#6025,#6027,.T.);
#6025 = VERTEX_POINT('',#6026);
#6026 = CARTESIAN_POINT('',(-61.73910849423,9.778514144995,105.));
#6027 = SURFACE_CURVE('',#6028,(#6033,#6040),.PCURVE_S1.);
#6028 = CIRCLE('',#6029,62.508694247655);
#6029 = AXIS2_PLACEMENT_3D('',#6030,#6031,#6032);
#6030 = CARTESIAN_POINT('',(0.,0.,105.));
#6031 = DIRECTION('',(0.,0.,1.));
#6032 = DIRECTION('',(1.,0.,-0.));
#6033 = PCURVE('',#4584,#6034);
#6034 = DEFINITIONAL_REPRESENTATION('',(#6035),#6039);
#6035 = LINE('',#6036,#6037);
#6036 = CARTESIAN_POINT('',(0.,104.95637084719));
#6037 = VECTOR('',#6038,1.);
#6038 = DIRECTION('',(1.,0.));
#6039 = ( GEOMETRIC_REPRESENTATION_CONTEXT(2) 
PARAMETRIC_REPRESENTATION_CONTEXT() REPRESENTATION_CONTEXT('2D SPACE',''
  ) );
#6040 = PCURVE('',#6041,#6046);
#6041 = PLANE('',#6042);
#6042 = AXIS2_PLACEMENT_3D('',#6043,#6044,#6045);
#6043 = CARTESIAN_POINT('',(0.,0.,105.));
#6044 = DIRECTION('',(0.,0.,1.));
#6045 = DIRECTION('',(-0.965925826289,0.258819045103,0.));
#6046 = DEFINITIONAL_REPRESENTATION('',(#6047),#6051);
#6047 = CIRCLE('',#6048,62.508694247655);
#6048 = AXIS2_PLACEMENT_2D('',#6049,#6050);
#6049 = CARTESIAN_POINT('',(0.,0.));
#6050 = DIRECTION('',(-0.965925826289,-0.258819045103));
#6051 = ( GEOMETRIC_REPRESENTATION_CONTEXT(2) 
PARAMETRIC_REPRESENTATION_CONTEXT() REPRESENTATION_CONTEXT('2D SPACE',''
  ) );
#6052 = ORIENTED_EDGE('',*,*,#6053,.F.);
#6053 = EDGE_CURVE('',#6054,#6025,#6056,.T.);
#6054 = VERTEX_POINT('',#6055);
#6055 = CARTESIAN_POINT('',(-59.94331151133,9.494087844922,5.));
#6056 = SURFACE_CURVE('',#6057,(#6063,#6072),.PCURVE_S1.);
#6057 = B_SPLINE_CURVE_WITH_KNOTS('',4,(#6058,#6059,#6060,#6061,#6062),
  .UNSPECIFIED.,.F.,.F.,(5,5),(0.,1.),.PIECEWISE_BEZIER_KNOTS.);
#6058 = CARTESIAN_POINT('',(-59.89662078983,9.486692761129,2.40000000303
    ));
#6059 = CARTESIAN_POINT('',(-60.37969017822,9.563203435846,
    29.300000002236));
#6060 = CARTESIAN_POINT('',(-60.86275956658,9.63971411056,56.20000000011
    ));
#6061 = CARTESIAN_POINT('',(-61.34582895493,9.716224785272,
    83.099999997474));
#6062 = CARTESIAN_POINT('',(-61.82889834332,9.79273545999,
    109.99999999668));
#6063 = PCURVE('',#4584,#6064);
#6064 = DEFINITIONAL_REPRESENTATION('',(#6065),#6071);
#6065 = B_SPLINE_CURVE_WITH_KNOTS('',4,(#6066,#6067,#6068,#6069,#6070),
  .UNSPECIFIED.,.F.,.F.,(5,5),(0.,1.),.PIECEWISE_BEZIER_KNOTS.);
#6066 = CARTESIAN_POINT('',(2.98451302091,2.356370847198));
#6067 = CARTESIAN_POINT('',(2.98451302091,29.256370846404));
#6068 = CARTESIAN_POINT('',(2.98451302091,56.156370846946));
#6069 = CARTESIAN_POINT('',(2.98451302091,83.056370847991));
#6070 = CARTESIAN_POINT('',(2.98451302091,109.95637084719));
#6071 = ( GEOMETRIC_REPRESENTATION_CONTEXT(2) 
PARAMETRIC_REPRESENTATION_CONTEXT() REPRESENTATION_CONTEXT('2D SPACE',''
  ) );
#6072 = PCURVE('',#6073,#6078);
#6073 = PLANE('',#6074);
#6074 = AXIS2_PLACEMENT_3D('',#6075,#6076,#6077);
#6075 = CARTESIAN_POINT('',(0.,0.,5.));
#6076 = DIRECTION('',(0.15643446504,0.987688340595,0.));
#6077 = DIRECTION('',(-0.987688340595,0.15643446504,0.));
#6078 = DEFINITIONAL_REPRESENTATION('',(#6079),#6085);
#6079 = B_SPLINE_CURVE_WITH_KNOTS('',4,(#6080,#6081,#6082,#6083,#6084),
  .UNSPECIFIED.,.F.,.F.,(5,5),(0.,1.),.PIECEWISE_BEZIER_KNOTS.);
#6080 = CARTESIAN_POINT('',(60.643239702256,-2.59999999697));
#6081 = CARTESIAN_POINT('',(61.132330611332,24.300000002236));
#6082 = CARTESIAN_POINT('',(61.621421520385,51.20000000011));
#6083 = CARTESIAN_POINT('',(62.110512429428,78.099999997474));
#6084 = CARTESIAN_POINT('',(62.599603338504,104.99999999668));
#6085 = ( GEOMETRIC_REPRESENTATION_CONTEXT(2) 
PARAMETRIC_REPRESENTATION_CONTEXT() REPRESENTATION_CONTEXT('2D SPACE',''
  ) );
#6086 = ORIENTED_EDGE('',*,*,#6087,.F.);
#6087 = EDGE_CURVE('',#5989,#6054,#6088,.T.);
#6088 = SURFACE_CURVE('',#6089,(#6094,#6101),.PCURVE_S1.);
#6089 = CIRCLE('',#6090,60.690512429473);
#6090 = AXIS2_PLACEMENT_3D('',#6091,#6092,#6093);
#6091 = CARTESIAN_POINT('',(0.,0.,5.));
#6092 = DIRECTION('',(0.,0.,1.));
#6093 = DIRECTION('',(1.,0.,-0.));
#6094 = PCURVE('',#4584,#6095);
#6095 = DEFINITIONAL_REPRESENTATION('',(#6096),#6100);
#6096 = LINE('',#6097,#6098);
#6097 = CARTESIAN_POINT('',(0.,4.956370847198));
#6098 = VECTOR('',#6099,1.);
#6099 = DIRECTION('',(1.,0.));
#6100 = ( GEOMETRIC_REPRESENTATION_CONTEXT(2) 
PARAMETRIC_REPRESENTATION_CONTEXT() REPRESENTATION_CONTEXT('2D SPACE',''
  ) );
#6101 = PCURVE('',#6102,#6107);
#6102 = PLANE('',#6103);
#6103 = AXIS2_PLACEMENT_3D('',#6104,#6105,#6106);
#6104 = CARTESIAN_POINT('',(0.,0.,5.));
#6105 = DIRECTION('',(0.,0.,1.));
#6106 = DIRECTION('',(-0.965925826289,0.258819045103,0.));
#6107 = DEFINITIONAL_REPRESENTATION('',(#6108),#6112);
#6108 = CIRCLE('',#6109,60.690512429473);
#6109 = AXIS2_PLACEMENT_2D('',#6110,#6111);
#6110 = CARTESIAN_POINT('',(0.,0.));
#6111 = DIRECTION('',(-0.965925826289,-0.258819045103));
#6112 = ( GEOMETRIC_REPRESENTATION_CONTEXT(2) 
PARAMETRIC_REPRESENTATION_CONTEXT() REPRESENTATION_CONTEXT('2D SPACE',''
  ) );
#6113 = FACE_BOUND('',#6114,.F.);
#6114 = EDGE_LOOP('',(#6115,#6151,#6180,#6214));
#6115 = ORIENTED_EDGE('',*,*,#6116,.T.);
#6116 = EDGE_CURVE('',#6117,#6119,#6121,.T.);
#6117 = VERTEX_POINT('',#6118);
#6118 = CARTESIAN_POINT('',(-58.62253336634,-15.70786047377,5.));
#6119 = VERTEX_POINT('',#6120);
#6120 = CARTESIAN_POINT('',(-60.37876214141,-16.17844055578,105.));
#6121 = SURFACE_CURVE('',#6122,(#6128,#6137),.PCURVE_S1.);
#6122 = B_SPLINE_CURVE_WITH_KNOTS('',4,(#6123,#6124,#6125,#6126,#6127),
  .UNSPECIFIED.,.F.,.F.,(5,5),(0.,1.),.PIECEWISE_BEZIER_KNOTS.);
#6123 = CARTESIAN_POINT('',(-58.57687141824,-15.69562539166,
    2.40000000303));
#6124 = CARTESIAN_POINT('',(-59.04929695872,-15.82221143371,
    29.300000002236));
#6125 = CARTESIAN_POINT('',(-59.52172249918,-15.94879747576,
    56.20000000011));
#6126 = CARTESIAN_POINT('',(-59.99414803963,-16.07538351781,
    83.099999997474));
#6127 = CARTESIAN_POINT('',(-60.46657358011,-16.20196955986,
    109.99999999668));
#6128 = PCURVE('',#4584,#6129);
#6129 = DEFINITIONAL_REPRESENTATION('',(#6130),#6136);
#6130 = B_SPLINE_CURVE_WITH_KNOTS('',4,(#6131,#6132,#6133,#6134,#6135),
  .UNSPECIFIED.,.F.,.F.,(5,5),(0.,1.),.PIECEWISE_BEZIER_KNOTS.);
#6131 = CARTESIAN_POINT('',(3.403392041389,2.356370847198));
#6132 = CARTESIAN_POINT('',(3.403392041389,29.256370846404));
#6133 = CARTESIAN_POINT('',(3.403392041389,56.156370846946));
#6134 = CARTESIAN_POINT('',(3.403392041389,83.056370847991));
#6135 = CARTESIAN_POINT('',(3.403392041389,109.95637084719));
#6136 = ( GEOMETRIC_REPRESENTATION_CONTEXT(2) 
PARAMETRIC_REPRESENTATION_CONTEXT() REPRESENTATION_CONTEXT('2D SPACE',''
  ) );
#6137 = PCURVE('',#6138,#6143);
#6138 = PLANE('',#6139);
#6139 = AXIS2_PLACEMENT_3D('',#6140,#6141,#6142);
#6140 = CARTESIAN_POINT('',(0.,0.,5.));
#6141 = DIRECTION('',(-0.258819045103,0.965925826289,0.));
#6142 = DIRECTION('',(-0.965925826289,-0.258819045103,0.));
#6143 = DEFINITIONAL_REPRESENTATION('',(#6144),#6150);
#6144 = B_SPLINE_CURVE_WITH_KNOTS('',4,(#6145,#6146,#6147,#6148,#6149),
  .UNSPECIFIED.,.F.,.F.,(5,5),(0.,1.),.PIECEWISE_BEZIER_KNOTS.);
#6145 = CARTESIAN_POINT('',(60.643239702256,-2.59999999697));
#6146 = CARTESIAN_POINT('',(61.132330611332,24.300000002236));
#6147 = CARTESIAN_POINT('',(61.621421520385,51.20000000011));
#6148 = CARTESIAN_POINT('',(62.110512429428,78.099999997474));
#6149 = CARTESIAN_POINT('',(62.599603338504,104.99999999668));
#6150 = ( GEOMETRIC_REPRESENTATION_CONTEXT(2) 
PARAMETRIC_REPRESENTATION_CONTEXT() REPRESENTATION_CONTEXT('2D SPACE',''
  ) );
#6151 = ORIENTED_EDGE('',*,*,#6152,.T.);
#6152 = EDGE_CURVE('',#6119,#6153,#6155,.T.);
#6153 = VERTEX_POINT('',#6154);
#6154 = CARTESIAN_POINT('',(-58.3568934355,-22.40111258628,105.));
#6155 = SURFACE_CURVE('',#6156,(#6161,#6168),.PCURVE_S1.);
#6156 = CIRCLE('',#6157,62.508694247655);
#6157 = AXIS2_PLACEMENT_3D('',#6158,#6159,#6160);
#6158 = CARTESIAN_POINT('',(0.,0.,105.));
#6159 = DIRECTION('',(0.,0.,1.));
#6160 = DIRECTION('',(1.,0.,-0.));
#6161 = PCURVE('',#4584,#6162);
#6162 = DEFINITIONAL_REPRESENTATION('',(#6163),#6167);
#6163 = LINE('',#6164,#6165);
#6164 = CARTESIAN_POINT('',(0.,104.95637084719));
#6165 = VECTOR('',#6166,1.);
#6166 = DIRECTION('',(1.,0.));
#6167 = ( GEOMETRIC_REPRESENTATION_CONTEXT(2) 
PARAMETRIC_REPRESENTATION_CONTEXT() REPRESENTATION_CONTEXT('2D SPACE',''
  ) );
#6168 = PCURVE('',#6169,#6174);
#6169 = PLANE('',#6170);
#6170 = AXIS2_PLACEMENT_3D('',#6171,#6172,#6173);
#6171 = CARTESIAN_POINT('',(0.,0.,105.));
#6172 = DIRECTION('',(0.,0.,1.));
#6173 = DIRECTION('',(-0.965925826289,-0.258819045103,0.));
#6174 = DEFINITIONAL_REPRESENTATION('',(#6175),#6179);
#6175 = CIRCLE('',#6176,62.508694247655);
#6176 = AXIS2_PLACEMENT_2D('',#6177,#6178);
#6177 = CARTESIAN_POINT('',(0.,0.));
#6178 = DIRECTION('',(-0.965925826289,0.258819045103));
#6179 = ( GEOMETRIC_REPRESENTATION_CONTEXT(2) 
PARAMETRIC_REPRESENTATION_CONTEXT() REPRESENTATION_CONTEXT('2D SPACE',''
  ) );
#6180 = ORIENTED_EDGE('',*,*,#6181,.F.);
#6181 = EDGE_CURVE('',#6182,#6153,#6184,.T.);
#6182 = VERTEX_POINT('',#6183);
#6183 = CARTESIAN_POINT('',(-56.65947447824,-21.7495344962,5.));
#6184 = SURFACE_CURVE('',#6185,(#6191,#6200),.PCURVE_S1.);
#6185 = B_SPLINE_CURVE_WITH_KNOTS('',4,(#6186,#6187,#6188,#6189,#6190),
  .UNSPECIFIED.,.F.,.F.,(5,5),(0.,1.),.PIECEWISE_BEZIER_KNOTS.);
#6186 = CARTESIAN_POINT('',(-56.6153415854,-21.73259346588,2.40000000303
    ));
#6187 = CARTESIAN_POINT('',(-57.07194728489,-21.9078679721,
    29.300000002236));
#6188 = CARTESIAN_POINT('',(-57.52855298436,-22.08314247832,
    56.20000000011));
#6189 = CARTESIAN_POINT('',(-57.98515868382,-22.25841698454,
    83.099999997474));
#6190 = CARTESIAN_POINT('',(-58.44176438331,-22.43369149076,
    109.99999999668));
#6191 = PCURVE('',#4584,#6192);
#6192 = DEFINITIONAL_REPRESENTATION('',(#6193),#6199);
#6193 = B_SPLINE_CURVE_WITH_KNOTS('',4,(#6194,#6195,#6196,#6197,#6198),
  .UNSPECIFIED.,.F.,.F.,(5,5),(0.,1.),.PIECEWISE_BEZIER_KNOTS.);
#6194 = CARTESIAN_POINT('',(3.508111796509,2.356370847198));
#6195 = CARTESIAN_POINT('',(3.508111796509,29.256370846404));
#6196 = CARTESIAN_POINT('',(3.508111796509,56.156370846947));
#6197 = CARTESIAN_POINT('',(3.508111796509,83.056370847991));
#6198 = CARTESIAN_POINT('',(3.508111796509,109.95637084719));
#6199 = ( GEOMETRIC_REPRESENTATION_CONTEXT(2) 
PARAMETRIC_REPRESENTATION_CONTEXT() REPRESENTATION_CONTEXT('2D SPACE',''
  ) );
#6200 = PCURVE('',#6201,#6206);
#6201 = PLANE('',#6202);
#6202 = AXIS2_PLACEMENT_3D('',#6203,#6204,#6205);
#6203 = CARTESIAN_POINT('',(0.,0.,5.));
#6204 = DIRECTION('',(-0.358367949545,0.933580426497,0.));
#6205 = DIRECTION('',(-0.933580426497,-0.358367949545,0.));
#6206 = DEFINITIONAL_REPRESENTATION('',(#6207),#6213);
#6207 = B_SPLINE_CURVE_WITH_KNOTS('',4,(#6208,#6209,#6210,#6211,#6212),
  .UNSPECIFIED.,.F.,.F.,(5,5),(0.,1.),.PIECEWISE_BEZIER_KNOTS.);
#6208 = CARTESIAN_POINT('',(60.643239702256,-2.59999999697));
#6209 = CARTESIAN_POINT('',(61.132330611332,24.300000002236));
#6210 = CARTESIAN_POINT('',(61.621421520385,51.20000000011));
#6211 = CARTESIAN_POINT('',(62.110512429428,78.099999997474));
#6212 = CARTESIAN_POINT('',(62.599603338504,104.99999999668));
#6213 = ( GEOMETRIC_REPRESENTATION_CONTEXT(2) 
PARAMETRIC_REPRESENTATION_CONTEXT() REPRESENTATION_CONTEXT('2D SPACE',''
  ) );
#6214 = ORIENTED_EDGE('',*,*,#6215,.F.);
#6215 = EDGE_CURVE('',#6117,#6182,#6216,.T.);
#6216 = SURFACE_CURVE('',#6217,(#6222,#6229),.PCURVE_S1.);
#6217 = CIRCLE('',#6218,60.690512429473);
#6218 = AXIS2_PLACEMENT_3D('',#6219,#6220,#6221);
#6219 = CARTESIAN_POINT('',(0.,0.,5.));
#6220 = DIRECTION('',(0.,0.,1.));
#6221 = DIRECTION('',(1.,0.,-0.));
#6222 = PCURVE('',#4584,#6223);
#6223 = DEFINITIONAL_REPRESENTATION('',(#6224),#6228);
#6224 = LINE('',#6225,#6226);
#6225 = CARTESIAN_POINT('',(0.,4.956370847198));
#6226 = VECTOR('',#6227,1.);
#6227 = DIRECTION('',(1.,0.));
#6228 = ( GEOMETRIC_REPRESENTATION_CONTEXT(2) 
PARAMETRIC_REPRESENTATION_CONTEXT() REPRESENTATION_CONTEXT('2D SPACE',''
  ) );
#6229 = PCURVE('',#6230,#6235);
#6230 = PLANE('',#6231);
#6231 = AXIS2_PLACEMENT_3D('',#6232,#6233,#6234);
#6232 = CARTESIAN_POINT('',(0.,0.,5.));
#6233 = DIRECTION('',(0.,0.,1.));
#6234 = DIRECTION('',(-0.965925826289,-0.258819045103,0.));
#6235 = DEFINITIONAL_REPRESENTATION('',(#6236),#6240);
#6236 = CIRCLE('',#6237,60.690512429473);
#6237 = AXIS2_PLACEMENT_2D('',#6238,#6239);
#6238 = CARTESIAN_POINT('',(0.,0.));
#6239 = DIRECTION('',(-0.965925826289,0.258819045103));
#6240 = ( GEOMETRIC_REPRESENTATION_CONTEXT(2) 
PARAMETRIC_REPRESENTATION_CONTEXT() REPRESENTATION_CONTEXT('2D SPACE',''
  ) );
#6241 = FACE_BOUND('',#6242,.F.);
#6242 = EDGE_LOOP('',(#6243,#6279,#6308,#6342));
#6243 = ORIENTED_EDGE('',*,*,#6244,.T.);
#6244 = EDGE_CURVE('',#6245,#6247,#6249,.T.);
#6245 = VERTEX_POINT('',#6246);
#6246 = CARTESIAN_POINT('',(-52.55952553261,-30.34525621473,5.));
#6247 = VERTEX_POINT('',#6248);
#6248 = CARTESIAN_POINT('',(-54.13411717586,-31.25434712382,105.));
#6249 = SURFACE_CURVE('',#6250,(#6256,#6265),.PCURVE_S1.);
#6250 = B_SPLINE_CURVE_WITH_KNOTS('',4,(#6251,#6252,#6253,#6254,#6255),
  .UNSPECIFIED.,.F.,.F.,(5,5),(0.,1.),.PIECEWISE_BEZIER_KNOTS.);
#6251 = CARTESIAN_POINT('',(-52.51858614994,-30.32161985112,
    2.40000000303));
#6252 = CARTESIAN_POINT('',(-52.94215130196,-30.56616530566,
    29.300000002236));
#6253 = CARTESIAN_POINT('',(-53.36571645396,-30.81071076019,
    56.20000000011));
#6254 = CARTESIAN_POINT('',(-53.78928160595,-31.05525621471,
    83.099999997474));
#6255 = CARTESIAN_POINT('',(-54.21284675797,-31.29980166925,
    109.99999999668));
#6256 = PCURVE('',#4584,#6257);
#6257 = DEFINITIONAL_REPRESENTATION('',(#6258),#6264);
#6258 = B_SPLINE_CURVE_WITH_KNOTS('',4,(#6259,#6260,#6261,#6262,#6263),
  .UNSPECIFIED.,.F.,.F.,(5,5),(0.,1.),.PIECEWISE_BEZIER_KNOTS.);
#6259 = CARTESIAN_POINT('',(3.665191429188,2.356370847198));
#6260 = CARTESIAN_POINT('',(3.665191429188,29.256370846404));
#6261 = CARTESIAN_POINT('',(3.665191429188,56.156370846947));
#6262 = CARTESIAN_POINT('',(3.665191429188,83.056370847991));
#6263 = CARTESIAN_POINT('',(3.665191429188,109.95637084719));
#6264 = ( GEOMETRIC_REPRESENTATION_CONTEXT(2) 
PARAMETRIC_REPRESENTATION_CONTEXT() REPRESENTATION_CONTEXT('2D SPACE',''
  ) );
#6265 = PCURVE('',#6266,#6271);
#6266 = PLANE('',#6267);
#6267 = AXIS2_PLACEMENT_3D('',#6268,#6269,#6270);
#6268 = CARTESIAN_POINT('',(0.,0.,5.));
#6269 = DIRECTION('',(-0.5,0.866025403784,0.));
#6270 = DIRECTION('',(-0.866025403784,-0.5,0.));
#6271 = DEFINITIONAL_REPRESENTATION('',(#6272),#6278);
#6272 = B_SPLINE_CURVE_WITH_KNOTS('',4,(#6273,#6274,#6275,#6276,#6277),
  .UNSPECIFIED.,.F.,.F.,(5,5),(0.,1.),.PIECEWISE_BEZIER_KNOTS.);
#6273 = CARTESIAN_POINT('',(60.643239702256,-2.59999999697));
#6274 = CARTESIAN_POINT('',(61.132330611332,24.300000002236));
#6275 = CARTESIAN_POINT('',(61.621421520385,51.20000000011));
#6276 = CARTESIAN_POINT('',(62.110512429428,78.099999997474));
#6277 = CARTESIAN_POINT('',(62.599603338504,104.99999999668));
#6278 = ( GEOMETRIC_REPRESENTATION_CONTEXT(2) 
PARAMETRIC_REPRESENTATION_CONTEXT() REPRESENTATION_CONTEXT('2D SPACE',''
  ) );
#6279 = ORIENTED_EDGE('',*,*,#6280,.T.);
#6280 = EDGE_CURVE('',#6247,#6281,#6283,.T.);
#6281 = VERTEX_POINT('',#6282);
#6282 = CARTESIAN_POINT('',(-50.57059594254,-36.74168861883,105.));
#6283 = SURFACE_CURVE('',#6284,(#6289,#6296),.PCURVE_S1.);
#6284 = CIRCLE('',#6285,62.508694247655);
#6285 = AXIS2_PLACEMENT_3D('',#6286,#6287,#6288);
#6286 = CARTESIAN_POINT('',(0.,0.,105.));
#6287 = DIRECTION('',(0.,0.,1.));
#6288 = DIRECTION('',(1.,0.,-0.));
#6289 = PCURVE('',#4584,#6290);
#6290 = DEFINITIONAL_REPRESENTATION('',(#6291),#6295);
#6291 = LINE('',#6292,#6293);
#6292 = CARTESIAN_POINT('',(0.,104.95637084719));
#6293 = VECTOR('',#6294,1.);
#6294 = DIRECTION('',(1.,0.));
#6295 = ( GEOMETRIC_REPRESENTATION_CONTEXT(2) 
PARAMETRIC_REPRESENTATION_CONTEXT() REPRESENTATION_CONTEXT('2D SPACE',''
  ) );
#6296 = PCURVE('',#6297,#6302);
#6297 = PLANE('',#6298);
#6298 = AXIS2_PLACEMENT_3D('',#6299,#6300,#6301);
#6299 = CARTESIAN_POINT('',(0.,0.,105.));
#6300 = DIRECTION('',(0.,0.,1.));
#6301 = DIRECTION('',(-0.866025403784,-0.5,0.));
#6302 = DEFINITIONAL_REPRESENTATION('',(#6303),#6307);
#6303 = CIRCLE('',#6304,62.508694247655);
#6304 = AXIS2_PLACEMENT_2D('',#6305,#6306);
#6305 = CARTESIAN_POINT('',(0.,0.));
#6306 = DIRECTION('',(-0.866025403784,0.5));
#6307 = ( GEOMETRIC_REPRESENTATION_CONTEXT(2) 
PARAMETRIC_REPRESENTATION_CONTEXT() REPRESENTATION_CONTEXT('2D SPACE',''
  ) );
#6308 = ORIENTED_EDGE('',*,*,#6309,.F.);
#6309 = EDGE_CURVE('',#6310,#6281,#6312,.T.);
#6310 = VERTEX_POINT('',#6311);
#6311 = CARTESIAN_POINT('',(-49.09965595276,-35.67298816011,5.));
#6312 = SURFACE_CURVE('',#6313,(#6319,#6328),.PCURVE_S1.);
#6313 = B_SPLINE_CURVE_WITH_KNOTS('',4,(#6314,#6315,#6316,#6317,#6318),
  .UNSPECIFIED.,.F.,.F.,(5,5),(0.,1.),.PIECEWISE_BEZIER_KNOTS.);
#6314 = CARTESIAN_POINT('',(-49.06141151307,-35.64520194822,
    2.40000000303));
#6315 = CARTESIAN_POINT('',(-49.45709437031,-35.9326823716,
    29.300000002236));
#6316 = CARTESIAN_POINT('',(-49.85277722753,-36.22016279498,
    56.20000000011));
#6317 = CARTESIAN_POINT('',(-50.24846008474,-36.50764321834,
    83.099999997474));
#6318 = CARTESIAN_POINT('',(-50.64414294198,-36.79512364173,
    109.99999999668));
#6319 = PCURVE('',#4584,#6320);
#6320 = DEFINITIONAL_REPRESENTATION('',(#6321),#6327);
#6321 = B_SPLINE_CURVE_WITH_KNOTS('',4,(#6322,#6323,#6324,#6325,#6326),
  .UNSPECIFIED.,.F.,.F.,(5,5),(0.,1.),.PIECEWISE_BEZIER_KNOTS.);
#6322 = CARTESIAN_POINT('',(3.769911184308,2.356370847198));
#6323 = CARTESIAN_POINT('',(3.769911184308,29.256370846404));
#6324 = CARTESIAN_POINT('',(3.769911184308,56.156370846946));
#6325 = CARTESIAN_POINT('',(3.769911184308,83.056370847991));
#6326 = CARTESIAN_POINT('',(3.769911184308,109.95637084719));
#6327 = ( GEOMETRIC_REPRESENTATION_CONTEXT(2) 
PARAMETRIC_REPRESENTATION_CONTEXT() REPRESENTATION_CONTEXT('2D SPACE',''
  ) );
#6328 = PCURVE('',#6329,#6334);
#6329 = PLANE('',#6330);
#6330 = AXIS2_PLACEMENT_3D('',#6331,#6332,#6333);
#6331 = CARTESIAN_POINT('',(0.,0.,5.));
#6332 = DIRECTION('',(-0.587785252292,0.809016994375,0.));
#6333 = DIRECTION('',(-0.809016994375,-0.587785252292,0.));
#6334 = DEFINITIONAL_REPRESENTATION('',(#6335),#6341);
#6335 = B_SPLINE_CURVE_WITH_KNOTS('',4,(#6336,#6337,#6338,#6339,#6340),
  .UNSPECIFIED.,.F.,.F.,(5,5),(0.,1.),.PIECEWISE_BEZIER_KNOTS.);
#6336 = CARTESIAN_POINT('',(60.643239702256,-2.59999999697));
#6337 = CARTESIAN_POINT('',(61.132330611332,24.300000002236));
#6338 = CARTESIAN_POINT('',(61.621421520385,51.20000000011));
#6339 = CARTESIAN_POINT('',(62.110512429428,78.099999997474));
#6340 = CARTESIAN_POINT('',(62.599603338504,104.99999999668));
#6341 = ( GEOMETRIC_REPRESENTATION_CONTEXT(2) 
PARAMETRIC_REPRESENTATION_CONTEXT() REPRESENTATION_CONTEXT('2D SPACE',''
  ) );
#6342 = ORIENTED_EDGE('',*,*,#6343,.F.);
#6343 = EDGE_CURVE('',#6245,#6310,#6344,.T.);
#6344 = SURFACE_CURVE('',#6345,(#6350,#6357),.PCURVE_S1.);
#6345 = CIRCLE('',#6346,60.690512429473);
#6346 = AXIS2_PLACEMENT_3D('',#6347,#6348,#6349);
#6347 = CARTESIAN_POINT('',(0.,0.,5.));
#6348 = DIRECTION('',(0.,0.,1.));
#6349 = DIRECTION('',(1.,0.,-0.));
#6350 = PCURVE('',#4584,#6351);
#6351 = DEFINITIONAL_REPRESENTATION('',(#6352),#6356);
#6352 = LINE('',#6353,#6354);
#6353 = CARTESIAN_POINT('',(0.,4.956370847198));
#6354 = VECTOR('',#6355,1.);
#6355 = DIRECTION('',(1.,0.));
#6356 = ( GEOMETRIC_REPRESENTATION_CONTEXT(2) 
PARAMETRIC_REPRESENTATION_CONTEXT() REPRESENTATION_CONTEXT('2D SPACE',''
  ) );
#6357 = PCURVE('',#6358,#6363);
#6358 = PLANE('',#6359);
#6359 = AXIS2_PLACEMENT_3D('',#6360,#6361,#6362);
#6360 = CARTESIAN_POINT('',(0.,0.,5.));
#6361 = DIRECTION('',(0.,0.,1.));
#6362 = DIRECTION('',(-0.866025403784,-0.5,0.));
#6363 = DEFINITIONAL_REPRESENTATION('',(#6364),#6368);
#6364 = CIRCLE('',#6365,60.690512429473);
#6365 = AXIS2_PLACEMENT_2D('',#6366,#6367);
#6366 = CARTESIAN_POINT('',(0.,0.));
#6367 = DIRECTION('',(-0.866025403784,0.5));
#6368 = ( GEOMETRIC_REPRESENTATION_CONTEXT(2) 
PARAMETRIC_REPRESENTATION_CONTEXT() REPRESENTATION_CONTEXT('2D SPACE',''
  ) );
#6369 = FACE_BOUND('',#6370,.F.);
#6370 = EDGE_LOOP('',(#6371,#6407,#6436,#6470));
#6371 = ORIENTED_EDGE('',*,*,#6372,.T.);
#6372 = EDGE_CURVE('',#6373,#6375,#6377,.T.);
#6373 = VERTEX_POINT('',#6374);
#6374 = CARTESIAN_POINT('',(-42.91467289256,-42.91467289256,5.));
#6375 = VERTEX_POINT('',#6376);
#6376 = CARTESIAN_POINT('',(-44.20032158563,-44.20032158563,105.));
#6377 = SURFACE_CURVE('',#6378,(#6384,#6393),.PCURVE_S1.);
#6378 = B_SPLINE_CURVE_WITH_KNOTS('',4,(#6379,#6380,#6381,#6382,#6383),
  .UNSPECIFIED.,.F.,.F.,(5,5),(0.,1.),.PIECEWISE_BEZIER_KNOTS.);
#6379 = CARTESIAN_POINT('',(-42.88124602658,-42.88124602658,
    2.40000000303));
#6380 = CARTESIAN_POINT('',(-43.22708552501,-43.22708552501,
    29.300000002236));
#6381 = CARTESIAN_POINT('',(-43.57292502341,-43.57292502341,
    56.20000000011));
#6382 = CARTESIAN_POINT('',(-43.91876452182,-43.91876452182,
    83.099999997474));
#6383 = CARTESIAN_POINT('',(-44.26460402024,-44.26460402024,
    109.99999999668));
#6384 = PCURVE('',#4584,#6385);
#6385 = DEFINITIONAL_REPRESENTATION('',(#6386),#6392);
#6386 = B_SPLINE_CURVE_WITH_KNOTS('',4,(#6387,#6388,#6389,#6390,#6391),
  .UNSPECIFIED.,.F.,.F.,(5,5),(0.,1.),.PIECEWISE_BEZIER_KNOTS.);
#6387 = CARTESIAN_POINT('',(3.926990816987,2.356370847198));
#6388 = CARTESIAN_POINT('',(3.926990816987,29.256370846404));
#6389 = CARTESIAN_POINT('',(3.926990816987,56.156370846946));
#6390 = CARTESIAN_POINT('',(3.926990816987,83.056370847991));
#6391 = CARTESIAN_POINT('',(3.926990816987,109.95637084719));
#6392 = ( GEOMETRIC_REPRESENTATION_CONTEXT(2) 
PARAMETRIC_REPRESENTATION_CONTEXT() REPRESENTATION_CONTEXT('2D SPACE',''
  ) );
#6393 = PCURVE('',#6394,#6399);
#6394 = PLANE('',#6395);
#6395 = AXIS2_PLACEMENT_3D('',#6396,#6397,#6398);
#6396 = CARTESIAN_POINT('',(0.,0.,5.));
#6397 = DIRECTION('',(-0.707106781187,0.707106781187,0.));
#6398 = DIRECTION('',(-0.707106781187,-0.707106781187,0.));
#6399 = DEFINITIONAL_REPRESENTATION('',(#6400),#6406);
#6400 = B_SPLINE_CURVE_WITH_KNOTS('',4,(#6401,#6402,#6403,#6404,#6405),
  .UNSPECIFIED.,.F.,.F.,(5,5),(0.,1.),.PIECEWISE_BEZIER_KNOTS.);
#6401 = CARTESIAN_POINT('',(60.643239702256,-2.59999999697));
#6402 = CARTESIAN_POINT('',(61.132330611332,24.300000002236));
#6403 = CARTESIAN_POINT('',(61.621421520385,51.20000000011));
#6404 = CARTESIAN_POINT('',(62.110512429428,78.099999997474));
#6405 = CARTESIAN_POINT('',(62.599603338504,104.99999999668));
#6406 = ( GEOMETRIC_REPRESENTATION_CONTEXT(2) 
PARAMETRIC_REPRESENTATION_CONTEXT() REPRESENTATION_CONTEXT('2D SPACE',''
  ) );
#6407 = ORIENTED_EDGE('',*,*,#6408,.T.);
#6408 = EDGE_CURVE('',#6375,#6409,#6411,.T.);
#6409 = VERTEX_POINT('',#6410);
#6410 = CARTESIAN_POINT('',(-39.33799590794,-48.57837929051,105.));
#6411 = SURFACE_CURVE('',#6412,(#6417,#6424),.PCURVE_S1.);
#6412 = CIRCLE('',#6413,62.508694247655);
#6413 = AXIS2_PLACEMENT_3D('',#6414,#6415,#6416);
#6414 = CARTESIAN_POINT('',(0.,0.,105.));
#6415 = DIRECTION('',(0.,0.,1.));
#6416 = DIRECTION('',(1.,0.,-0.));
#6417 = PCURVE('',#4584,#6418);
#6418 = DEFINITIONAL_REPRESENTATION('',(#6419),#6423);
#6419 = LINE('',#6420,#6421);
#6420 = CARTESIAN_POINT('',(0.,104.95637084719));
#6421 = VECTOR('',#6422,1.);
#6422 = DIRECTION('',(1.,0.));
#6423 = ( GEOMETRIC_REPRESENTATION_CONTEXT(2) 
PARAMETRIC_REPRESENTATION_CONTEXT() REPRESENTATION_CONTEXT('2D SPACE',''
  ) );
#6424 = PCURVE('',#6425,#6430);
#6425 = PLANE('',#6426);
#6426 = AXIS2_PLACEMENT_3D('',#6427,#6428,#6429);
#6427 = CARTESIAN_POINT('',(0.,0.,105.));
#6428 = DIRECTION('',(0.,0.,1.));
#6429 = DIRECTION('',(-0.707106781187,-0.707106781187,0.));
#6430 = DEFINITIONAL_REPRESENTATION('',(#6431),#6435);
#6431 = CIRCLE('',#6432,62.508694247655);
#6432 = AXIS2_PLACEMENT_2D('',#6433,#6434);
#6433 = CARTESIAN_POINT('',(0.,0.));
#6434 = DIRECTION('',(-0.707106781187,0.707106781187));
#6435 = ( GEOMETRIC_REPRESENTATION_CONTEXT(2) 
PARAMETRIC_REPRESENTATION_CONTEXT() REPRESENTATION_CONTEXT('2D SPACE',''
  ) );
#6436 = ORIENTED_EDGE('',*,*,#6437,.F.);
#6437 = EDGE_CURVE('',#6438,#6409,#6440,.T.);
#6438 = VERTEX_POINT('',#6439);
#6439 = CARTESIAN_POINT('',(-38.19377701513,-47.16538663331,5.));
#6440 = SURFACE_CURVE('',#6441,(#6447,#6456),.PCURVE_S1.);
#6441 = B_SPLINE_CURVE_WITH_KNOTS('',4,(#6442,#6443,#6444,#6445,#6446),
  .UNSPECIFIED.,.F.,.F.,(5,5),(0.,1.),.PIECEWISE_BEZIER_KNOTS.);
#6442 = CARTESIAN_POINT('',(-38.16402732395,-47.12864882427,
    2.40000000303));
#6443 = CARTESIAN_POINT('',(-38.47182220611,-47.50874384904,
    29.300000002236));
#6444 = CARTESIAN_POINT('',(-38.77961708825,-47.8888388738,
    56.20000000011));
#6445 = CARTESIAN_POINT('',(-39.08741197039,-48.26893389855,
    83.099999997474));
#6446 = CARTESIAN_POINT('',(-39.39520685255,-48.64902892332,
    109.99999999668));
#6447 = PCURVE('',#4584,#6448);
#6448 = DEFINITIONAL_REPRESENTATION('',(#6449),#6455);
#6449 = B_SPLINE_CURVE_WITH_KNOTS('',4,(#6450,#6451,#6452,#6453,#6454),
  .UNSPECIFIED.,.F.,.F.,(5,5),(0.,1.),.PIECEWISE_BEZIER_KNOTS.);
#6450 = CARTESIAN_POINT('',(4.031710572107,2.356370847198));
#6451 = CARTESIAN_POINT('',(4.031710572107,29.256370846404));
#6452 = CARTESIAN_POINT('',(4.031710572107,56.156370846946));
#6453 = CARTESIAN_POINT('',(4.031710572107,83.056370847991));
#6454 = CARTESIAN_POINT('',(4.031710572107,109.95637084719));
#6455 = ( GEOMETRIC_REPRESENTATION_CONTEXT(2) 
PARAMETRIC_REPRESENTATION_CONTEXT() REPRESENTATION_CONTEXT('2D SPACE',''
  ) );
#6456 = PCURVE('',#6457,#6462);
#6457 = PLANE('',#6458);
#6458 = AXIS2_PLACEMENT_3D('',#6459,#6460,#6461);
#6459 = CARTESIAN_POINT('',(0.,0.,5.));
#6460 = DIRECTION('',(-0.777145961457,0.62932039105,0.));
#6461 = DIRECTION('',(-0.62932039105,-0.777145961457,0.));
#6462 = DEFINITIONAL_REPRESENTATION('',(#6463),#6469);
#6463 = B_SPLINE_CURVE_WITH_KNOTS('',4,(#6464,#6465,#6466,#6467,#6468),
  .UNSPECIFIED.,.F.,.F.,(5,5),(0.,1.),.PIECEWISE_BEZIER_KNOTS.);
#6464 = CARTESIAN_POINT('',(60.643239702256,-2.59999999697));
#6465 = CARTESIAN_POINT('',(61.132330611332,24.300000002236));
#6466 = CARTESIAN_POINT('',(61.621421520385,51.20000000011));
#6467 = CARTESIAN_POINT('',(62.110512429428,78.099999997474));
#6468 = CARTESIAN_POINT('',(62.599603338504,104.99999999668));
#6469 = ( GEOMETRIC_REPRESENTATION_CONTEXT(2) 
PARAMETRIC_REPRESENTATION_CONTEXT() REPRESENTATION_CONTEXT('2D SPACE',''
  ) );
#6470 = ORIENTED_EDGE('',*,*,#6471,.F.);
#6471 = EDGE_CURVE('',#6373,#6438,#6472,.T.);
#6472 = SURFACE_CURVE('',#6473,(#6478,#6485),.PCURVE_S1.);
#6473 = CIRCLE('',#6474,60.690512429473);
#6474 = AXIS2_PLACEMENT_3D('',#6475,#6476,#6477);
#6475 = CARTESIAN_POINT('',(0.,0.,5.));
#6476 = DIRECTION('',(0.,0.,1.));
#6477 = DIRECTION('',(1.,0.,-0.));
#6478 = PCURVE('',#4584,#6479);
#6479 = DEFINITIONAL_REPRESENTATION('',(#6480),#6484);
#6480 = LINE('',#6481,#6482);
#6481 = CARTESIAN_POINT('',(0.,4.956370847198));
#6482 = VECTOR('',#6483,1.);
#6483 = DIRECTION('',(1.,0.));
#6484 = ( GEOMETRIC_REPRESENTATION_CONTEXT(2) 
PARAMETRIC_REPRESENTATION_CONTEXT() REPRESENTATION_CONTEXT('2D SPACE',''
  ) );
#6485 = PCURVE('',#6486,#6491);
#6486 = PLANE('',#6487);
#6487 = AXIS2_PLACEMENT_3D('',#6488,#6489,#6490);
#6488 = CARTESIAN_POINT('',(0.,0.,5.));
#6489 = DIRECTION('',(0.,0.,1.));
#6490 = DIRECTION('',(-0.707106781187,-0.707106781187,0.));
#6491 = DEFINITIONAL_REPRESENTATION('',(#6492),#6496);
#6492 = CIRCLE('',#6493,60.690512429473);
#6493 = AXIS2_PLACEMENT_2D('',#6494,#6495);
#6494 = CARTESIAN_POINT('',(0.,0.));
#6495 = DIRECTION('',(-0.707106781187,0.707106781187));
#6496 = ( GEOMETRIC_REPRESENTATION_CONTEXT(2) 
PARAMETRIC_REPRESENTATION_CONTEXT() REPRESENTATION_CONTEXT('2D SPACE',''
  ) );
#6497 = FACE_BOUND('',#6498,.F.);
#6498 = EDGE_LOOP('',(#6499,#6538,#6567,#6601));
#6499 = ORIENTED_EDGE('',*,*,#6500,.T.);
#6500 = EDGE_CURVE('',#6501,#6503,#6505,.T.);
#6501 = VERTEX_POINT('',#6502);
#6502 = CARTESIAN_POINT('',(-30.34525621473,-52.55952553261,5.));
#6503 = VERTEX_POINT('',#6504);
#6504 = CARTESIAN_POINT('',(-31.25434712382,-54.13411717586,105.));
#6505 = SURFACE_CURVE('',#6506,(#6513,#6523),.PCURVE_S1.);
#6506 = B_SPLINE_CURVE_WITH_KNOTS('',5,(#6507,#6508,#6509,#6510,#6511,
    #6512),.UNSPECIFIED.,.F.,.F.,(6,6),(0.,1.),
  .PIECEWISE_BEZIER_KNOTS.);
#6507 = CARTESIAN_POINT('',(-30.32161985112,-52.51858614994,
    2.40000000303));
#6508 = CARTESIAN_POINT('',(-30.51463931259,-52.85290566404,
    23.63214076389));
#6509 = CARTESIAN_POINT('',(-30.71169689641,-53.19421941125,
    45.308474984934));
#6510 = CARTESIAN_POINT('',(-30.90993409144,-53.53757630498,
    67.114566437924));
#6511 = CARTESIAN_POINT('',(-31.10675117023,-53.87847348525,
    88.764445104851));
#6512 = CARTESIAN_POINT('',(-31.29980166928,-54.21284675802,110.));
#6513 = PCURVE('',#4584,#6514);
#6514 = DEFINITIONAL_REPRESENTATION('',(#6515),#6522);
#6515 = B_SPLINE_CURVE_WITH_KNOTS('',5,(#6516,#6517,#6518,#6519,#6520,
    #6521),.UNSPECIFIED.,.F.,.F.,(6,6),(0.,1.),
  .PIECEWISE_BEZIER_KNOTS.);
#6516 = CARTESIAN_POINT('',(4.188790204786,2.356370847198));
#6517 = CARTESIAN_POINT('',(4.188790204786,23.588511608058));
#6518 = CARTESIAN_POINT('',(4.188790204786,45.264845839837));
#6519 = CARTESIAN_POINT('',(4.188790204786,67.070937280741));
#6520 = CARTESIAN_POINT('',(4.188790204786,88.720815952048));
#6521 = CARTESIAN_POINT('',(4.188790204786,109.95637084719));
#6522 = ( GEOMETRIC_REPRESENTATION_CONTEXT(2) 
PARAMETRIC_REPRESENTATION_CONTEXT() REPRESENTATION_CONTEXT('2D SPACE',''
  ) );
#6523 = PCURVE('',#6524,#6529);
#6524 = PLANE('',#6525);
#6525 = AXIS2_PLACEMENT_3D('',#6526,#6527,#6528);
#6526 = CARTESIAN_POINT('',(0.,0.,5.));
#6527 = DIRECTION('',(-0.866025403784,0.5,0.));
#6528 = DIRECTION('',(-0.5,-0.866025403784,0.));
#6529 = DEFINITIONAL_REPRESENTATION('',(#6530),#6537);
#6530 = B_SPLINE_CURVE_WITH_KNOTS('',5,(#6531,#6532,#6533,#6534,#6535,
    #6536),.UNSPECIFIED.,.F.,.F.,(6,6),(0.,1.),
  .PIECEWISE_BEZIER_KNOTS.);
#6531 = CARTESIAN_POINT('',(60.643239702256,-2.59999999697));
#6532 = CARTESIAN_POINT('',(61.029278625181,18.63214076389));
#6533 = CARTESIAN_POINT('',(61.423393792836,40.308474984934));
#6534 = CARTESIAN_POINT('',(61.81986818289,62.114566437924));
#6535 = CARTESIAN_POINT('',(62.213502340471,83.764445104851));
#6536 = CARTESIAN_POINT('',(62.599603338564,105.));
#6537 = ( GEOMETRIC_REPRESENTATION_CONTEXT(2) 
PARAMETRIC_REPRESENTATION_CONTEXT() REPRESENTATION_CONTEXT('2D SPACE',''
  ) );
#6538 = ORIENTED_EDGE('',*,*,#6539,.T.);
#6539 = EDGE_CURVE('',#6503,#6540,#6542,.T.);
#6540 = VERTEX_POINT('',#6541);
#6541 = CARTESIAN_POINT('',(-25.42457646134,-57.10453369311,105.));
#6542 = SURFACE_CURVE('',#6543,(#6548,#6555),.PCURVE_S1.);
#6543 = CIRCLE('',#6544,62.508694247655);
#6544 = AXIS2_PLACEMENT_3D('',#6545,#6546,#6547);
#6545 = CARTESIAN_POINT('',(0.,0.,105.));
#6546 = DIRECTION('',(0.,0.,1.));
#6547 = DIRECTION('',(1.,0.,-0.));
#6548 = PCURVE('',#4584,#6549);
#6549 = DEFINITIONAL_REPRESENTATION('',(#6550),#6554);
#6550 = LINE('',#6551,#6552);
#6551 = CARTESIAN_POINT('',(0.,104.95637084719));
#6552 = VECTOR('',#6553,1.);
#6553 = DIRECTION('',(1.,0.));
#6554 = ( GEOMETRIC_REPRESENTATION_CONTEXT(2) 
PARAMETRIC_REPRESENTATION_CONTEXT() REPRESENTATION_CONTEXT('2D SPACE',''
  ) );
#6555 = PCURVE('',#6556,#6561);
#6556 = PLANE('',#6557);
#6557 = AXIS2_PLACEMENT_3D('',#6558,#6559,#6560);
#6558 = CARTESIAN_POINT('',(0.,0.,105.));
#6559 = DIRECTION('',(0.,0.,1.));
#6560 = DIRECTION('',(-0.5,-0.866025403784,0.));
#6561 = DEFINITIONAL_REPRESENTATION('',(#6562),#6566);
#6562 = CIRCLE('',#6563,62.508694247655);
#6563 = AXIS2_PLACEMENT_2D('',#6564,#6565);
#6564 = CARTESIAN_POINT('',(0.,0.));
#6565 = DIRECTION('',(-0.5,0.866025403784));
#6566 = ( GEOMETRIC_REPRESENTATION_CONTEXT(2) 
PARAMETRIC_REPRESENTATION_CONTEXT() REPRESENTATION_CONTEXT('2D SPACE',''
  ) );
#6567 = ORIENTED_EDGE('',*,*,#6568,.F.);
#6568 = EDGE_CURVE('',#6569,#6540,#6571,.T.);
#6569 = VERTEX_POINT('',#6570);
#6570 = CARTESIAN_POINT('',(-24.68505529211,-55.44354195194,5.));
#6571 = SURFACE_CURVE('',#6572,(#6578,#6587),.PCURVE_S1.);
#6572 = B_SPLINE_CURVE_WITH_KNOTS('',4,(#6573,#6574,#6575,#6576,#6577),
  .UNSPECIFIED.,.F.,.F.,(5,5),(0.,1.),.PIECEWISE_BEZIER_KNOTS.);
#6573 = CARTESIAN_POINT('',(-24.66582774173,-55.40035616672,
    2.40000000303));
#6574 = CARTESIAN_POINT('',(-24.86475893625,-55.84716294508,
    29.300000002236));
#6575 = CARTESIAN_POINT('',(-25.06369013076,-56.29396972342,
    56.20000000011));
#6576 = CARTESIAN_POINT('',(-25.26262132526,-56.74077650175,
    83.099999997474));
#6577 = CARTESIAN_POINT('',(-25.46155251978,-57.18758328011,
    109.99999999668));
#6578 = PCURVE('',#4584,#6579);
#6579 = DEFINITIONAL_REPRESENTATION('',(#6580),#6586);
#6580 = B_SPLINE_CURVE_WITH_KNOTS('',4,(#6581,#6582,#6583,#6584,#6585),
  .UNSPECIFIED.,.F.,.F.,(5,5),(0.,1.),.PIECEWISE_BEZIER_KNOTS.);
#6581 = CARTESIAN_POINT('',(4.293509959906,2.356370847198));
#6582 = CARTESIAN_POINT('',(4.293509959906,29.256370846404));
#6583 = CARTESIAN_POINT('',(4.293509959906,56.156370846946));
#6584 = CARTESIAN_POINT('',(4.293509959906,83.056370847991));
#6585 = CARTESIAN_POINT('',(4.293509959906,109.95637084719));
#6586 = ( GEOMETRIC_REPRESENTATION_CONTEXT(2) 
PARAMETRIC_REPRESENTATION_CONTEXT() REPRESENTATION_CONTEXT('2D SPACE',''
  ) );
#6587 = PCURVE('',#6588,#6593);
#6588 = PLANE('',#6589);
#6589 = AXIS2_PLACEMENT_3D('',#6590,#6591,#6592);
#6590 = CARTESIAN_POINT('',(0.,0.,5.));
#6591 = DIRECTION('',(-0.913545457643,0.406736643076,0.));
#6592 = DIRECTION('',(-0.406736643076,-0.913545457643,0.));
#6593 = DEFINITIONAL_REPRESENTATION('',(#6594),#6600);
#6594 = B_SPLINE_CURVE_WITH_KNOTS('',4,(#6595,#6596,#6597,#6598,#6599),
  .UNSPECIFIED.,.F.,.F.,(5,5),(0.,1.),.PIECEWISE_BEZIER_KNOTS.);
#6595 = CARTESIAN_POINT('',(60.643239702256,-2.59999999697));
#6596 = CARTESIAN_POINT('',(61.132330611332,24.300000002236));
#6597 = CARTESIAN_POINT('',(61.621421520385,51.20000000011));
#6598 = CARTESIAN_POINT('',(62.110512429428,78.099999997474));
#6599 = CARTESIAN_POINT('',(62.599603338504,104.99999999668));
#6600 = ( GEOMETRIC_REPRESENTATION_CONTEXT(2) 
PARAMETRIC_REPRESENTATION_CONTEXT() REPRESENTATION_CONTEXT('2D SPACE',''
  ) );
#6601 = ORIENTED_EDGE('',*,*,#6602,.F.);
#6602 = EDGE_CURVE('',#6501,#6569,#6603,.T.);
#6603 = SURFACE_CURVE('',#6604,(#6609,#6616),.PCURVE_S1.);
#6604 = CIRCLE('',#6605,60.690512429473);
#6605 = AXIS2_PLACEMENT_3D('',#6606,#6607,#6608);
#6606 = CARTESIAN_POINT('',(0.,0.,5.));
#6607 = DIRECTION('',(0.,0.,1.));
#6608 = DIRECTION('',(1.,0.,-0.));
#6609 = PCURVE('',#4584,#6610);
#6610 = DEFINITIONAL_REPRESENTATION('',(#6611),#6615);
#6611 = LINE('',#6612,#6613);
#6612 = CARTESIAN_POINT('',(0.,4.956370847198));
#6613 = VECTOR('',#6614,1.);
#6614 = DIRECTION('',(1.,0.));
#6615 = ( GEOMETRIC_REPRESENTATION_CONTEXT(2) 
PARAMETRIC_REPRESENTATION_CONTEXT() REPRESENTATION_CONTEXT('2D SPACE',''
  ) );
#6616 = PCURVE('',#6617,#6622);
#6617 = PLANE('',#6618);
#6618 = AXIS2_PLACEMENT_3D('',#6619,#6620,#6621);
#6619 = CARTESIAN_POINT('',(0.,0.,5.));
#6620 = DIRECTION('',(0.,0.,1.));
#6621 = DIRECTION('',(-0.5,-0.866025403784,0.));
#6622 = DEFINITIONAL_REPRESENTATION('',(#6623),#6627);
#6623 = CIRCLE('',#6624,60.690512429473);
#6624 = AXIS2_PLACEMENT_2D('',#6625,#6626);
#6625 = CARTESIAN_POINT('',(0.,0.));
#6626 = DIRECTION('',(-0.5,0.866025403784));
#6627 = ( GEOMETRIC_REPRESENTATION_CONTEXT(2) 
PARAMETRIC_REPRESENTATION_CONTEXT() REPRESENTATION_CONTEXT('2D SPACE',''
  ) );
#6628 = FACE_BOUND('',#6629,.F.);
#6629 = EDGE_LOOP('',(#6630,#6666,#6695,#6729));
#6630 = ORIENTED_EDGE('',*,*,#6631,.T.);
#6631 = EDGE_CURVE('',#6632,#6634,#6636,.T.);
#6632 = VERTEX_POINT('',#6633);
#6633 = CARTESIAN_POINT('',(-15.70786047377,-58.62253336634,5.));
#6634 = VERTEX_POINT('',#6635);
#6635 = CARTESIAN_POINT('',(-16.17844055578,-60.37876214141,105.));
#6636 = SURFACE_CURVE('',#6637,(#6643,#6652),.PCURVE_S1.);
#6637 = B_SPLINE_CURVE_WITH_KNOTS('',4,(#6638,#6639,#6640,#6641,#6642),
  .UNSPECIFIED.,.F.,.F.,(5,5),(0.,1.),.PIECEWISE_BEZIER_KNOTS.);
#6638 = CARTESIAN_POINT('',(-15.69562539166,-58.57687141824,
    2.40000000303));
#6639 = CARTESIAN_POINT('',(-15.82221143371,-59.04929695872,
    29.300000002236));
#6640 = CARTESIAN_POINT('',(-15.94879747576,-59.52172249918,
    56.20000000011));
#6641 = CARTESIAN_POINT('',(-16.07538351781,-59.99414803963,
    83.099999997474));
#6642 = CARTESIAN_POINT('',(-16.20196955986,-60.46657358011,
    109.99999999668));
#6643 = PCURVE('',#4584,#6644);
#6644 = DEFINITIONAL_REPRESENTATION('',(#6645),#6651);
#6645 = B_SPLINE_CURVE_WITH_KNOTS('',4,(#6646,#6647,#6648,#6649,#6650),
  .UNSPECIFIED.,.F.,.F.,(5,5),(0.,1.),.PIECEWISE_BEZIER_KNOTS.);
#6646 = CARTESIAN_POINT('',(4.450589592586,2.356370847198));
#6647 = CARTESIAN_POINT('',(4.450589592586,29.256370846404));
#6648 = CARTESIAN_POINT('',(4.450589592586,56.156370846946));
#6649 = CARTESIAN_POINT('',(4.450589592586,83.056370847991));
#6650 = CARTESIAN_POINT('',(4.450589592586,109.95637084719));
#6651 = ( GEOMETRIC_REPRESENTATION_CONTEXT(2) 
PARAMETRIC_REPRESENTATION_CONTEXT() REPRESENTATION_CONTEXT('2D SPACE',''
  ) );
#6652 = PCURVE('',#6653,#6658);
#6653 = PLANE('',#6654);
#6654 = AXIS2_PLACEMENT_3D('',#6655,#6656,#6657);
#6655 = CARTESIAN_POINT('',(0.,0.,5.));
#6656 = DIRECTION('',(-0.965925826289,0.258819045103,0.));
#6657 = DIRECTION('',(-0.258819045103,-0.965925826289,0.));
#6658 = DEFINITIONAL_REPRESENTATION('',(#6659),#6665);
#6659 = B_SPLINE_CURVE_WITH_KNOTS('',4,(#6660,#6661,#6662,#6663,#6664),
  .UNSPECIFIED.,.F.,.F.,(5,5),(0.,1.),.PIECEWISE_BEZIER_KNOTS.);
#6660 = CARTESIAN_POINT('',(60.643239702256,-2.59999999697));
#6661 = CARTESIAN_POINT('',(61.132330611332,24.300000002236));
#6662 = CARTESIAN_POINT('',(61.621421520385,51.20000000011));
#6663 = CARTESIAN_POINT('',(62.110512429428,78.099999997474));
#6664 = CARTESIAN_POINT('',(62.599603338504,104.99999999668));
#6665 = ( GEOMETRIC_REPRESENTATION_CONTEXT(2) 
PARAMETRIC_REPRESENTATION_CONTEXT() REPRESENTATION_CONTEXT('2D SPACE',''
  ) );
#6666 = ORIENTED_EDGE('',*,*,#6667,.T.);
#6667 = EDGE_CURVE('',#6634,#6668,#6670,.T.);
#6668 = VERTEX_POINT('',#6669);
#6669 = CARTESIAN_POINT('',(-9.778514144995,-61.73910849423,105.));
#6670 = SURFACE_CURVE('',#6671,(#6676,#6683),.PCURVE_S1.);
#6671 = CIRCLE('',#6672,62.508694247655);
#6672 = AXIS2_PLACEMENT_3D('',#6673,#6674,#6675);
#6673 = CARTESIAN_POINT('',(0.,0.,105.));
#6674 = DIRECTION('',(0.,0.,1.));
#6675 = DIRECTION('',(1.,0.,-0.));
#6676 = PCURVE('',#4584,#6677);
#6677 = DEFINITIONAL_REPRESENTATION('',(#6678),#6682);
#6678 = LINE('',#6679,#6680);
#6679 = CARTESIAN_POINT('',(0.,104.95637084719));
#6680 = VECTOR('',#6681,1.);
#6681 = DIRECTION('',(1.,0.));
#6682 = ( GEOMETRIC_REPRESENTATION_CONTEXT(2) 
PARAMETRIC_REPRESENTATION_CONTEXT() REPRESENTATION_CONTEXT('2D SPACE',''
  ) );
#6683 = PCURVE('',#6684,#6689);
#6684 = PLANE('',#6685);
#6685 = AXIS2_PLACEMENT_3D('',#6686,#6687,#6688);
#6686 = CARTESIAN_POINT('',(0.,0.,105.));
#6687 = DIRECTION('',(0.,0.,1.));
#6688 = DIRECTION('',(-0.258819045103,-0.965925826289,0.));
#6689 = DEFINITIONAL_REPRESENTATION('',(#6690),#6694);
#6690 = CIRCLE('',#6691,62.508694247655);
#6691 = AXIS2_PLACEMENT_2D('',#6692,#6693);
#6692 = CARTESIAN_POINT('',(0.,0.));
#6693 = DIRECTION('',(-0.258819045103,0.965925826289));
#6694 = ( GEOMETRIC_REPRESENTATION_CONTEXT(2) 
PARAMETRIC_REPRESENTATION_CONTEXT() REPRESENTATION_CONTEXT('2D SPACE',''
  ) );
#6695 = ORIENTED_EDGE('',*,*,#6696,.F.);
#6696 = EDGE_CURVE('',#6697,#6668,#6699,.T.);
#6697 = VERTEX_POINT('',#6698);
#6698 = CARTESIAN_POINT('',(-9.494087844922,-59.94331151133,5.));
#6699 = SURFACE_CURVE('',#6700,(#6706,#6715),.PCURVE_S1.);
#6700 = B_SPLINE_CURVE_WITH_KNOTS('',4,(#6701,#6702,#6703,#6704,#6705),
  .UNSPECIFIED.,.F.,.F.,(5,5),(0.,1.),.PIECEWISE_BEZIER_KNOTS.);
#6701 = CARTESIAN_POINT('',(-9.486692761129,-59.89662078983,
    2.40000000303));
#6702 = CARTESIAN_POINT('',(-9.563203435846,-60.37969017822,
    29.300000002236));
#6703 = CARTESIAN_POINT('',(-9.63971411056,-60.86275956658,
    56.20000000011));
#6704 = CARTESIAN_POINT('',(-9.716224785272,-61.34582895493,
    83.099999997474));
#6705 = CARTESIAN_POINT('',(-9.79273545999,-61.82889834332,
    109.99999999668));
#6706 = PCURVE('',#4584,#6707);
#6707 = DEFINITIONAL_REPRESENTATION('',(#6708),#6714);
#6708 = B_SPLINE_CURVE_WITH_KNOTS('',4,(#6709,#6710,#6711,#6712,#6713),
  .UNSPECIFIED.,.F.,.F.,(5,5),(0.,1.),.PIECEWISE_BEZIER_KNOTS.);
#6709 = CARTESIAN_POINT('',(4.555309347705,2.356370847198));
#6710 = CARTESIAN_POINT('',(4.555309347705,29.256370846404));
#6711 = CARTESIAN_POINT('',(4.555309347705,56.156370846946));
#6712 = CARTESIAN_POINT('',(4.555309347705,83.056370847991));
#6713 = CARTESIAN_POINT('',(4.555309347705,109.95637084719));
#6714 = ( GEOMETRIC_REPRESENTATION_CONTEXT(2) 
PARAMETRIC_REPRESENTATION_CONTEXT() REPRESENTATION_CONTEXT('2D SPACE',''
  ) );
#6715 = PCURVE('',#6716,#6721);
#6716 = PLANE('',#6717);
#6717 = AXIS2_PLACEMENT_3D('',#6718,#6719,#6720);
#6718 = CARTESIAN_POINT('',(0.,0.,5.));
#6719 = DIRECTION('',(-0.987688340595,0.15643446504,0.));
#6720 = DIRECTION('',(-0.15643446504,-0.987688340595,0.));
#6721 = DEFINITIONAL_REPRESENTATION('',(#6722),#6728);
#6722 = B_SPLINE_CURVE_WITH_KNOTS('',4,(#6723,#6724,#6725,#6726,#6727),
  .UNSPECIFIED.,.F.,.F.,(5,5),(0.,1.),.PIECEWISE_BEZIER_KNOTS.);
#6723 = CARTESIAN_POINT('',(60.643239702256,-2.59999999697));
#6724 = CARTESIAN_POINT('',(61.132330611332,24.300000002236));
#6725 = CARTESIAN_POINT('',(61.621421520385,51.20000000011));
#6726 = CARTESIAN_POINT('',(62.110512429428,78.099999997474));
#6727 = CARTESIAN_POINT('',(62.599603338504,104.99999999668));
#6728 = ( GEOMETRIC_REPRESENTATION_CONTEXT(2) 
PARAMETRIC_REPRESENTATION_CONTEXT() REPRESENTATION_CONTEXT('2D SPACE',''
  ) );
#6729 = ORIENTED_EDGE('',*,*,#6730,.F.);
#6730 = EDGE_CURVE('',#6632,#6697,#6731,.T.);
#6731 = SURFACE_CURVE('',#6732,(#6737,#6744),.PCURVE_S1.);
#6732 = CIRCLE('',#6733,60.690512429473);
#6733 = AXIS2_PLACEMENT_3D('',#6734,#6735,#6736);
#6734 = CARTESIAN_POINT('',(0.,0.,5.));
#6735 = DIRECTION('',(0.,0.,1.));
#6736 = DIRECTION('',(1.,0.,-0.));
#6737 = PCURVE('',#4584,#6738);
#6738 = DEFINITIONAL_REPRESENTATION('',(#6739),#6743);
#6739 = LINE('',#6740,#6741);
#6740 = CARTESIAN_POINT('',(0.,4.956370847198));
#6741 = VECTOR('',#6742,1.);
#6742 = DIRECTION('',(1.,0.));
#6743 = ( GEOMETRIC_REPRESENTATION_CONTEXT(2) 
PARAMETRIC_REPRESENTATION_CONTEXT() REPRESENTATION_CONTEXT('2D SPACE',''
  ) );
#6744 = PCURVE('',#6745,#6750);
#6745 = PLANE('',#6746);
#6746 = AXIS2_PLACEMENT_3D('',#6747,#6748,#6749);
#6747 = CARTESIAN_POINT('',(0.,0.,5.));
#6748 = DIRECTION('',(0.,0.,1.));
#6749 = DIRECTION('',(-0.258819045103,-0.965925826289,0.));
#6750 = DEFINITIONAL_REPRESENTATION('',(#6751),#6755);
#6751 = CIRCLE('',#6752,60.690512429473);
#6752 = AXIS2_PLACEMENT_2D('',#6753,#6754);
#6753 = CARTESIAN_POINT('',(0.,0.));
#6754 = DIRECTION('',(-0.258819045103,0.965925826289));
#6755 = ( GEOMETRIC_REPRESENTATION_CONTEXT(2) 
PARAMETRIC_REPRESENTATION_CONTEXT() REPRESENTATION_CONTEXT('2D SPACE',''
  ) );
#6756 = FACE_BOUND('',#6757,.F.);
#6757 = EDGE_LOOP('',(#6758,#6794,#6823,#6857));
#6758 = ORIENTED_EDGE('',*,*,#6759,.T.);
#6759 = EDGE_CURVE('',#6760,#6762,#6764,.T.);
#6760 = VERTEX_POINT('',#6761);
#6761 = CARTESIAN_POINT('',(15.707860473779,-58.62253336634,5.));
#6762 = VERTEX_POINT('',#6763);
#6763 = CARTESIAN_POINT('',(16.178440555784,-60.37876214141,105.));
#6764 = SURFACE_CURVE('',#6765,(#6771,#6780),.PCURVE_S1.);
#6765 = B_SPLINE_CURVE_WITH_KNOTS('',4,(#6766,#6767,#6768,#6769,#6770),
  .UNSPECIFIED.,.F.,.F.,(5,5),(0.,1.),.PIECEWISE_BEZIER_KNOTS.);
#6766 = CARTESIAN_POINT('',(15.695625391661,-58.57687141824,
    2.40000000303));
#6767 = CARTESIAN_POINT('',(15.822211433717,-59.04929695872,
    29.300000002236));
#6768 = CARTESIAN_POINT('',(15.948797475766,-59.52172249918,
    56.20000000011));
#6769 = CARTESIAN_POINT('',(16.075383517813,-59.99414803963,
    83.099999997474));
#6770 = CARTESIAN_POINT('',(16.201969559868,-60.46657358011,
    109.99999999668));
#6771 = PCURVE('',#4584,#6772);
#6772 = DEFINITIONAL_REPRESENTATION('',(#6773),#6779);
#6773 = B_SPLINE_CURVE_WITH_KNOTS('',4,(#6774,#6775,#6776,#6777,#6778),
  .UNSPECIFIED.,.F.,.F.,(5,5),(0.,1.),.PIECEWISE_BEZIER_KNOTS.);
#6774 = CARTESIAN_POINT('',(4.974188368184,2.356370847198));
#6775 = CARTESIAN_POINT('',(4.974188368184,29.256370846404));
#6776 = CARTESIAN_POINT('',(4.974188368184,56.156370846946));
#6777 = CARTESIAN_POINT('',(4.974188368184,83.056370847991));
#6778 = CARTESIAN_POINT('',(4.974188368184,109.95637084719));
#6779 = ( GEOMETRIC_REPRESENTATION_CONTEXT(2) 
PARAMETRIC_REPRESENTATION_CONTEXT() REPRESENTATION_CONTEXT('2D SPACE',''
  ) );
#6780 = PCURVE('',#6781,#6786);
#6781 = PLANE('',#6782);
#6782 = AXIS2_PLACEMENT_3D('',#6783,#6784,#6785);
#6783 = CARTESIAN_POINT('',(0.,0.,5.));
#6784 = DIRECTION('',(-0.965925826289,-0.258819045103,0.));
#6785 = DIRECTION('',(0.258819045103,-0.965925826289,0.));
#6786 = DEFINITIONAL_REPRESENTATION('',(#6787),#6793);
#6787 = B_SPLINE_CURVE_WITH_KNOTS('',4,(#6788,#6789,#6790,#6791,#6792),
  .UNSPECIFIED.,.F.,.F.,(5,5),(0.,1.),.PIECEWISE_BEZIER_KNOTS.);
#6788 = CARTESIAN_POINT('',(60.643239702256,-2.59999999697));
#6789 = CARTESIAN_POINT('',(61.132330611332,24.300000002236));
#6790 = CARTESIAN_POINT('',(61.621421520385,51.20000000011));
#6791 = CARTESIAN_POINT('',(62.110512429428,78.099999997474));
#6792 = CARTESIAN_POINT('',(62.599603338504,104.99999999668));
#6793 = ( GEOMETRIC_REPRESENTATION_CONTEXT(2) 
PARAMETRIC_REPRESENTATION_CONTEXT() REPRESENTATION_CONTEXT('2D SPACE',''
  ) );
#6794 = ORIENTED_EDGE('',*,*,#6795,.T.);
#6795 = EDGE_CURVE('',#6762,#6796,#6798,.T.);
#6796 = VERTEX_POINT('',#6797);
#6797 = CARTESIAN_POINT('',(22.401112586286,-58.3568934355,105.));
#6798 = SURFACE_CURVE('',#6799,(#6804,#6811),.PCURVE_S1.);
#6799 = CIRCLE('',#6800,62.508694247655);
#6800 = AXIS2_PLACEMENT_3D('',#6801,#6802,#6803);
#6801 = CARTESIAN_POINT('',(0.,0.,105.));
#6802 = DIRECTION('',(0.,0.,1.));
#6803 = DIRECTION('',(1.,0.,-0.));
#6804 = PCURVE('',#4584,#6805);
#6805 = DEFINITIONAL_REPRESENTATION('',(#6806),#6810);
#6806 = LINE('',#6807,#6808);
#6807 = CARTESIAN_POINT('',(0.,104.95637084719));
#6808 = VECTOR('',#6809,1.);
#6809 = DIRECTION('',(1.,0.));
#6810 = ( GEOMETRIC_REPRESENTATION_CONTEXT(2) 
PARAMETRIC_REPRESENTATION_CONTEXT() REPRESENTATION_CONTEXT('2D SPACE',''
  ) );
#6811 = PCURVE('',#6812,#6817);
#6812 = PLANE('',#6813);
#6813 = AXIS2_PLACEMENT_3D('',#6814,#6815,#6816);
#6814 = CARTESIAN_POINT('',(0.,0.,105.));
#6815 = DIRECTION('',(0.,0.,1.));
#6816 = DIRECTION('',(0.258819045103,-0.965925826289,0.));
#6817 = DEFINITIONAL_REPRESENTATION('',(#6818),#6822);
#6818 = CIRCLE('',#6819,62.508694247655);
#6819 = AXIS2_PLACEMENT_2D('',#6820,#6821);
#6820 = CARTESIAN_POINT('',(0.,0.));
#6821 = DIRECTION('',(0.258819045103,0.965925826289));
#6822 = ( GEOMETRIC_REPRESENTATION_CONTEXT(2) 
PARAMETRIC_REPRESENTATION_CONTEXT() REPRESENTATION_CONTEXT('2D SPACE',''
  ) );
#6823 = ORIENTED_EDGE('',*,*,#6824,.F.);
#6824 = EDGE_CURVE('',#6825,#6796,#6827,.T.);
#6825 = VERTEX_POINT('',#6826);
#6826 = CARTESIAN_POINT('',(21.749534496204,-56.65947447824,5.));
#6827 = SURFACE_CURVE('',#6828,(#6834,#6843),.PCURVE_S1.);
#6828 = B_SPLINE_CURVE_WITH_KNOTS('',4,(#6829,#6830,#6831,#6832,#6833),
  .UNSPECIFIED.,.F.,.F.,(5,5),(0.,1.),.PIECEWISE_BEZIER_KNOTS.);
#6829 = CARTESIAN_POINT('',(21.732593465882,-56.6153415854,2.40000000303
    ));
#6830 = CARTESIAN_POINT('',(21.907867972109,-57.07194728489,
    29.300000002236));
#6831 = CARTESIAN_POINT('',(22.083142478327,-57.52855298436,
    56.20000000011));
#6832 = CARTESIAN_POINT('',(22.258416984542,-57.98515868382,
    83.099999997474));
#6833 = CARTESIAN_POINT('',(22.433691490769,-58.44176438331,
    109.99999999668));
#6834 = PCURVE('',#4584,#6835);
#6835 = DEFINITIONAL_REPRESENTATION('',(#6836),#6842);
#6836 = B_SPLINE_CURVE_WITH_KNOTS('',4,(#6837,#6838,#6839,#6840,#6841),
  .UNSPECIFIED.,.F.,.F.,(5,5),(0.,1.),.PIECEWISE_BEZIER_KNOTS.);
#6837 = CARTESIAN_POINT('',(5.078908123303,2.356370847198));
#6838 = CARTESIAN_POINT('',(5.078908123303,29.256370846404));
#6839 = CARTESIAN_POINT('',(5.078908123303,56.156370846946));
#6840 = CARTESIAN_POINT('',(5.078908123303,83.056370847991));
#6841 = CARTESIAN_POINT('',(5.078908123303,109.95637084719));
#6842 = ( GEOMETRIC_REPRESENTATION_CONTEXT(2) 
PARAMETRIC_REPRESENTATION_CONTEXT() REPRESENTATION_CONTEXT('2D SPACE',''
  ) );
#6843 = PCURVE('',#6844,#6849);
#6844 = PLANE('',#6845);
#6845 = AXIS2_PLACEMENT_3D('',#6846,#6847,#6848);
#6846 = CARTESIAN_POINT('',(0.,0.,5.));
#6847 = DIRECTION('',(-0.933580426497,-0.358367949545,0.));
#6848 = DIRECTION('',(0.358367949545,-0.933580426497,0.));
#6849 = DEFINITIONAL_REPRESENTATION('',(#6850),#6856);
#6850 = B_SPLINE_CURVE_WITH_KNOTS('',4,(#6851,#6852,#6853,#6854,#6855),
  .UNSPECIFIED.,.F.,.F.,(5,5),(0.,1.),.PIECEWISE_BEZIER_KNOTS.);
#6851 = CARTESIAN_POINT('',(60.643239702256,-2.59999999697));
#6852 = CARTESIAN_POINT('',(61.132330611332,24.300000002236));
#6853 = CARTESIAN_POINT('',(61.621421520385,51.20000000011));
#6854 = CARTESIAN_POINT('',(62.110512429428,78.099999997474));
#6855 = CARTESIAN_POINT('',(62.599603338504,104.99999999668));
#6856 = ( GEOMETRIC_REPRESENTATION_CONTEXT(2) 
PARAMETRIC_REPRESENTATION_CONTEXT() REPRESENTATION_CONTEXT('2D SPACE',''
  ) );
#6857 = ORIENTED_EDGE('',*,*,#6858,.F.);
#6858 = EDGE_CURVE('',#6760,#6825,#6859,.T.);
#6859 = SURFACE_CURVE('',#6860,(#6865,#6872),.PCURVE_S1.);
#6860 = CIRCLE('',#6861,60.690512429473);
#6861 = AXIS2_PLACEMENT_3D('',#6862,#6863,#6864);
#6862 = CARTESIAN_POINT('',(0.,0.,5.));
#6863 = DIRECTION('',(0.,0.,1.));
#6864 = DIRECTION('',(1.,0.,-0.));
#6865 = PCURVE('',#4584,#6866);
#6866 = DEFINITIONAL_REPRESENTATION('',(#6867),#6871);
#6867 = LINE('',#6868,#6869);
#6868 = CARTESIAN_POINT('',(0.,4.956370847198));
#6869 = VECTOR('',#6870,1.);
#6870 = DIRECTION('',(1.,0.));
#6871 = ( GEOMETRIC_REPRESENTATION_CONTEXT(2) 
PARAMETRIC_REPRESENTATION_CONTEXT() REPRESENTATION_CONTEXT('2D SPACE',''
  ) );
#6872 = PCURVE('',#6873,#6878);
#6873 = PLANE('',#6874);
#6874 = AXIS2_PLACEMENT_3D('',#6875,#6876,#6877);
#6875 = CARTESIAN_POINT('',(0.,0.,5.));
#6876 = DIRECTION('',(0.,0.,1.));
#6877 = DIRECTION('',(0.258819045103,-0.965925826289,0.));
#6878 = DEFINITIONAL_REPRESENTATION('',(#6879),#6883);
#6879 = CIRCLE('',#6880,60.690512429473);
#6880 = AXIS2_PLACEMENT_2D('',#6881,#6882);
#6881 = CARTESIAN_POINT('',(0.,0.));
#6882 = DIRECTION('',(0.258819045103,0.965925826289));
#6883 = ( GEOMETRIC_REPRESENTATION_CONTEXT(2) 
PARAMETRIC_REPRESENTATION_CONTEXT() REPRESENTATION_CONTEXT('2D SPACE',''
  ) );
#6884 = FACE_BOUND('',#6885,.F.);
#6885 = EDGE_LOOP('',(#6886,#6922,#6951,#6985));
#6886 = ORIENTED_EDGE('',*,*,#6887,.T.);
#6887 = EDGE_CURVE('',#6888,#6890,#6892,.T.);
#6888 = VERTEX_POINT('',#6889);
#6889 = CARTESIAN_POINT('',(30.345256214737,-52.55952553261,5.));
#6890 = VERTEX_POINT('',#6891);
#6891 = CARTESIAN_POINT('',(31.254347123828,-54.13411717586,105.));
#6892 = SURFACE_CURVE('',#6893,(#6899,#6908),.PCURVE_S1.);
#6893 = B_SPLINE_CURVE_WITH_KNOTS('',4,(#6894,#6895,#6896,#6897,#6898),
  .UNSPECIFIED.,.F.,.F.,(5,5),(0.,1.),.PIECEWISE_BEZIER_KNOTS.);
#6894 = CARTESIAN_POINT('',(30.321619851128,-52.51858614994,
    2.40000000303));
#6895 = CARTESIAN_POINT('',(30.566165305666,-52.94215130196,
    29.300000002236));
#6896 = CARTESIAN_POINT('',(30.810710760192,-53.36571645396,
    56.20000000011));
#6897 = CARTESIAN_POINT('',(31.055256214714,-53.78928160595,
    83.099999997474));
#6898 = CARTESIAN_POINT('',(31.299801669252,-54.21284675797,
    109.99999999668));
#6899 = PCURVE('',#4584,#6900);
#6900 = DEFINITIONAL_REPRESENTATION('',(#6901),#6907);
#6901 = B_SPLINE_CURVE_WITH_KNOTS('',4,(#6902,#6903,#6904,#6905,#6906),
  .UNSPECIFIED.,.F.,.F.,(5,5),(0.,1.),.PIECEWISE_BEZIER_KNOTS.);
#6902 = CARTESIAN_POINT('',(5.235987755983,2.356370847198));
#6903 = CARTESIAN_POINT('',(5.235987755983,29.256370846404));
#6904 = CARTESIAN_POINT('',(5.235987755983,56.156370846947));
#6905 = CARTESIAN_POINT('',(5.235987755983,83.056370847991));
#6906 = CARTESIAN_POINT('',(5.235987755983,109.95637084719));
#6907 = ( GEOMETRIC_REPRESENTATION_CONTEXT(2) 
PARAMETRIC_REPRESENTATION_CONTEXT() REPRESENTATION_CONTEXT('2D SPACE',''
  ) );
#6908 = PCURVE('',#6909,#6914);
#6909 = PLANE('',#6910);
#6910 = AXIS2_PLACEMENT_3D('',#6911,#6912,#6913);
#6911 = CARTESIAN_POINT('',(0.,0.,5.));
#6912 = DIRECTION('',(-0.866025403784,-0.5,0.));
#6913 = DIRECTION('',(0.5,-0.866025403784,0.));
#6914 = DEFINITIONAL_REPRESENTATION('',(#6915),#6921);
#6915 = B_SPLINE_CURVE_WITH_KNOTS('',4,(#6916,#6917,#6918,#6919,#6920),
  .UNSPECIFIED.,.F.,.F.,(5,5),(0.,1.),.PIECEWISE_BEZIER_KNOTS.);
#6916 = CARTESIAN_POINT('',(60.643239702256,-2.59999999697));
#6917 = CARTESIAN_POINT('',(61.132330611332,24.300000002236));
#6918 = CARTESIAN_POINT('',(61.621421520385,51.20000000011));
#6919 = CARTESIAN_POINT('',(62.110512429428,78.099999997474));
#6920 = CARTESIAN_POINT('',(62.599603338504,104.99999999668));
#6921 = ( GEOMETRIC_REPRESENTATION_CONTEXT(2) 
PARAMETRIC_REPRESENTATION_CONTEXT() REPRESENTATION_CONTEXT('2D SPACE',''
  ) );
#6922 = ORIENTED_EDGE('',*,*,#6923,.T.);
#6923 = EDGE_CURVE('',#6890,#6924,#6926,.T.);
#6924 = VERTEX_POINT('',#6925);
#6925 = CARTESIAN_POINT('',(36.741688618831,-50.57059594254,105.));
#6926 = SURFACE_CURVE('',#6927,(#6932,#6939),.PCURVE_S1.);
#6927 = CIRCLE('',#6928,62.508694247655);
#6928 = AXIS2_PLACEMENT_3D('',#6929,#6930,#6931);
#6929 = CARTESIAN_POINT('',(0.,0.,105.));
#6930 = DIRECTION('',(0.,0.,1.));
#6931 = DIRECTION('',(1.,0.,-0.));
#6932 = PCURVE('',#4584,#6933);
#6933 = DEFINITIONAL_REPRESENTATION('',(#6934),#6938);
#6934 = LINE('',#6935,#6936);
#6935 = CARTESIAN_POINT('',(0.,104.95637084719));
#6936 = VECTOR('',#6937,1.);
#6937 = DIRECTION('',(1.,0.));
#6938 = ( GEOMETRIC_REPRESENTATION_CONTEXT(2) 
PARAMETRIC_REPRESENTATION_CONTEXT() REPRESENTATION_CONTEXT('2D SPACE',''
  ) );
#6939 = PCURVE('',#6940,#6945);
#6940 = PLANE('',#6941);
#6941 = AXIS2_PLACEMENT_3D('',#6942,#6943,#6944);
#6942 = CARTESIAN_POINT('',(0.,0.,105.));
#6943 = DIRECTION('',(0.,0.,1.));
#6944 = DIRECTION('',(0.5,-0.866025403784,0.));
#6945 = DEFINITIONAL_REPRESENTATION('',(#6946),#6950);
#6946 = CIRCLE('',#6947,62.508694247655);
#6947 = AXIS2_PLACEMENT_2D('',#6948,#6949);
#6948 = CARTESIAN_POINT('',(0.,0.));
#6949 = DIRECTION('',(0.5,0.866025403784));
#6950 = ( GEOMETRIC_REPRESENTATION_CONTEXT(2) 
PARAMETRIC_REPRESENTATION_CONTEXT() REPRESENTATION_CONTEXT('2D SPACE',''
  ) );
#6951 = ORIENTED_EDGE('',*,*,#6952,.F.);
#6952 = EDGE_CURVE('',#6953,#6924,#6955,.T.);
#6953 = VERTEX_POINT('',#6954);
#6954 = CARTESIAN_POINT('',(35.672988160118,-49.09965595276,5.));
#6955 = SURFACE_CURVE('',#6956,(#6962,#6971),.PCURVE_S1.);
#6956 = B_SPLINE_CURVE_WITH_KNOTS('',4,(#6957,#6958,#6959,#6960,#6961),
  .UNSPECIFIED.,.F.,.F.,(5,5),(0.,1.),.PIECEWISE_BEZIER_KNOTS.);
#6957 = CARTESIAN_POINT('',(35.645201948223,-49.06141151307,
    2.40000000303));
#6958 = CARTESIAN_POINT('',(35.932682371609,-49.45709437031,
    29.300000002236));
#6959 = CARTESIAN_POINT('',(36.22016279498,-49.85277722753,
    56.20000000011));
#6960 = CARTESIAN_POINT('',(36.507643218346,-50.24846008474,
    83.099999997474));
#6961 = CARTESIAN_POINT('',(36.795123641731,-50.64414294198,
    109.99999999668));
#6962 = PCURVE('',#4584,#6963);
#6963 = DEFINITIONAL_REPRESENTATION('',(#6964),#6970);
#6964 = B_SPLINE_CURVE_WITH_KNOTS('',4,(#6965,#6966,#6967,#6968,#6969),
  .UNSPECIFIED.,.F.,.F.,(5,5),(0.,1.),.PIECEWISE_BEZIER_KNOTS.);
#6965 = CARTESIAN_POINT('',(5.340707511103,2.356370847198));
#6966 = CARTESIAN_POINT('',(5.340707511103,29.256370846404));
#6967 = CARTESIAN_POINT('',(5.340707511103,56.156370846947));
#6968 = CARTESIAN_POINT('',(5.340707511103,83.056370847991));
#6969 = CARTESIAN_POINT('',(5.340707511103,109.95637084719));
#6970 = ( GEOMETRIC_REPRESENTATION_CONTEXT(2) 
PARAMETRIC_REPRESENTATION_CONTEXT() REPRESENTATION_CONTEXT('2D SPACE',''
  ) );
#6971 = PCURVE('',#6972,#6977);
#6972 = PLANE('',#6973);
#6973 = AXIS2_PLACEMENT_3D('',#6974,#6975,#6976);
#6974 = CARTESIAN_POINT('',(0.,0.,5.));
#6975 = DIRECTION('',(-0.809016994375,-0.587785252292,0.));
#6976 = DIRECTION('',(0.587785252292,-0.809016994375,0.));
#6977 = DEFINITIONAL_REPRESENTATION('',(#6978),#6984);
#6978 = B_SPLINE_CURVE_WITH_KNOTS('',4,(#6979,#6980,#6981,#6982,#6983),
  .UNSPECIFIED.,.F.,.F.,(5,5),(0.,1.),.PIECEWISE_BEZIER_KNOTS.);
#6979 = CARTESIAN_POINT('',(60.643239702256,-2.59999999697));
#6980 = CARTESIAN_POINT('',(61.132330611332,24.300000002236));
#6981 = CARTESIAN_POINT('',(61.621421520385,51.20000000011));
#6982 = CARTESIAN_POINT('',(62.110512429428,78.099999997474));
#6983 = CARTESIAN_POINT('',(62.599603338504,104.99999999668));
#6984 = ( GEOMETRIC_REPRESENTATION_CONTEXT(2) 
PARAMETRIC_REPRESENTATION_CONTEXT() REPRESENTATION_CONTEXT('2D SPACE',''
  ) );
#6985 = ORIENTED_EDGE('',*,*,#6986,.F.);
#6986 = EDGE_CURVE('',#6888,#6953,#6987,.T.);
#6987 = SURFACE_CURVE('',#6988,(#6993,#7000),.PCURVE_S1.);
#6988 = CIRCLE('',#6989,60.690512429473);
#6989 = AXIS2_PLACEMENT_3D('',#6990,#6991,#6992);
#6990 = CARTESIAN_POINT('',(0.,0.,5.));
#6991 = DIRECTION('',(0.,0.,1.));
#6992 = DIRECTION('',(1.,0.,-0.));
#6993 = PCURVE('',#4584,#6994);
#6994 = DEFINITIONAL_REPRESENTATION('',(#6995),#6999);
#6995 = LINE('',#6996,#6997);
#6996 = CARTESIAN_POINT('',(0.,4.956370847198));
#6997 = VECTOR('',#6998,1.);
#6998 = DIRECTION('',(1.,0.));
#6999 = ( GEOMETRIC_REPRESENTATION_CONTEXT(2) 
PARAMETRIC_REPRESENTATION_CONTEXT() REPRESENTATION_CONTEXT('2D SPACE',''
  ) );
#7000 = PCURVE('',#7001,#7006);
#7001 = PLANE('',#7002);
#7002 = AXIS2_PLACEMENT_3D('',#7003,#7004,#7005);
#7003 = CARTESIAN_POINT('',(0.,0.,5.));
#7004 = DIRECTION('',(0.,0.,1.));
#7005 = DIRECTION('',(0.5,-0.866025403784,0.));
#7006 = DEFINITIONAL_REPRESENTATION('',(#7007),#7011);
#7007 = CIRCLE('',#7008,60.690512429473);
#7008 = AXIS2_PLACEMENT_2D('',#7009,#7010);
#7009 = CARTESIAN_POINT('',(0.,0.));
#7010 = DIRECTION('',(0.5,0.866025403784));
#7011 = ( GEOMETRIC_REPRESENTATION_CONTEXT(2) 
PARAMETRIC_REPRESENTATION_CONTEXT() REPRESENTATION_CONTEXT('2D SPACE',''
  ) );
#7012 = FACE_BOUND('',#7013,.F.);
#7013 = EDGE_LOOP('',(#7014,#7050,#7079,#7113));
#7014 = ORIENTED_EDGE('',*,*,#7015,.T.);
#7015 = EDGE_CURVE('',#7016,#7018,#7020,.T.);
#7016 = VERTEX_POINT('',#7017);
#7017 = CARTESIAN_POINT('',(42.914672892567,-42.91467289256,5.));
#7018 = VERTEX_POINT('',#7019);
#7019 = CARTESIAN_POINT('',(44.200321585634,-44.20032158563,105.));
#7020 = SURFACE_CURVE('',#7021,(#7027,#7036),.PCURVE_S1.);
#7021 = B_SPLINE_CURVE_WITH_KNOTS('',4,(#7022,#7023,#7024,#7025,#7026),
  .UNSPECIFIED.,.F.,.F.,(5,5),(0.,1.),.PIECEWISE_BEZIER_KNOTS.);
#7022 = CARTESIAN_POINT('',(42.881246026586,-42.88124602658,
    2.40000000303));
#7023 = CARTESIAN_POINT('',(43.227085525011,-43.22708552501,
    29.300000002236));
#7024 = CARTESIAN_POINT('',(43.572925023419,-43.57292502341,
    56.20000000011));
#7025 = CARTESIAN_POINT('',(43.91876452182,-43.91876452182,
    83.099999997474));
#7026 = CARTESIAN_POINT('',(44.264604020244,-44.26460402024,
    109.99999999668));
#7027 = PCURVE('',#4584,#7028);
#7028 = DEFINITIONAL_REPRESENTATION('',(#7029),#7035);
#7029 = B_SPLINE_CURVE_WITH_KNOTS('',4,(#7030,#7031,#7032,#7033,#7034),
  .UNSPECIFIED.,.F.,.F.,(5,5),(0.,1.),.PIECEWISE_BEZIER_KNOTS.);
#7030 = CARTESIAN_POINT('',(5.497787143782,2.356370847198));
#7031 = CARTESIAN_POINT('',(5.497787143782,29.256370846404));
#7032 = CARTESIAN_POINT('',(5.497787143782,56.156370846946));
#7033 = CARTESIAN_POINT('',(5.497787143782,83.056370847991));
#7034 = CARTESIAN_POINT('',(5.497787143782,109.95637084719));
#7035 = ( GEOMETRIC_REPRESENTATION_CONTEXT(2) 
PARAMETRIC_REPRESENTATION_CONTEXT() REPRESENTATION_CONTEXT('2D SPACE',''
  ) );
#7036 = PCURVE('',#7037,#7042);
#7037 = PLANE('',#7038);
#7038 = AXIS2_PLACEMENT_3D('',#7039,#7040,#7041);
#7039 = CARTESIAN_POINT('',(0.,0.,5.));
#7040 = DIRECTION('',(-0.707106781187,-0.707106781187,0.));
#7041 = DIRECTION('',(0.707106781187,-0.707106781187,0.));
#7042 = DEFINITIONAL_REPRESENTATION('',(#7043),#7049);
#7043 = B_SPLINE_CURVE_WITH_KNOTS('',4,(#7044,#7045,#7046,#7047,#7048),
  .UNSPECIFIED.,.F.,.F.,(5,5),(0.,1.),.PIECEWISE_BEZIER_KNOTS.);
#7044 = CARTESIAN_POINT('',(60.643239702256,-2.59999999697));
#7045 = CARTESIAN_POINT('',(61.132330611332,24.300000002236));
#7046 = CARTESIAN_POINT('',(61.621421520385,51.20000000011));
#7047 = CARTESIAN_POINT('',(62.110512429428,78.099999997474));
#7048 = CARTESIAN_POINT('',(62.599603338504,104.99999999668));
#7049 = ( GEOMETRIC_REPRESENTATION_CONTEXT(2) 
PARAMETRIC_REPRESENTATION_CONTEXT() REPRESENTATION_CONTEXT('2D SPACE',''
  ) );
#7050 = ORIENTED_EDGE('',*,*,#7051,.T.);
#7051 = EDGE_CURVE('',#7018,#7052,#7054,.T.);
#7052 = VERTEX_POINT('',#7053);
#7053 = CARTESIAN_POINT('',(48.578379290514,-39.33799590794,105.));
#7054 = SURFACE_CURVE('',#7055,(#7060,#7067),.PCURVE_S1.);
#7055 = CIRCLE('',#7056,62.508694247655);
#7056 = AXIS2_PLACEMENT_3D('',#7057,#7058,#7059);
#7057 = CARTESIAN_POINT('',(0.,0.,105.));
#7058 = DIRECTION('',(0.,0.,1.));
#7059 = DIRECTION('',(1.,0.,-0.));
#7060 = PCURVE('',#4584,#7061);
#7061 = DEFINITIONAL_REPRESENTATION('',(#7062),#7066);
#7062 = LINE('',#7063,#7064);
#7063 = CARTESIAN_POINT('',(0.,104.95637084719));
#7064 = VECTOR('',#7065,1.);
#7065 = DIRECTION('',(1.,0.));
#7066 = ( GEOMETRIC_REPRESENTATION_CONTEXT(2) 
PARAMETRIC_REPRESENTATION_CONTEXT() REPRESENTATION_CONTEXT('2D SPACE',''
  ) );
#7067 = PCURVE('',#7068,#7073);
#7068 = PLANE('',#7069);
#7069 = AXIS2_PLACEMENT_3D('',#7070,#7071,#7072);
#7070 = CARTESIAN_POINT('',(0.,0.,105.));
#7071 = DIRECTION('',(0.,0.,1.));
#7072 = DIRECTION('',(0.707106781187,-0.707106781187,0.));
#7073 = DEFINITIONAL_REPRESENTATION('',(#7074),#7078);
#7074 = CIRCLE('',#7075,62.508694247655);
#7075 = AXIS2_PLACEMENT_2D('',#7076,#7077);
#7076 = CARTESIAN_POINT('',(0.,0.));
#7077 = DIRECTION('',(0.707106781187,0.707106781187));
#7078 = ( GEOMETRIC_REPRESENTATION_CONTEXT(2) 
PARAMETRIC_REPRESENTATION_CONTEXT() REPRESENTATION_CONTEXT('2D SPACE',''
  ) );
#7079 = ORIENTED_EDGE('',*,*,#7080,.F.);
#7080 = EDGE_CURVE('',#7081,#7052,#7083,.T.);
#7081 = VERTEX_POINT('',#7082);
#7082 = CARTESIAN_POINT('',(47.165386633319,-38.19377701513,5.));
#7083 = SURFACE_CURVE('',#7084,(#7090,#7099),.PCURVE_S1.);
#7084 = B_SPLINE_CURVE_WITH_KNOTS('',4,(#7085,#7086,#7087,#7088,#7089),
  .UNSPECIFIED.,.F.,.F.,(5,5),(0.,1.),.PIECEWISE_BEZIER_KNOTS.);
#7085 = CARTESIAN_POINT('',(47.128648824275,-38.16402732395,
    2.40000000303));
#7086 = CARTESIAN_POINT('',(47.508743849049,-38.47182220611,
    29.300000002236));
#7087 = CARTESIAN_POINT('',(47.888838873805,-38.77961708825,
    56.20000000011));
#7088 = CARTESIAN_POINT('',(48.268933898553,-39.08741197039,
    83.099999997474));
#7089 = CARTESIAN_POINT('',(48.649028923327,-39.39520685255,
    109.99999999668));
#7090 = PCURVE('',#4584,#7091);
#7091 = DEFINITIONAL_REPRESENTATION('',(#7092),#7098);
#7092 = B_SPLINE_CURVE_WITH_KNOTS('',4,(#7093,#7094,#7095,#7096,#7097),
  .UNSPECIFIED.,.F.,.F.,(5,5),(0.,1.),.PIECEWISE_BEZIER_KNOTS.);
#7093 = CARTESIAN_POINT('',(5.602506898902,2.356370847198));
#7094 = CARTESIAN_POINT('',(5.602506898902,29.256370846404));
#7095 = CARTESIAN_POINT('',(5.602506898902,56.156370846946));
#7096 = CARTESIAN_POINT('',(5.602506898902,83.056370847991));
#7097 = CARTESIAN_POINT('',(5.602506898902,109.95637084719));
#7098 = ( GEOMETRIC_REPRESENTATION_CONTEXT(2) 
PARAMETRIC_REPRESENTATION_CONTEXT() REPRESENTATION_CONTEXT('2D SPACE',''
  ) );
#7099 = PCURVE('',#7100,#7105);
#7100 = PLANE('',#7101);
#7101 = AXIS2_PLACEMENT_3D('',#7102,#7103,#7104);
#7102 = CARTESIAN_POINT('',(0.,0.,5.));
#7103 = DIRECTION('',(-0.62932039105,-0.777145961457,0.));
#7104 = DIRECTION('',(0.777145961457,-0.62932039105,0.));
#7105 = DEFINITIONAL_REPRESENTATION('',(#7106),#7112);
#7106 = B_SPLINE_CURVE_WITH_KNOTS('',4,(#7107,#7108,#7109,#7110,#7111),
  .UNSPECIFIED.,.F.,.F.,(5,5),(0.,1.),.PIECEWISE_BEZIER_KNOTS.);
#7107 = CARTESIAN_POINT('',(60.643239702256,-2.59999999697));
#7108 = CARTESIAN_POINT('',(61.132330611332,24.300000002236));
#7109 = CARTESIAN_POINT('',(61.621421520385,51.20000000011));
#7110 = CARTESIAN_POINT('',(62.110512429428,78.099999997474));
#7111 = CARTESIAN_POINT('',(62.599603338504,104.99999999668));
#7112 = ( GEOMETRIC_REPRESENTATION_CONTEXT(2) 
PARAMETRIC_REPRESENTATION_CONTEXT() REPRESENTATION_CONTEXT('2D SPACE',''
  ) );
#7113 = ORIENTED_EDGE('',*,*,#7114,.F.);
#7114 = EDGE_CURVE('',#7016,#7081,#7115,.T.);
#7115 = SURFACE_CURVE('',#7116,(#7121,#7128),.PCURVE_S1.);
#7116 = CIRCLE('',#7117,60.690512429473);
#7117 = AXIS2_PLACEMENT_3D('',#7118,#7119,#7120);
#7118 = CARTESIAN_POINT('',(0.,0.,5.));
#7119 = DIRECTION('',(0.,0.,1.));
#7120 = DIRECTION('',(1.,0.,-0.));
#7121 = PCURVE('',#4584,#7122);
#7122 = DEFINITIONAL_REPRESENTATION('',(#7123),#7127);
#7123 = LINE('',#7124,#7125);
#7124 = CARTESIAN_POINT('',(0.,4.956370847198));
#7125 = VECTOR('',#7126,1.);
#7126 = DIRECTION('',(1.,0.));
#7127 = ( GEOMETRIC_REPRESENTATION_CONTEXT(2) 
PARAMETRIC_REPRESENTATION_CONTEXT() REPRESENTATION_CONTEXT('2D SPACE',''
  ) );
#7128 = PCURVE('',#7129,#7134);
#7129 = PLANE('',#7130);
#7130 = AXIS2_PLACEMENT_3D('',#7131,#7132,#7133);
#7131 = CARTESIAN_POINT('',(0.,0.,5.));
#7132 = DIRECTION('',(0.,0.,1.));
#7133 = DIRECTION('',(0.707106781187,-0.707106781187,0.));
#7134 = DEFINITIONAL_REPRESENTATION('',(#7135),#7139);
#7135 = CIRCLE('',#7136,60.690512429473);
#7136 = AXIS2_PLACEMENT_2D('',#7137,#7138);
#7137 = CARTESIAN_POINT('',(0.,0.));
#7138 = DIRECTION('',(0.707106781187,0.707106781187));
#7139 = ( GEOMETRIC_REPRESENTATION_CONTEXT(2) 
PARAMETRIC_REPRESENTATION_CONTEXT() REPRESENTATION_CONTEXT('2D SPACE',''
  ) );
#7140 = FACE_BOUND('',#7141,.F.);
#7141 = EDGE_LOOP('',(#7142,#7178,#7207,#7241));
#7142 = ORIENTED_EDGE('',*,*,#7143,.T.);
#7143 = EDGE_CURVE('',#7144,#7146,#7148,.T.);
#7144 = VERTEX_POINT('',#7145);
#7145 = CARTESIAN_POINT('',(52.559525532619,-30.34525621473,5.));
#7146 = VERTEX_POINT('',#7147);
#7147 = CARTESIAN_POINT('',(54.134117175864,-31.25434712382,105.));
#7148 = SURFACE_CURVE('',#7149,(#7155,#7164),.PCURVE_S1.);
#7149 = B_SPLINE_CURVE_WITH_KNOTS('',4,(#7150,#7151,#7152,#7153,#7154),
  .UNSPECIFIED.,.F.,.F.,(5,5),(0.,1.),.PIECEWISE_BEZIER_KNOTS.);
#7150 = CARTESIAN_POINT('',(52.518586149943,-30.32161985112,
    2.40000000303));
#7151 = CARTESIAN_POINT('',(52.942151301963,-30.56616530566,
    29.300000002236));
#7152 = CARTESIAN_POINT('',(53.365716453962,-30.81071076019,
    56.20000000011));
#7153 = CARTESIAN_POINT('',(53.789281605953,-31.05525621471,
    83.099999997474));
#7154 = CARTESIAN_POINT('',(54.212846757974,-31.29980166925,
    109.99999999668));
#7155 = PCURVE('',#4584,#7156);
#7156 = DEFINITIONAL_REPRESENTATION('',(#7157),#7163);
#7157 = B_SPLINE_CURVE_WITH_KNOTS('',4,(#7158,#7159,#7160,#7161,#7162),
  .UNSPECIFIED.,.F.,.F.,(5,5),(0.,1.),.PIECEWISE_BEZIER_KNOTS.);
#7158 = CARTESIAN_POINT('',(5.759586531581,2.356370847198));
#7159 = CARTESIAN_POINT('',(5.759586531581,29.256370846404));
#7160 = CARTESIAN_POINT('',(5.759586531581,56.156370846946));
#7161 = CARTESIAN_POINT('',(5.759586531581,83.056370847991));
#7162 = CARTESIAN_POINT('',(5.759586531581,109.95637084719));
#7163 = ( GEOMETRIC_REPRESENTATION_CONTEXT(2) 
PARAMETRIC_REPRESENTATION_CONTEXT() REPRESENTATION_CONTEXT('2D SPACE',''
  ) );
#7164 = PCURVE('',#7165,#7170);
#7165 = PLANE('',#7166);
#7166 = AXIS2_PLACEMENT_3D('',#7167,#7168,#7169);
#7167 = CARTESIAN_POINT('',(0.,0.,5.));
#7168 = DIRECTION('',(-0.5,-0.866025403784,0.));
#7169 = DIRECTION('',(0.866025403784,-0.5,0.));
#7170 = DEFINITIONAL_REPRESENTATION('',(#7171),#7177);
#7171 = B_SPLINE_CURVE_WITH_KNOTS('',4,(#7172,#7173,#7174,#7175,#7176),
  .UNSPECIFIED.,.F.,.F.,(5,5),(0.,1.),.PIECEWISE_BEZIER_KNOTS.);
#7172 = CARTESIAN_POINT('',(60.643239702256,-2.59999999697));
#7173 = CARTESIAN_POINT('',(61.132330611332,24.300000002236));
#7174 = CARTESIAN_POINT('',(61.621421520385,51.20000000011));
#7175 = CARTESIAN_POINT('',(62.110512429428,78.099999997474));
#7176 = CARTESIAN_POINT('',(62.599603338504,104.99999999668));
#7177 = ( GEOMETRIC_REPRESENTATION_CONTEXT(2) 
PARAMETRIC_REPRESENTATION_CONTEXT() REPRESENTATION_CONTEXT('2D SPACE',''
  ) );
#7178 = ORIENTED_EDGE('',*,*,#7179,.T.);
#7179 = EDGE_CURVE('',#7146,#7180,#7182,.T.);
#7180 = VERTEX_POINT('',#7181);
#7181 = CARTESIAN_POINT('',(57.104533693116,-25.42457646134,105.));
#7182 = SURFACE_CURVE('',#7183,(#7188,#7195),.PCURVE_S1.);
#7183 = CIRCLE('',#7184,62.508694247655);
#7184 = AXIS2_PLACEMENT_3D('',#7185,#7186,#7187);
#7185 = CARTESIAN_POINT('',(0.,0.,105.));
#7186 = DIRECTION('',(0.,0.,1.));
#7187 = DIRECTION('',(1.,0.,-0.));
#7188 = PCURVE('',#4584,#7189);
#7189 = DEFINITIONAL_REPRESENTATION('',(#7190),#7194);
#7190 = LINE('',#7191,#7192);
#7191 = CARTESIAN_POINT('',(0.,104.95637084719));
#7192 = VECTOR('',#7193,1.);
#7193 = DIRECTION('',(1.,0.));
#7194 = ( GEOMETRIC_REPRESENTATION_CONTEXT(2) 
PARAMETRIC_REPRESENTATION_CONTEXT() REPRESENTATION_CONTEXT('2D SPACE',''
  ) );
#7195 = PCURVE('',#7196,#7201);
#7196 = PLANE('',#7197);
#7197 = AXIS2_PLACEMENT_3D('',#7198,#7199,#7200);
#7198 = CARTESIAN_POINT('',(0.,0.,105.));
#7199 = DIRECTION('',(0.,0.,1.));
#7200 = DIRECTION('',(0.866025403784,-0.5,0.));
#7201 = DEFINITIONAL_REPRESENTATION('',(#7202),#7206);
#7202 = CIRCLE('',#7203,62.508694247655);
#7203 = AXIS2_PLACEMENT_2D('',#7204,#7205);
#7204 = CARTESIAN_POINT('',(0.,0.));
#7205 = DIRECTION('',(0.866025403784,0.5));
#7206 = ( GEOMETRIC_REPRESENTATION_CONTEXT(2) 
PARAMETRIC_REPRESENTATION_CONTEXT() REPRESENTATION_CONTEXT('2D SPACE',''
  ) );
#7207 = ORIENTED_EDGE('',*,*,#7208,.F.);
#7208 = EDGE_CURVE('',#7209,#7180,#7211,.T.);
#7209 = VERTEX_POINT('',#7210);
#7210 = CARTESIAN_POINT('',(55.443541951947,-24.68505529211,5.));
#7211 = SURFACE_CURVE('',#7212,(#7218,#7227),.PCURVE_S1.);
#7212 = B_SPLINE_CURVE_WITH_KNOTS('',4,(#7213,#7214,#7215,#7216,#7217),
  .UNSPECIFIED.,.F.,.F.,(5,5),(0.,1.),.PIECEWISE_BEZIER_KNOTS.);
#7213 = CARTESIAN_POINT('',(55.400356166727,-24.66582774173,
    2.40000000303));
#7214 = CARTESIAN_POINT('',(55.847162945088,-24.86475893625,
    29.300000002236));
#7215 = CARTESIAN_POINT('',(56.293969723427,-25.06369013076,
    56.20000000011));
#7216 = CARTESIAN_POINT('',(56.740776501758,-25.26262132526,
    83.099999997474));
#7217 = CARTESIAN_POINT('',(57.187583280119,-25.46155251978,
    109.99999999668));
#7218 = PCURVE('',#4584,#7219);
#7219 = DEFINITIONAL_REPRESENTATION('',(#7220),#7226);
#7220 = B_SPLINE_CURVE_WITH_KNOTS('',4,(#7221,#7222,#7223,#7224,#7225),
  .UNSPECIFIED.,.F.,.F.,(5,5),(0.,1.),.PIECEWISE_BEZIER_KNOTS.);
#7221 = CARTESIAN_POINT('',(5.864306286701,2.356370847198));
#7222 = CARTESIAN_POINT('',(5.864306286701,29.256370846404));
#7223 = CARTESIAN_POINT('',(5.864306286701,56.156370846946));
#7224 = CARTESIAN_POINT('',(5.864306286701,83.056370847991));
#7225 = CARTESIAN_POINT('',(5.864306286701,109.95637084719));
#7226 = ( GEOMETRIC_REPRESENTATION_CONTEXT(2) 
PARAMETRIC_REPRESENTATION_CONTEXT() REPRESENTATION_CONTEXT('2D SPACE',''
  ) );
#7227 = PCURVE('',#7228,#7233);
#7228 = PLANE('',#7229);
#7229 = AXIS2_PLACEMENT_3D('',#7230,#7231,#7232);
#7230 = CARTESIAN_POINT('',(0.,0.,5.));
#7231 = DIRECTION('',(-0.406736643076,-0.913545457643,0.));
#7232 = DIRECTION('',(0.913545457643,-0.406736643076,0.));
#7233 = DEFINITIONAL_REPRESENTATION('',(#7234),#7240);
#7234 = B_SPLINE_CURVE_WITH_KNOTS('',4,(#7235,#7236,#7237,#7238,#7239),
  .UNSPECIFIED.,.F.,.F.,(5,5),(0.,1.),.PIECEWISE_BEZIER_KNOTS.);
#7235 = CARTESIAN_POINT('',(60.643239702256,-2.59999999697));
#7236 = CARTESIAN_POINT('',(61.132330611332,24.300000002236));
#7237 = CARTESIAN_POINT('',(61.621421520385,51.20000000011));
#7238 = CARTESIAN_POINT('',(62.110512429428,78.099999997474));
#7239 = CARTESIAN_POINT('',(62.599603338504,104.99999999668));
#7240 = ( GEOMETRIC_REPRESENTATION_CONTEXT(2) 
PARAMETRIC_REPRESENTATION_CONTEXT() REPRESENTATION_CONTEXT('2D SPACE',''
  ) );
#7241 = ORIENTED_EDGE('',*,*,#7242,.F.);
#7242 = EDGE_CURVE('',#7144,#7209,#7243,.T.);
#7243 = SURFACE_CURVE('',#7244,(#7249,#7256),.PCURVE_S1.);
#7244 = CIRCLE('',#7245,60.690512429473);
#7245 = AXIS2_PLACEMENT_3D('',#7246,#7247,#7248);
#7246 = CARTESIAN_POINT('',(0.,0.,5.));
#7247 = DIRECTION('',(0.,0.,1.));
#7248 = DIRECTION('',(1.,0.,-0.));
#7249 = PCURVE('',#4584,#7250);
#7250 = DEFINITIONAL_REPRESENTATION('',(#7251),#7255);
#7251 = LINE('',#7252,#7253);
#7252 = CARTESIAN_POINT('',(0.,4.956370847198));
#7253 = VECTOR('',#7254,1.);
#7254 = DIRECTION('',(1.,0.));
#7255 = ( GEOMETRIC_REPRESENTATION_CONTEXT(2) 
PARAMETRIC_REPRESENTATION_CONTEXT() REPRESENTATION_CONTEXT('2D SPACE',''
  ) );
#7256 = PCURVE('',#7257,#7262);
#7257 = PLANE('',#7258);
#7258 = AXIS2_PLACEMENT_3D('',#7259,#7260,#7261);
#7259 = CARTESIAN_POINT('',(0.,0.,5.));
#7260 = DIRECTION('',(0.,0.,1.));
#7261 = DIRECTION('',(0.866025403784,-0.5,0.));
#7262 = DEFINITIONAL_REPRESENTATION('',(#7263),#7267);
#7263 = CIRCLE('',#7264,60.690512429473);
#7264 = AXIS2_PLACEMENT_2D('',#7265,#7266);
#7265 = CARTESIAN_POINT('',(0.,0.));
#7266 = DIRECTION('',(0.866025403784,0.5));
#7267 = ( GEOMETRIC_REPRESENTATION_CONTEXT(2) 
PARAMETRIC_REPRESENTATION_CONTEXT() REPRESENTATION_CONTEXT('2D SPACE',''
  ) );
#7268 = FACE_BOUND('',#7269,.F.);
#7269 = EDGE_LOOP('',(#7270,#7306,#7335,#7369));
#7270 = ORIENTED_EDGE('',*,*,#7271,.T.);
#7271 = EDGE_CURVE('',#7272,#7274,#7276,.T.);
#7272 = VERTEX_POINT('',#7273);
#7273 = CARTESIAN_POINT('',(58.622533366346,-15.70786047377,5.));
#7274 = VERTEX_POINT('',#7275);
#7275 = CARTESIAN_POINT('',(60.378762141417,-16.17844055578,105.));
#7276 = SURFACE_CURVE('',#7277,(#7283,#7292),.PCURVE_S1.);
#7277 = B_SPLINE_CURVE_WITH_KNOTS('',4,(#7278,#7279,#7280,#7281,#7282),
  .UNSPECIFIED.,.F.,.F.,(5,5),(0.,1.),.PIECEWISE_BEZIER_KNOTS.);
#7278 = CARTESIAN_POINT('',(58.576871418247,-15.69562539166,
    2.40000000303));
#7279 = CARTESIAN_POINT('',(59.049296958728,-15.82221143371,
    29.300000002236));
#7280 = CARTESIAN_POINT('',(59.521722499184,-15.94879747576,
    56.20000000011));
#7281 = CARTESIAN_POINT('',(59.994148039632,-16.07538351781,
    83.099999997474));
#7282 = CARTESIAN_POINT('',(60.466573580112,-16.20196955986,
    109.99999999668));
#7283 = PCURVE('',#4584,#7284);
#7284 = DEFINITIONAL_REPRESENTATION('',(#7285),#7291);
#7285 = B_SPLINE_CURVE_WITH_KNOTS('',4,(#7286,#7287,#7288,#7289,#7290),
  .UNSPECIFIED.,.F.,.F.,(5,5),(0.,1.),.PIECEWISE_BEZIER_KNOTS.);
#7286 = CARTESIAN_POINT('',(6.02138591938,2.356370847198));
#7287 = CARTESIAN_POINT('',(6.02138591938,29.256370846404));
#7288 = CARTESIAN_POINT('',(6.02138591938,56.156370846946));
#7289 = CARTESIAN_POINT('',(6.02138591938,83.056370847991));
#7290 = CARTESIAN_POINT('',(6.02138591938,109.95637084719));
#7291 = ( GEOMETRIC_REPRESENTATION_CONTEXT(2) 
PARAMETRIC_REPRESENTATION_CONTEXT() REPRESENTATION_CONTEXT('2D SPACE',''
  ) );
#7292 = PCURVE('',#7293,#7298);
#7293 = PLANE('',#7294);
#7294 = AXIS2_PLACEMENT_3D('',#7295,#7296,#7297);
#7295 = CARTESIAN_POINT('',(0.,0.,5.));
#7296 = DIRECTION('',(-0.258819045103,-0.965925826289,0.));
#7297 = DIRECTION('',(0.965925826289,-0.258819045103,0.));
#7298 = DEFINITIONAL_REPRESENTATION('',(#7299),#7305);
#7299 = B_SPLINE_CURVE_WITH_KNOTS('',4,(#7300,#7301,#7302,#7303,#7304),
  .UNSPECIFIED.,.F.,.F.,(5,5),(0.,1.),.PIECEWISE_BEZIER_KNOTS.);
#7300 = CARTESIAN_POINT('',(60.643239702256,-2.59999999697));
#7301 = CARTESIAN_POINT('',(61.132330611332,24.300000002236));
#7302 = CARTESIAN_POINT('',(61.621421520385,51.20000000011));
#7303 = CARTESIAN_POINT('',(62.110512429428,78.099999997474));
#7304 = CARTESIAN_POINT('',(62.599603338504,104.99999999668));
#7305 = ( GEOMETRIC_REPRESENTATION_CONTEXT(2) 
PARAMETRIC_REPRESENTATION_CONTEXT() REPRESENTATION_CONTEXT('2D SPACE',''
  ) );
#7306 = ORIENTED_EDGE('',*,*,#7307,.T.);
#7307 = EDGE_CURVE('',#7274,#7308,#7310,.T.);
#7308 = VERTEX_POINT('',#7309);
#7309 = CARTESIAN_POINT('',(61.739108494235,-9.778514144995,105.));
#7310 = SURFACE_CURVE('',#7311,(#7316,#7323),.PCURVE_S1.);
#7311 = CIRCLE('',#7312,62.508694247655);
#7312 = AXIS2_PLACEMENT_3D('',#7313,#7314,#7315);
#7313 = CARTESIAN_POINT('',(0.,0.,105.));
#7314 = DIRECTION('',(0.,0.,1.));
#7315 = DIRECTION('',(1.,0.,-0.));
#7316 = PCURVE('',#4584,#7317);
#7317 = DEFINITIONAL_REPRESENTATION('',(#7318),#7322);
#7318 = LINE('',#7319,#7320);
#7319 = CARTESIAN_POINT('',(0.,104.95637084719));
#7320 = VECTOR('',#7321,1.);
#7321 = DIRECTION('',(1.,0.));
#7322 = ( GEOMETRIC_REPRESENTATION_CONTEXT(2) 
PARAMETRIC_REPRESENTATION_CONTEXT() REPRESENTATION_CONTEXT('2D SPACE',''
  ) );
#7323 = PCURVE('',#7324,#7329);
#7324 = PLANE('',#7325);
#7325 = AXIS2_PLACEMENT_3D('',#7326,#7327,#7328);
#7326 = CARTESIAN_POINT('',(0.,0.,105.));
#7327 = DIRECTION('',(0.,0.,1.));
#7328 = DIRECTION('',(0.965925826289,-0.258819045103,0.));
#7329 = DEFINITIONAL_REPRESENTATION('',(#7330),#7334);
#7330 = CIRCLE('',#7331,62.508694247655);
#7331 = AXIS2_PLACEMENT_2D('',#7332,#7333);
#7332 = CARTESIAN_POINT('',(0.,0.));
#7333 = DIRECTION('',(0.965925826289,0.258819045103));
#7334 = ( GEOMETRIC_REPRESENTATION_CONTEXT(2) 
PARAMETRIC_REPRESENTATION_CONTEXT() REPRESENTATION_CONTEXT('2D SPACE',''
  ) );
#7335 = ORIENTED_EDGE('',*,*,#7336,.F.);
#7336 = EDGE_CURVE('',#7337,#7308,#7339,.T.);
#7337 = VERTEX_POINT('',#7338);
#7338 = CARTESIAN_POINT('',(59.943311511335,-9.494087844922,5.));
#7339 = SURFACE_CURVE('',#7340,(#7346,#7355),.PCURVE_S1.);
#7340 = B_SPLINE_CURVE_WITH_KNOTS('',4,(#7341,#7342,#7343,#7344,#7345),
  .UNSPECIFIED.,.F.,.F.,(5,5),(0.,1.),.PIECEWISE_BEZIER_KNOTS.);
#7341 = CARTESIAN_POINT('',(59.896620789834,-9.486692761129,
    2.40000000303));
#7342 = CARTESIAN_POINT('',(60.37969017822,-9.563203435846,
    29.300000002236));
#7343 = CARTESIAN_POINT('',(60.862759566582,-9.63971411056,
    56.20000000011));
#7344 = CARTESIAN_POINT('',(61.345828954935,-9.716224785272,
    83.099999997474));
#7345 = CARTESIAN_POINT('',(61.828898343321,-9.79273545999,
    109.99999999668));
#7346 = PCURVE('',#4584,#7347);
#7347 = DEFINITIONAL_REPRESENTATION('',(#7348),#7354);
#7348 = B_SPLINE_CURVE_WITH_KNOTS('',4,(#7349,#7350,#7351,#7352,#7353),
  .UNSPECIFIED.,.F.,.F.,(5,5),(0.,1.),.PIECEWISE_BEZIER_KNOTS.);
#7349 = CARTESIAN_POINT('',(6.1261056745,2.356370847198));
#7350 = CARTESIAN_POINT('',(6.1261056745,29.256370846404));
#7351 = CARTESIAN_POINT('',(6.1261056745,56.156370846946));
#7352 = CARTESIAN_POINT('',(6.1261056745,83.056370847991));
#7353 = CARTESIAN_POINT('',(6.1261056745,109.95637084719));
#7354 = ( GEOMETRIC_REPRESENTATION_CONTEXT(2) 
PARAMETRIC_REPRESENTATION_CONTEXT() REPRESENTATION_CONTEXT('2D SPACE',''
  ) );
#7355 = PCURVE('',#7356,#7361);
#7356 = PLANE('',#7357);
#7357 = AXIS2_PLACEMENT_3D('',#7358,#7359,#7360);
#7358 = CARTESIAN_POINT('',(0.,0.,5.));
#7359 = DIRECTION('',(-0.15643446504,-0.987688340595,0.));
#7360 = DIRECTION('',(0.987688340595,-0.15643446504,0.));
#7361 = DEFINITIONAL_REPRESENTATION('',(#7362),#7368);
#7362 = B_SPLINE_CURVE_WITH_KNOTS('',4,(#7363,#7364,#7365,#7366,#7367),
  .UNSPECIFIED.,.F.,.F.,(5,5),(0.,1.),.PIECEWISE_BEZIER_KNOTS.);
#7363 = CARTESIAN_POINT('',(60.643239702256,-2.59999999697));
#7364 = CARTESIAN_POINT('',(61.132330611332,24.300000002236));
#7365 = CARTESIAN_POINT('',(61.621421520385,51.20000000011));
#7366 = CARTESIAN_POINT('',(62.110512429428,78.099999997474));
#7367 = CARTESIAN_POINT('',(62.599603338504,104.99999999668));
#7368 = ( GEOMETRIC_REPRESENTATION_CONTEXT(2) 
PARAMETRIC_REPRESENTATION_CONTEXT() REPRESENTATION_CONTEXT('2D SPACE',''
  ) );
#7369 = ORIENTED_EDGE('',*,*,#7370,.F.);
#7370 = EDGE_CURVE('',#7272,#7337,#7371,.T.);
#7371 = SURFACE_CURVE('',#7372,(#7377,#7384),.PCURVE_S1.);
#7372 = CIRCLE('',#7373,60.690512429473);
#7373 = AXIS2_PLACEMENT_3D('',#7374,#7375,#7376);
#7374 = CARTESIAN_POINT('',(0.,0.,5.));
#7375 = DIRECTION('',(0.,0.,1.));
#7376 = DIRECTION('',(1.,0.,-0.));
#7377 = PCURVE('',#4584,#7378);
#7378 = DEFINITIONAL_REPRESENTATION('',(#7379),#7383);
#7379 = LINE('',#7380,#7381);
#7380 = CARTESIAN_POINT('',(0.,4.956370847198));
#7381 = VECTOR('',#7382,1.);
#7382 = DIRECTION('',(1.,0.));
#7383 = ( GEOMETRIC_REPRESENTATION_CONTEXT(2) 
PARAMETRIC_REPRESENTATION_CONTEXT() REPRESENTATION_CONTEXT('2D SPACE',''
  ) );
#7384 = PCURVE('',#7385,#7390);
#7385 = PLANE('',#7386);
#7386 = AXIS2_PLACEMENT_3D('',#7387,#7388,#7389);
#7387 = CARTESIAN_POINT('',(0.,0.,5.));
#7388 = DIRECTION('',(0.,0.,1.));
#7389 = DIRECTION('',(0.965925826289,-0.258819045103,0.));
#7390 = DEFINITIONAL_REPRESENTATION('',(#7391),#7395);
#7391 = CIRCLE('',#7392,60.690512429473);
#7392 = AXIS2_PLACEMENT_2D('',#7393,#7394);
#7393 = CARTESIAN_POINT('',(0.,0.));
#7394 = DIRECTION('',(0.965925826289,0.258819045103));
#7395 = ( GEOMETRIC_REPRESENTATION_CONTEXT(2) 
PARAMETRIC_REPRESENTATION_CONTEXT() REPRESENTATION_CONTEXT('2D SPACE',''
  ) );
#7396 = FACE_BOUND('',#7397,.F.);
#7397 = EDGE_LOOP('',(#7398,#7434,#7463,#7497));
#7398 = ORIENTED_EDGE('',*,*,#7399,.T.);
#7399 = EDGE_CURVE('',#7400,#7402,#7404,.T.);
#7400 = VERTEX_POINT('',#7401);
#7401 = CARTESIAN_POINT('',(6.73800042755E-15,60.690512429473,5.));
#7402 = VERTEX_POINT('',#7403);
#7403 = CARTESIAN_POINT('',(6.9398591593E-15,62.508694247655,105.));
#7404 = SURFACE_CURVE('',#7405,(#7411,#7420),.PCURVE_S1.);
#7405 = B_SPLINE_CURVE_WITH_KNOTS('',4,(#7406,#7407,#7408,#7409,#7410),
  .UNSPECIFIED.,.F.,.F.,(5,5),(0.,1.),.PIECEWISE_BEZIER_KNOTS.);
#7406 = CARTESIAN_POINT('',(6.732752100531E-15,60.643239702256,
    2.40000000303));
#7407 = CARTESIAN_POINT('',(6.78705209937E-15,61.132330611332,
    29.300000002236));
#7408 = CARTESIAN_POINT('',(6.841352098206E-15,61.621421520385,
    56.20000000011));
#7409 = CARTESIAN_POINT('',(6.895652097042E-15,62.110512429428,
    83.099999997474));
#7410 = CARTESIAN_POINT('',(6.949952095881E-15,62.599603338504,
    109.99999999668));
#7411 = PCURVE('',#4584,#7412);
#7412 = DEFINITIONAL_REPRESENTATION('',(#7413),#7419);
#7413 = B_SPLINE_CURVE_WITH_KNOTS('',4,(#7414,#7415,#7416,#7417,#7418),
  .UNSPECIFIED.,.F.,.F.,(5,5),(0.,1.),.PIECEWISE_BEZIER_KNOTS.);
#7414 = CARTESIAN_POINT('',(1.570796326795,2.356370847198));
#7415 = CARTESIAN_POINT('',(1.570796326795,29.256370846404));
#7416 = CARTESIAN_POINT('',(1.570796326795,56.156370846946));
#7417 = CARTESIAN_POINT('',(1.570796326795,83.056370847991));
#7418 = CARTESIAN_POINT('',(1.570796326795,109.95637084719));
#7419 = ( GEOMETRIC_REPRESENTATION_CONTEXT(2) 
PARAMETRIC_REPRESENTATION_CONTEXT() REPRESENTATION_CONTEXT('2D SPACE',''
  ) );
#7420 = PCURVE('',#7421,#7426);
#7421 = PLANE('',#7422);
#7422 = AXIS2_PLACEMENT_3D('',#7423,#7424,#7425);
#7423 = CARTESIAN_POINT('',(0.,0.,5.));
#7424 = DIRECTION('',(1.,-1.110223024625E-16,0.));
#7425 = DIRECTION('',(1.110223024625E-16,1.,0.));
#7426 = DEFINITIONAL_REPRESENTATION('',(#7427),#7433);
#7427 = B_SPLINE_CURVE_WITH_KNOTS('',4,(#7428,#7429,#7430,#7431,#7432),
  .UNSPECIFIED.,.F.,.F.,(5,5),(0.,1.),.PIECEWISE_BEZIER_KNOTS.);
#7428 = CARTESIAN_POINT('',(60.643239702256,-2.59999999697));
#7429 = CARTESIAN_POINT('',(61.132330611332,24.300000002236));
#7430 = CARTESIAN_POINT('',(61.621421520385,51.20000000011));
#7431 = CARTESIAN_POINT('',(62.110512429428,78.099999997474));
#7432 = CARTESIAN_POINT('',(62.599603338504,104.99999999668));
#7433 = ( GEOMETRIC_REPRESENTATION_CONTEXT(2) 
PARAMETRIC_REPRESENTATION_CONTEXT() REPRESENTATION_CONTEXT('2D SPACE',''
  ) );
#7434 = ORIENTED_EDGE('',*,*,#7435,.T.);
#7435 = EDGE_CURVE('',#7402,#7436,#7438,.T.);
#7436 = VERTEX_POINT('',#7437);
#7437 = CARTESIAN_POINT('',(-6.533937750575,62.166265080174,105.));
#7438 = SURFACE_CURVE('',#7439,(#7444,#7451),.PCURVE_S1.);
#7439 = CIRCLE('',#7440,62.508694247655);
#7440 = AXIS2_PLACEMENT_3D('',#7441,#7442,#7443);
#7441 = CARTESIAN_POINT('',(0.,0.,105.));
#7442 = DIRECTION('',(0.,0.,1.));
#7443 = DIRECTION('',(1.,0.,-0.));
#7444 = PCURVE('',#4584,#7445);
#7445 = DEFINITIONAL_REPRESENTATION('',(#7446),#7450);
#7446 = LINE('',#7447,#7448);
#7447 = CARTESIAN_POINT('',(0.,104.95637084719));
#7448 = VECTOR('',#7449,1.);
#7449 = DIRECTION('',(1.,0.));
#7450 = ( GEOMETRIC_REPRESENTATION_CONTEXT(2) 
PARAMETRIC_REPRESENTATION_CONTEXT() REPRESENTATION_CONTEXT('2D SPACE',''
  ) );
#7451 = PCURVE('',#7452,#7457);
#7452 = PLANE('',#7453);
#7453 = AXIS2_PLACEMENT_3D('',#7454,#7455,#7456);
#7454 = CARTESIAN_POINT('',(0.,0.,105.));
#7455 = DIRECTION('',(0.,0.,1.));
#7456 = DIRECTION('',(1.110223024625E-16,1.,0.));
#7457 = DEFINITIONAL_REPRESENTATION('',(#7458),#7462);
#7458 = CIRCLE('',#7459,62.508694247655);
#7459 = AXIS2_PLACEMENT_2D('',#7460,#7461);
#7460 = CARTESIAN_POINT('',(0.,0.));
#7461 = DIRECTION('',(1.110223024625E-16,-1.));
#7462 = ( GEOMETRIC_REPRESENTATION_CONTEXT(2) 
PARAMETRIC_REPRESENTATION_CONTEXT() REPRESENTATION_CONTEXT('2D SPACE',''
  ) );
#7463 = ORIENTED_EDGE('',*,*,#7464,.F.);
#7464 = EDGE_CURVE('',#7465,#7436,#7467,.T.);
#7465 = VERTEX_POINT('',#7466);
#7466 = CARTESIAN_POINT('',(-6.343885999179,60.358043452232,5.));
#7467 = SURFACE_CURVE('',#7468,(#7474,#7483),.PCURVE_S1.);
#7468 = B_SPLINE_CURVE_WITH_KNOTS('',4,(#7469,#7470,#7471,#7472,#7473),
  .UNSPECIFIED.,.F.,.F.,(5,5),(0.,1.),.PIECEWISE_BEZIER_KNOTS.);
#7469 = CARTESIAN_POINT('',(-6.338944653649,60.31102968996,2.40000000303
    ));
#7470 = CARTESIAN_POINT('',(-6.390068574773,60.797441307862,
    29.300000002237));
#7471 = CARTESIAN_POINT('',(-6.441192495894,61.28385292574,56.2000000001
    ));
#7472 = CARTESIAN_POINT('',(-6.492316417015,61.770264543609,
    83.099999997475));
#7473 = CARTESIAN_POINT('',(-6.543440338138,62.256676161511,
    109.99999999668));
#7474 = PCURVE('',#4584,#7475);
#7475 = DEFINITIONAL_REPRESENTATION('',(#7476),#7482);
#7476 = B_SPLINE_CURVE_WITH_KNOTS('',4,(#7477,#7478,#7479,#7480,#7481),
  .UNSPECIFIED.,.F.,.F.,(5,5),(0.,1.),.PIECEWISE_BEZIER_KNOTS.);
#7477 = CARTESIAN_POINT('',(1.675516081915,2.356370847198));
#7478 = CARTESIAN_POINT('',(1.675516081915,29.256370846405));
#7479 = CARTESIAN_POINT('',(1.675516081915,56.156370846954));
#7480 = CARTESIAN_POINT('',(1.675516081915,83.056370847991));
#7481 = CARTESIAN_POINT('',(1.675516081915,109.95637084719));
#7482 = ( GEOMETRIC_REPRESENTATION_CONTEXT(2) 
PARAMETRIC_REPRESENTATION_CONTEXT() REPRESENTATION_CONTEXT('2D SPACE',''
  ) );
#7483 = PCURVE('',#7484,#7489);
#7484 = PLANE('',#7485);
#7485 = AXIS2_PLACEMENT_3D('',#7486,#7487,#7488);
#7486 = CARTESIAN_POINT('',(0.,0.,5.));
#7487 = DIRECTION('',(0.994521895368,0.104528463268,0.));
#7488 = DIRECTION('',(-0.104528463268,0.994521895368,0.));
#7489 = DEFINITIONAL_REPRESENTATION('',(#7490),#7496);
#7490 = B_SPLINE_CURVE_WITH_KNOTS('',4,(#7491,#7492,#7493,#7494,#7495),
  .UNSPECIFIED.,.F.,.F.,(5,5),(0.,1.),.PIECEWISE_BEZIER_KNOTS.);
#7491 = CARTESIAN_POINT('',(60.643239702256,-2.59999999697));
#7492 = CARTESIAN_POINT('',(61.132330611332,24.300000002237));
#7493 = CARTESIAN_POINT('',(61.621421520384,51.2000000001));
#7494 = CARTESIAN_POINT('',(62.110512429428,78.099999997475));
#7495 = CARTESIAN_POINT('',(62.599603338504,104.99999999668));
#7496 = ( GEOMETRIC_REPRESENTATION_CONTEXT(2) 
PARAMETRIC_REPRESENTATION_CONTEXT() REPRESENTATION_CONTEXT('2D SPACE',''
  ) );
#7497 = ORIENTED_EDGE('',*,*,#7498,.F.);
#7498 = EDGE_CURVE('',#7400,#7465,#7499,.T.);
#7499 = SURFACE_CURVE('',#7500,(#7505,#7512),.PCURVE_S1.);
#7500 = CIRCLE('',#7501,60.690512429473);
#7501 = AXIS2_PLACEMENT_3D('',#7502,#7503,#7504);
#7502 = CARTESIAN_POINT('',(0.,0.,5.));
#7503 = DIRECTION('',(0.,0.,1.));
#7504 = DIRECTION('',(1.,0.,-0.));
#7505 = PCURVE('',#4584,#7506);
#7506 = DEFINITIONAL_REPRESENTATION('',(#7507),#7511);
#7507 = LINE('',#7508,#7509);
#7508 = CARTESIAN_POINT('',(0.,4.956370847198));
#7509 = VECTOR('',#7510,1.);
#7510 = DIRECTION('',(1.,0.));
#7511 = ( GEOMETRIC_REPRESENTATION_CONTEXT(2) 
PARAMETRIC_REPRESENTATION_CONTEXT() REPRESENTATION_CONTEXT('2D SPACE',''
  ) );
#7512 = PCURVE('',#7513,#7518);
#7513 = PLANE('',#7514);
#7514 = AXIS2_PLACEMENT_3D('',#7515,#7516,#7517);
#7515 = CARTESIAN_POINT('',(0.,0.,5.));
#7516 = DIRECTION('',(0.,0.,1.));
#7517 = DIRECTION('',(1.110223024625E-16,1.,0.));
#7518 = DEFINITIONAL_REPRESENTATION('',(#7519),#7523);
#7519 = CIRCLE('',#7520,60.690512429473);
#7520 = AXIS2_PLACEMENT_2D('',#7521,#7522);
#7521 = CARTESIAN_POINT('',(0.,0.));
#7522 = DIRECTION('',(1.110223024625E-16,-1.));
#7523 = ( GEOMETRIC_REPRESENTATION_CONTEXT(2) 
PARAMETRIC_REPRESENTATION_CONTEXT() REPRESENTATION_CONTEXT('2D SPACE',''
  ) );
#7524 = FACE_BOUND('',#7525,.F.);
#7525 = EDGE_LOOP('',(#7526,#7562,#7591,#7625));
#7526 = ORIENTED_EDGE('',*,*,#7527,.T.);
#7527 = EDGE_CURVE('',#7528,#7530,#7532,.T.);
#7528 = VERTEX_POINT('',#7529);
#7529 = CARTESIAN_POINT('',(-60.69051242947,7.432444178537E-15,5.));
#7530 = VERTEX_POINT('',#7531);
#7531 = CARTESIAN_POINT('',(-62.50869424765,7.655107232927E-15,105.));
#7532 = SURFACE_CURVE('',#7533,(#7539,#7548),.PCURVE_S1.);
#7533 = B_SPLINE_CURVE_WITH_KNOTS('',4,(#7534,#7535,#7536,#7537,#7538),
  .UNSPECIFIED.,.F.,.F.,(5,5),(0.,1.),.PIECEWISE_BEZIER_KNOTS.);
#7534 = CARTESIAN_POINT('',(-60.64323970225,7.426654939129E-15,
    2.40000000303));
#7535 = CARTESIAN_POINT('',(-61.13233061133,7.486551300759E-15,
    29.300000002236));
#7536 = CARTESIAN_POINT('',(-61.62142152038,7.546447662385E-15,
    56.20000000011));
#7537 = CARTESIAN_POINT('',(-62.11051242942,7.60634402401E-15,
    83.099999997474));
#7538 = CARTESIAN_POINT('',(-62.5996033385,7.666240385639E-15,
    109.99999999668));
#7539 = PCURVE('',#4584,#7540);
#7540 = DEFINITIONAL_REPRESENTATION('',(#7541),#7547);
#7541 = B_SPLINE_CURVE_WITH_KNOTS('',4,(#7542,#7543,#7544,#7545,#7546),
  .UNSPECIFIED.,.F.,.F.,(5,5),(0.,1.),.PIECEWISE_BEZIER_KNOTS.);
#7542 = CARTESIAN_POINT('',(3.14159265359,2.356370847198));
#7543 = CARTESIAN_POINT('',(3.14159265359,29.256370846404));
#7544 = CARTESIAN_POINT('',(3.14159265359,56.156370846946));
#7545 = CARTESIAN_POINT('',(3.14159265359,83.056370847991));
#7546 = CARTESIAN_POINT('',(3.14159265359,109.95637084719));
#7547 = ( GEOMETRIC_REPRESENTATION_CONTEXT(2) 
PARAMETRIC_REPRESENTATION_CONTEXT() REPRESENTATION_CONTEXT('2D SPACE',''
  ) );
#7548 = PCURVE('',#7549,#7554);
#7549 = PLANE('',#7550);
#7550 = AXIS2_PLACEMENT_3D('',#7551,#7552,#7553);
#7551 = CARTESIAN_POINT('',(0.,0.,5.));
#7552 = DIRECTION('',(1.224646799147E-16,1.,0.));
#7553 = DIRECTION('',(-1.,1.224646799147E-16,0.));
#7554 = DEFINITIONAL_REPRESENTATION('',(#7555),#7561);
#7555 = B_SPLINE_CURVE_WITH_KNOTS('',4,(#7556,#7557,#7558,#7559,#7560),
  .UNSPECIFIED.,.F.,.F.,(5,5),(0.,1.),.PIECEWISE_BEZIER_KNOTS.);
#7556 = CARTESIAN_POINT('',(60.643239702256,-2.59999999697));
#7557 = CARTESIAN_POINT('',(61.132330611332,24.300000002236));
#7558 = CARTESIAN_POINT('',(61.621421520385,51.20000000011));
#7559 = CARTESIAN_POINT('',(62.110512429428,78.099999997474));
#7560 = CARTESIAN_POINT('',(62.599603338504,104.99999999668));
#7561 = ( GEOMETRIC_REPRESENTATION_CONTEXT(2) 
PARAMETRIC_REPRESENTATION_CONTEXT() REPRESENTATION_CONTEXT('2D SPACE',''
  ) );
#7562 = ORIENTED_EDGE('',*,*,#7563,.T.);
#7563 = EDGE_CURVE('',#7530,#7564,#7566,.T.);
#7564 = VERTEX_POINT('',#7565);
#7565 = CARTESIAN_POINT('',(-62.16626508017,-6.533937750575,105.));
#7566 = SURFACE_CURVE('',#7567,(#7572,#7579),.PCURVE_S1.);
#7567 = CIRCLE('',#7568,62.508694247655);
#7568 = AXIS2_PLACEMENT_3D('',#7569,#7570,#7571);
#7569 = CARTESIAN_POINT('',(0.,0.,105.));
#7570 = DIRECTION('',(0.,0.,1.));
#7571 = DIRECTION('',(1.,0.,-0.));
#7572 = PCURVE('',#4584,#7573);
#7573 = DEFINITIONAL_REPRESENTATION('',(#7574),#7578);
#7574 = LINE('',#7575,#7576);
#7575 = CARTESIAN_POINT('',(0.,104.95637084719));
#7576 = VECTOR('',#7577,1.);
#7577 = DIRECTION('',(1.,0.));
#7578 = ( GEOMETRIC_REPRESENTATION_CONTEXT(2) 
PARAMETRIC_REPRESENTATION_CONTEXT() REPRESENTATION_CONTEXT('2D SPACE',''
  ) );
#7579 = PCURVE('',#7580,#7585);
#7580 = PLANE('',#7581);
#7581 = AXIS2_PLACEMENT_3D('',#7582,#7583,#7584);
#7582 = CARTESIAN_POINT('',(0.,0.,105.));
#7583 = DIRECTION('',(0.,0.,1.));
#7584 = DIRECTION('',(-1.,1.224646799147E-16,0.));
#7585 = DEFINITIONAL_REPRESENTATION('',(#7586),#7590);
#7586 = CIRCLE('',#7587,62.508694247655);
#7587 = AXIS2_PLACEMENT_2D('',#7588,#7589);
#7588 = CARTESIAN_POINT('',(0.,0.));
#7589 = DIRECTION('',(-1.,-1.224646799147E-16));
#7590 = ( GEOMETRIC_REPRESENTATION_CONTEXT(2) 
PARAMETRIC_REPRESENTATION_CONTEXT() REPRESENTATION_CONTEXT('2D SPACE',''
  ) );
#7591 = ORIENTED_EDGE('',*,*,#7592,.F.);
#7592 = EDGE_CURVE('',#7593,#7564,#7595,.T.);
#7593 = VERTEX_POINT('',#7594);
#7594 = CARTESIAN_POINT('',(-60.35804345223,-6.343885999179,5.));
#7595 = SURFACE_CURVE('',#7596,(#7602,#7611),.PCURVE_S1.);
#7596 = B_SPLINE_CURVE_WITH_KNOTS('',4,(#7597,#7598,#7599,#7600,#7601),
  .UNSPECIFIED.,.F.,.F.,(5,5),(0.,1.),.PIECEWISE_BEZIER_KNOTS.);
#7597 = CARTESIAN_POINT('',(-60.31102968996,-6.338944653649,
    2.40000000303));
#7598 = CARTESIAN_POINT('',(-60.79744130786,-6.390068574773,
    29.300000002236));
#7599 = CARTESIAN_POINT('',(-61.28385292574,-6.441192495894,
    56.2000000001));
#7600 = CARTESIAN_POINT('',(-61.7702645436,-6.492316417015,
    83.099999997475));
#7601 = CARTESIAN_POINT('',(-62.25667616151,-6.543440338138,
    109.99999999668));
#7602 = PCURVE('',#4584,#7603);
#7603 = DEFINITIONAL_REPRESENTATION('',(#7604),#7610);
#7604 = B_SPLINE_CURVE_WITH_KNOTS('',4,(#7605,#7606,#7607,#7608,#7609),
  .UNSPECIFIED.,.F.,.F.,(5,5),(0.,1.),.PIECEWISE_BEZIER_KNOTS.);
#7605 = CARTESIAN_POINT('',(3.246312408709,2.356370847198));
#7606 = CARTESIAN_POINT('',(3.246312408709,29.256370846404));
#7607 = CARTESIAN_POINT('',(3.246312408709,56.156370846954));
#7608 = CARTESIAN_POINT('',(3.246312408709,83.056370847991));
#7609 = CARTESIAN_POINT('',(3.246312408709,109.95637084719));
#7610 = ( GEOMETRIC_REPRESENTATION_CONTEXT(2) 
PARAMETRIC_REPRESENTATION_CONTEXT() REPRESENTATION_CONTEXT('2D SPACE',''
  ) );
#7611 = PCURVE('',#7612,#7617);
#7612 = PLANE('',#7613);
#7613 = AXIS2_PLACEMENT_3D('',#7614,#7615,#7616);
#7614 = CARTESIAN_POINT('',(0.,0.,5.));
#7615 = DIRECTION('',(-0.104528463268,0.994521895368,0.));
#7616 = DIRECTION('',(-0.994521895368,-0.104528463268,0.));
#7617 = DEFINITIONAL_REPRESENTATION('',(#7618),#7624);
#7618 = B_SPLINE_CURVE_WITH_KNOTS('',4,(#7619,#7620,#7621,#7622,#7623),
  .UNSPECIFIED.,.F.,.F.,(5,5),(0.,1.),.PIECEWISE_BEZIER_KNOTS.);
#7619 = CARTESIAN_POINT('',(60.643239702256,-2.59999999697));
#7620 = CARTESIAN_POINT('',(61.132330611332,24.300000002236));
#7621 = CARTESIAN_POINT('',(61.621421520384,51.2000000001));
#7622 = CARTESIAN_POINT('',(62.110512429428,78.099999997475));
#7623 = CARTESIAN_POINT('',(62.599603338504,104.99999999668));
#7624 = ( GEOMETRIC_REPRESENTATION_CONTEXT(2) 
PARAMETRIC_REPRESENTATION_CONTEXT() REPRESENTATION_CONTEXT('2D SPACE',''
  ) );
#7625 = ORIENTED_EDGE('',*,*,#7626,.F.);
#7626 = EDGE_CURVE('',#7528,#7593,#7627,.T.);
#7627 = SURFACE_CURVE('',#7628,(#7633,#7640),.PCURVE_S1.);
#7628 = CIRCLE('',#7629,60.690512429473);
#7629 = AXIS2_PLACEMENT_3D('',#7630,#7631,#7632);
#7630 = CARTESIAN_POINT('',(0.,0.,5.));
#7631 = DIRECTION('',(0.,0.,1.));
#7632 = DIRECTION('',(1.,0.,-0.));
#7633 = PCURVE('',#4584,#7634);
#7634 = DEFINITIONAL_REPRESENTATION('',(#7635),#7639);
#7635 = LINE('',#7636,#7637);
#7636 = CARTESIAN_POINT('',(0.,4.956370847198));
#7637 = VECTOR('',#7638,1.);
#7638 = DIRECTION('',(1.,0.));
#7639 = ( GEOMETRIC_REPRESENTATION_CONTEXT(2) 
PARAMETRIC_REPRESENTATION_CONTEXT() REPRESENTATION_CONTEXT('2D SPACE',''
  ) );
#7640 = PCURVE('',#7641,#7646);
#7641 = PLANE('',#7642);
#7642 = AXIS2_PLACEMENT_3D('',#7643,#7644,#7645);
#7643 = CARTESIAN_POINT('',(0.,0.,5.));
#7644 = DIRECTION('',(0.,0.,1.));
#7645 = DIRECTION('',(-1.,1.224646799147E-16,0.));
#7646 = DEFINITIONAL_REPRESENTATION('',(#7647),#7651);
#7647 = CIRCLE('',#7648,60.690512429473);
#7648 = AXIS2_PLACEMENT_2D('',#7649,#7650);
#7649 = CARTESIAN_POINT('',(0.,0.));
#7650 = DIRECTION('',(-1.,-1.224646799147E-16));
#7651 = ( GEOMETRIC_REPRESENTATION_CONTEXT(2) 
PARAMETRIC_REPRESENTATION_CONTEXT() REPRESENTATION_CONTEXT('2D SPACE',''
  ) );
#7652 = FACE_BOUND('',#7653,.F.);
#7653 = EDGE_LOOP('',(#7654,#7690,#7719,#7753));
#7654 = ORIENTED_EDGE('',*,*,#7655,.T.);
#7655 = EDGE_CURVE('',#7656,#7658,#7660,.T.);
#7656 = VERTEX_POINT('',#7657);
#7657 = CARTESIAN_POINT('',(-1.34760008551E-14,-60.69051242947,5.));
#7658 = VERTEX_POINT('',#7659);
#7659 = CARTESIAN_POINT('',(-1.38797183186E-14,-62.50869424765,105.));
#7660 = SURFACE_CURVE('',#7661,(#7667,#7676),.PCURVE_S1.);
#7661 = B_SPLINE_CURVE_WITH_KNOTS('',4,(#7662,#7663,#7664,#7665,#7666),
  .UNSPECIFIED.,.F.,.F.,(5,5),(0.,1.),.PIECEWISE_BEZIER_KNOTS.);
#7662 = CARTESIAN_POINT('',(-1.346550420106E-14,-60.64323970225,
    2.40000000303));
#7663 = CARTESIAN_POINT('',(-1.357410419874E-14,-61.13233061133,
    29.300000002236));
#7664 = CARTESIAN_POINT('',(-1.368270419641E-14,-61.62142152038,
    56.20000000011));
#7665 = CARTESIAN_POINT('',(-1.379130419408E-14,-62.11051242942,
    83.099999997474));
#7666 = CARTESIAN_POINT('',(-1.389990419176E-14,-62.5996033385,
    109.99999999668));
#7667 = PCURVE('',#4584,#7668);
#7668 = DEFINITIONAL_REPRESENTATION('',(#7669),#7675);
#7669 = B_SPLINE_CURVE_WITH_KNOTS('',4,(#7670,#7671,#7672,#7673,#7674),
  .UNSPECIFIED.,.F.,.F.,(5,5),(0.,1.),.PIECEWISE_BEZIER_KNOTS.);
#7670 = CARTESIAN_POINT('',(4.712388980385,2.356370847198));
#7671 = CARTESIAN_POINT('',(4.712388980385,29.256370846404));
#7672 = CARTESIAN_POINT('',(4.712388980385,56.156370846946));
#7673 = CARTESIAN_POINT('',(4.712388980385,83.056370847991));
#7674 = CARTESIAN_POINT('',(4.712388980385,109.95637084719));
#7675 = ( GEOMETRIC_REPRESENTATION_CONTEXT(2) 
PARAMETRIC_REPRESENTATION_CONTEXT() REPRESENTATION_CONTEXT('2D SPACE',''
  ) );
#7676 = PCURVE('',#7677,#7682);
#7677 = PLANE('',#7678);
#7678 = AXIS2_PLACEMENT_3D('',#7679,#7680,#7681);
#7679 = CARTESIAN_POINT('',(0.,0.,5.));
#7680 = DIRECTION('',(-1.,2.22044604925E-16,0.));
#7681 = DIRECTION('',(-2.22044604925E-16,-1.,0.));
#7682 = DEFINITIONAL_REPRESENTATION('',(#7683),#7689);
#7683 = B_SPLINE_CURVE_WITH_KNOTS('',4,(#7684,#7685,#7686,#7687,#7688),
  .UNSPECIFIED.,.F.,.F.,(5,5),(0.,1.),.PIECEWISE_BEZIER_KNOTS.);
#7684 = CARTESIAN_POINT('',(60.643239702256,-2.59999999697));
#7685 = CARTESIAN_POINT('',(61.132330611332,24.300000002236));
#7686 = CARTESIAN_POINT('',(61.621421520385,51.20000000011));
#7687 = CARTESIAN_POINT('',(62.110512429428,78.099999997474));
#7688 = CARTESIAN_POINT('',(62.599603338504,104.99999999668));
#7689 = ( GEOMETRIC_REPRESENTATION_CONTEXT(2) 
PARAMETRIC_REPRESENTATION_CONTEXT() REPRESENTATION_CONTEXT('2D SPACE',''
  ) );
#7690 = ORIENTED_EDGE('',*,*,#7691,.T.);
#7691 = EDGE_CURVE('',#7658,#7692,#7694,.T.);
#7692 = VERTEX_POINT('',#7693);
#7693 = CARTESIAN_POINT('',(6.533937750575,-62.16626508017,105.));
#7694 = SURFACE_CURVE('',#7695,(#7700,#7707),.PCURVE_S1.);
#7695 = CIRCLE('',#7696,62.508694247655);
#7696 = AXIS2_PLACEMENT_3D('',#7697,#7698,#7699);
#7697 = CARTESIAN_POINT('',(0.,0.,105.));
#7698 = DIRECTION('',(0.,0.,1.));
#7699 = DIRECTION('',(1.,0.,-0.));
#7700 = PCURVE('',#4584,#7701);
#7701 = DEFINITIONAL_REPRESENTATION('',(#7702),#7706);
#7702 = LINE('',#7703,#7704);
#7703 = CARTESIAN_POINT('',(0.,104.95637084719));
#7704 = VECTOR('',#7705,1.);
#7705 = DIRECTION('',(1.,0.));
#7706 = ( GEOMETRIC_REPRESENTATION_CONTEXT(2) 
PARAMETRIC_REPRESENTATION_CONTEXT() REPRESENTATION_CONTEXT('2D SPACE',''
  ) );
#7707 = PCURVE('',#7708,#7713);
#7708 = PLANE('',#7709);
#7709 = AXIS2_PLACEMENT_3D('',#7710,#7711,#7712);
#7710 = CARTESIAN_POINT('',(0.,0.,105.));
#7711 = DIRECTION('',(0.,0.,1.));
#7712 = DIRECTION('',(-2.22044604925E-16,-1.,0.));
#7713 = DEFINITIONAL_REPRESENTATION('',(#7714),#7718);
#7714 = CIRCLE('',#7715,62.508694247655);
#7715 = AXIS2_PLACEMENT_2D('',#7716,#7717);
#7716 = CARTESIAN_POINT('',(0.,0.));
#7717 = DIRECTION('',(-2.22044604925E-16,1.));
#7718 = ( GEOMETRIC_REPRESENTATION_CONTEXT(2) 
PARAMETRIC_REPRESENTATION_CONTEXT() REPRESENTATION_CONTEXT('2D SPACE',''
  ) );
#7719 = ORIENTED_EDGE('',*,*,#7720,.F.);
#7720 = EDGE_CURVE('',#7721,#7692,#7723,.T.);
#7721 = VERTEX_POINT('',#7722);
#7722 = CARTESIAN_POINT('',(6.343885999179,-60.35804345223,5.));
#7723 = SURFACE_CURVE('',#7724,(#7730,#7739),.PCURVE_S1.);
#7724 = B_SPLINE_CURVE_WITH_KNOTS('',4,(#7725,#7726,#7727,#7728,#7729),
  .UNSPECIFIED.,.F.,.F.,(5,5),(0.,1.),.PIECEWISE_BEZIER_KNOTS.);
#7725 = CARTESIAN_POINT('',(6.338944653649,-60.31102968996,2.40000000303
    ));
#7726 = CARTESIAN_POINT('',(6.390068574773,-60.79744130786,
    29.300000002237));
#7727 = CARTESIAN_POINT('',(6.441192495894,-61.28385292574,56.2000000001
    ));
#7728 = CARTESIAN_POINT('',(6.492316417015,-61.7702645436,
    83.099999997475));
#7729 = CARTESIAN_POINT('',(6.543440338138,-62.25667616151,
    109.99999999668));
#7730 = PCURVE('',#4584,#7731);
#7731 = DEFINITIONAL_REPRESENTATION('',(#7732),#7738);
#7732 = B_SPLINE_CURVE_WITH_KNOTS('',4,(#7733,#7734,#7735,#7736,#7737),
  .UNSPECIFIED.,.F.,.F.,(5,5),(0.,1.),.PIECEWISE_BEZIER_KNOTS.);
#7733 = CARTESIAN_POINT('',(4.817108735504,2.356370847198));
#7734 = CARTESIAN_POINT('',(4.817108735504,29.256370846405));
#7735 = CARTESIAN_POINT('',(4.817108735504,56.156370846954));
#7736 = CARTESIAN_POINT('',(4.817108735504,83.056370847991));
#7737 = CARTESIAN_POINT('',(4.817108735504,109.95637084719));
#7738 = ( GEOMETRIC_REPRESENTATION_CONTEXT(2) 
PARAMETRIC_REPRESENTATION_CONTEXT() REPRESENTATION_CONTEXT('2D SPACE',''
  ) );
#7739 = PCURVE('',#7740,#7745);
#7740 = PLANE('',#7741);
#7741 = AXIS2_PLACEMENT_3D('',#7742,#7743,#7744);
#7742 = CARTESIAN_POINT('',(0.,0.,5.));
#7743 = DIRECTION('',(-0.994521895368,-0.104528463268,0.));
#7744 = DIRECTION('',(0.104528463268,-0.994521895368,0.));
#7745 = DEFINITIONAL_REPRESENTATION('',(#7746),#7752);
#7746 = B_SPLINE_CURVE_WITH_KNOTS('',4,(#7747,#7748,#7749,#7750,#7751),
  .UNSPECIFIED.,.F.,.F.,(5,5),(0.,1.),.PIECEWISE_BEZIER_KNOTS.);
#7747 = CARTESIAN_POINT('',(60.643239702256,-2.59999999697));
#7748 = CARTESIAN_POINT('',(61.132330611332,24.300000002237));
#7749 = CARTESIAN_POINT('',(61.621421520384,51.2000000001));
#7750 = CARTESIAN_POINT('',(62.110512429428,78.099999997475));
#7751 = CARTESIAN_POINT('',(62.599603338504,104.99999999668));
#7752 = ( GEOMETRIC_REPRESENTATION_CONTEXT(2) 
PARAMETRIC_REPRESENTATION_CONTEXT() REPRESENTATION_CONTEXT('2D SPACE',''
  ) );
#7753 = ORIENTED_EDGE('',*,*,#7754,.F.);
#7754 = EDGE_CURVE('',#7656,#7721,#7755,.T.);
#7755 = SURFACE_CURVE('',#7756,(#7761,#7768),.PCURVE_S1.);
#7756 = CIRCLE('',#7757,60.690512429473);
#7757 = AXIS2_PLACEMENT_3D('',#7758,#7759,#7760);
#7758 = CARTESIAN_POINT('',(0.,0.,5.));
#7759 = DIRECTION('',(0.,0.,1.));
#7760 = DIRECTION('',(1.,0.,-0.));
#7761 = PCURVE('',#4584,#7762);
#7762 = DEFINITIONAL_REPRESENTATION('',(#7763),#7767);
#7763 = LINE('',#7764,#7765);
#7764 = CARTESIAN_POINT('',(0.,4.956370847198));
#7765 = VECTOR('',#7766,1.);
#7766 = DIRECTION('',(1.,0.));
#7767 = ( GEOMETRIC_REPRESENTATION_CONTEXT(2) 
PARAMETRIC_REPRESENTATION_CONTEXT() REPRESENTATION_CONTEXT('2D SPACE',''
  ) );
#7768 = PCURVE('',#7769,#7774);
#7769 = PLANE('',#7770);
#7770 = AXIS2_PLACEMENT_3D('',#7771,#7772,#7773);
#7771 = CARTESIAN_POINT('',(0.,0.,5.));
#7772 = DIRECTION('',(0.,0.,1.));
#7773 = DIRECTION('',(-2.22044604925E-16,-1.,0.));
#7774 = DEFINITIONAL_REPRESENTATION('',(#7775),#7779);
#7775 = CIRCLE('',#7776,60.690512429473);
#7776 = AXIS2_PLACEMENT_2D('',#7777,#7778);
#7777 = CARTESIAN_POINT('',(0.,0.));
#7778 = DIRECTION('',(-2.22044604925E-16,1.));
#7779 = ( GEOMETRIC_REPRESENTATION_CONTEXT(2) 
PARAMETRIC_REPRESENTATION_CONTEXT() REPRESENTATION_CONTEXT('2D SPACE',''
  ) );
#7780 = ADVANCED_FACE('',(#7781),#4619,.T.);
#7781 = FACE_BOUND('',#7782,.T.);
#7782 = EDGE_LOOP('',(#7783,#7812,#7833,#7834));
#7783 = ORIENTED_EDGE('',*,*,#7784,.F.);
#7784 = EDGE_CURVE('',#7785,#7785,#7787,.T.);
#7785 = VERTEX_POINT('',#7786);
#7786 = CARTESIAN_POINT('',(49.7,-1.217298918352E-14,0.));
#7787 = SURFACE_CURVE('',#7788,(#7793,#7800),.PCURVE_S1.);
#7788 = CIRCLE('',#7789,49.7);
#7789 = AXIS2_PLACEMENT_3D('',#7790,#7791,#7792);
#7790 = CARTESIAN_POINT('',(0.,0.,0.));
#7791 = DIRECTION('',(0.,0.,1.));
#7792 = DIRECTION('',(1.,0.,-0.));
#7793 = PCURVE('',#4619,#7794);
#7794 = DEFINITIONAL_REPRESENTATION('',(#7795),#7799);
#7795 = LINE('',#7796,#7797);
#7796 = CARTESIAN_POINT('',(0.,8.));
#7797 = VECTOR('',#7798,1.);
#7798 = DIRECTION('',(1.,0.));
#7799 = ( GEOMETRIC_REPRESENTATION_CONTEXT(2) 
PARAMETRIC_REPRESENTATION_CONTEXT() REPRESENTATION_CONTEXT('2D SPACE',''
  ) );
#7800 = PCURVE('',#7801,#7806);
#7801 = PLANE('',#7802);
#7802 = AXIS2_PLACEMENT_3D('',#7803,#7804,#7805);
#7803 = CARTESIAN_POINT('',(0.,0.,0.));
#7804 = DIRECTION('',(0.,0.,1.));
#7805 = DIRECTION('',(1.,0.,-0.));
#7806 = DEFINITIONAL_REPRESENTATION('',(#7807),#7811);
#7807 = CIRCLE('',#7808,49.7);
#7808 = AXIS2_PLACEMENT_2D('',#7809,#7810);
#7809 = CARTESIAN_POINT('',(0.,0.));
#7810 = DIRECTION('',(1.,0.));
#7811 = ( GEOMETRIC_REPRESENTATION_CONTEXT(2) 
PARAMETRIC_REPRESENTATION_CONTEXT() REPRESENTATION_CONTEXT('2D SPACE',''
  ) );
#7812 = ORIENTED_EDGE('',*,*,#7813,.F.);
#7813 = EDGE_CURVE('',#4603,#7785,#7814,.T.);
#7814 = SEAM_CURVE('',#7815,(#7819,#7826),.PCURVE_S1.);
#7815 = LINE('',#7816,#7817);
#7816 = CARTESIAN_POINT('',(49.7,-1.217298918352E-14,-8.));
#7817 = VECTOR('',#7818,1.);
#7818 = DIRECTION('',(0.,0.,1.));
#7819 = PCURVE('',#4619,#7820);
#7820 = DEFINITIONAL_REPRESENTATION('',(#7821),#7825);
#7821 = LINE('',#7822,#7823);
#7822 = CARTESIAN_POINT('',(6.28318530718,-0.));
#7823 = VECTOR('',#7824,1.);
#7824 = DIRECTION('',(0.,1.));
#7825 = ( GEOMETRIC_REPRESENTATION_CONTEXT(2) 
PARAMETRIC_REPRESENTATION_CONTEXT() REPRESENTATION_CONTEXT('2D SPACE',''
  ) );
#7826 = PCURVE('',#4619,#7827);
#7827 = DEFINITIONAL_REPRESENTATION('',(#7828),#7832);
#7828 = LINE('',#7829,#7830);
#7829 = CARTESIAN_POINT('',(0.,-0.));
#7830 = VECTOR('',#7831,1.);
#7831 = DIRECTION('',(0.,1.));
#7832 = ( GEOMETRIC_REPRESENTATION_CONTEXT(2) 
PARAMETRIC_REPRESENTATION_CONTEXT() REPRESENTATION_CONTEXT('2D SPACE',''
  ) );
#7833 = ORIENTED_EDGE('',*,*,#4602,.T.);
#7834 = ORIENTED_EDGE('',*,*,#7813,.T.);
#7835 = ADVANCED_FACE('',(#7836),#4819,.F.);
#7836 = FACE_BOUND('',#7837,.F.);
#7837 = EDGE_LOOP('',(#7838,#7839,#7862,#7890));
#7838 = ORIENTED_EDGE('',*,*,#4805,.F.);
#7839 = ORIENTED_EDGE('',*,*,#7840,.T.);
#7840 = EDGE_CURVE('',#4754,#7841,#7843,.T.);
#7841 = VERTEX_POINT('',#7842);
#7842 = CARTESIAN_POINT('',(61.590909090909,0.,5.));
#7843 = SURFACE_CURVE('',#7844,(#7848,#7855),.PCURVE_S1.);
#7844 = LINE('',#7845,#7846);
#7845 = CARTESIAN_POINT('',(0.,0.,5.));
#7846 = VECTOR('',#7847,1.);
#7847 = DIRECTION('',(1.,0.,0.));
#7848 = PCURVE('',#4819,#7849);
#7849 = DEFINITIONAL_REPRESENTATION('',(#7850),#7854);
#7850 = LINE('',#7851,#7852);
#7851 = CARTESIAN_POINT('',(0.,0.));
#7852 = VECTOR('',#7853,1.);
#7853 = DIRECTION('',(1.,0.));
#7854 = ( GEOMETRIC_REPRESENTATION_CONTEXT(2) 
PARAMETRIC_REPRESENTATION_CONTEXT() REPRESENTATION_CONTEXT('2D SPACE',''
  ) );
#7855 = PCURVE('',#4770,#7856);
#7856 = DEFINITIONAL_REPRESENTATION('',(#7857),#7861);
#7857 = LINE('',#7858,#7859);
#7858 = CARTESIAN_POINT('',(0.,0.));
#7859 = VECTOR('',#7860,1.);
#7860 = DIRECTION('',(1.,0.));
#7861 = ( GEOMETRIC_REPRESENTATION_CONTEXT(2) 
PARAMETRIC_REPRESENTATION_CONTEXT() REPRESENTATION_CONTEXT('2D SPACE',''
  ) );
#7862 = ORIENTED_EDGE('',*,*,#7863,.T.);
#7863 = EDGE_CURVE('',#7841,#7864,#7866,.T.);
#7864 = VERTEX_POINT('',#7865);
#7865 = CARTESIAN_POINT('',(63.409090909091,0.,105.));
#7866 = SURFACE_CURVE('',#7867,(#7871,#7878),.PCURVE_S1.);
#7867 = LINE('',#7868,#7869);
#7868 = CARTESIAN_POINT('',(61.590909090909,0.,5.));
#7869 = VECTOR('',#7870,1.);
#7870 = DIRECTION('',(1.817881366751E-02,0.,0.999834751713));
#7871 = PCURVE('',#4819,#7872);
#7872 = DEFINITIONAL_REPRESENTATION('',(#7873),#7877);
#7873 = LINE('',#7874,#7875);
#7874 = CARTESIAN_POINT('',(61.590909090909,0.));
#7875 = VECTOR('',#7876,1.);
#7876 = DIRECTION('',(1.817881366751E-02,0.999834751713));
#7877 = ( GEOMETRIC_REPRESENTATION_CONTEXT(2) 
PARAMETRIC_REPRESENTATION_CONTEXT() REPRESENTATION_CONTEXT('2D SPACE',''
  ) );
#7878 = PCURVE('',#7879,#7884);
#7879 = CONICAL_SURFACE('',#7880,61.590909090909,1.817981507298E-02);
#7880 = AXIS2_PLACEMENT_3D('',#7881,#7882,#7883);
#7881 = CARTESIAN_POINT('',(0.,0.,5.));
#7882 = DIRECTION('',(0.,0.,1.));
#7883 = DIRECTION('',(1.,0.,0.));
#7884 = DEFINITIONAL_REPRESENTATION('',(#7885),#7889);
#7885 = LINE('',#7886,#7887);
#7886 = CARTESIAN_POINT('',(0.,-0.));
#7887 = VECTOR('',#7888,1.);
#7888 = DIRECTION('',(0.,1.));
#7889 = ( GEOMETRIC_REPRESENTATION_CONTEXT(2) 
PARAMETRIC_REPRESENTATION_CONTEXT() REPRESENTATION_CONTEXT('2D SPACE',''
  ) );
#7890 = ORIENTED_EDGE('',*,*,#7891,.F.);
#7891 = EDGE_CURVE('',#4638,#7864,#7892,.T.);
#7892 = SURFACE_CURVE('',#7893,(#7897,#7904),.PCURVE_S1.);
#7893 = LINE('',#7894,#7895);
#7894 = CARTESIAN_POINT('',(0.,0.,105.));
#7895 = VECTOR('',#7896,1.);
#7896 = DIRECTION('',(1.,0.,0.));
#7897 = PCURVE('',#4819,#7898);
#7898 = DEFINITIONAL_REPRESENTATION('',(#7899),#7903);
#7899 = LINE('',#7900,#7901);
#7900 = CARTESIAN_POINT('',(0.,100.));
#7901 = VECTOR('',#7902,1.);
#7902 = DIRECTION('',(1.,0.));
#7903 = ( GEOMETRIC_REPRESENTATION_CONTEXT(2) 
PARAMETRIC_REPRESENTATION_CONTEXT() REPRESENTATION_CONTEXT('2D SPACE',''
  ) );
#7904 = PCURVE('',#4707,#7905);
#7905 = DEFINITIONAL_REPRESENTATION('',(#7906),#7910);
#7906 = LINE('',#7907,#7908);
#7907 = CARTESIAN_POINT('',(0.,0.));
#7908 = VECTOR('',#7909,1.);
#7909 = DIRECTION('',(1.,0.));
#7910 = ( GEOMETRIC_REPRESENTATION_CONTEXT(2) 
PARAMETRIC_REPRESENTATION_CONTEXT() REPRESENTATION_CONTEXT('2D SPACE',''
  ) );
#7911 = ADVANCED_FACE('',(#7912),#4770,.T.);
#7912 = FACE_BOUND('',#7913,.T.);
#7913 = EDGE_LOOP('',(#7914,#7938,#7959,#7960));
#7914 = ORIENTED_EDGE('',*,*,#7915,.T.);
#7915 = EDGE_CURVE('',#7841,#7916,#7918,.T.);
#7916 = VERTEX_POINT('',#7917);
#7917 = CARTESIAN_POINT('',(61.253507646546,6.43800307853,5.));
#7918 = SURFACE_CURVE('',#7919,(#7924,#7931),.PCURVE_S1.);
#7919 = CIRCLE('',#7920,61.590909090909);
#7920 = AXIS2_PLACEMENT_3D('',#7921,#7922,#7923);
#7921 = CARTESIAN_POINT('',(0.,0.,5.));
#7922 = DIRECTION('',(0.,0.,1.));
#7923 = DIRECTION('',(1.,0.,0.));
#7924 = PCURVE('',#4770,#7925);
#7925 = DEFINITIONAL_REPRESENTATION('',(#7926),#7930);
#7926 = CIRCLE('',#7927,61.590909090909);
#7927 = AXIS2_PLACEMENT_2D('',#7928,#7929);
#7928 = CARTESIAN_POINT('',(0.,0.));
#7929 = DIRECTION('',(1.,0.));
#7930 = ( GEOMETRIC_REPRESENTATION_CONTEXT(2) 
PARAMETRIC_REPRESENTATION_CONTEXT() REPRESENTATION_CONTEXT('2D SPACE',''
  ) );
#7931 = PCURVE('',#7879,#7932);
#7932 = DEFINITIONAL_REPRESENTATION('',(#7933),#7937);
#7933 = LINE('',#7934,#7935);
#7934 = CARTESIAN_POINT('',(0.,0.));
#7935 = VECTOR('',#7936,1.);
#7936 = DIRECTION('',(1.,0.));
#7937 = ( GEOMETRIC_REPRESENTATION_CONTEXT(2) 
PARAMETRIC_REPRESENTATION_CONTEXT() REPRESENTATION_CONTEXT('2D SPACE',''
  ) );
#7938 = ORIENTED_EDGE('',*,*,#7939,.F.);
#7939 = EDGE_CURVE('',#4720,#7916,#7940,.T.);
#7940 = SURFACE_CURVE('',#7941,(#7945,#7952),.PCURVE_S1.);
#7941 = LINE('',#7942,#7943);
#7942 = CARTESIAN_POINT('',(0.,0.,5.));
#7943 = VECTOR('',#7944,1.);
#7944 = DIRECTION('',(0.994521895368,0.104528463268,0.));
#7945 = PCURVE('',#4770,#7946);
#7946 = DEFINITIONAL_REPRESENTATION('',(#7947),#7951);
#7947 = LINE('',#7948,#7949);
#7948 = CARTESIAN_POINT('',(0.,0.));
#7949 = VECTOR('',#7950,1.);
#7950 = DIRECTION('',(0.994521895368,0.104528463268));
#7951 = ( GEOMETRIC_REPRESENTATION_CONTEXT(2) 
PARAMETRIC_REPRESENTATION_CONTEXT() REPRESENTATION_CONTEXT('2D SPACE',''
  ) );
#7952 = PCURVE('',#4739,#7953);
#7953 = DEFINITIONAL_REPRESENTATION('',(#7954),#7958);
#7954 = LINE('',#7955,#7956);
#7955 = CARTESIAN_POINT('',(0.,0.));
#7956 = VECTOR('',#7957,1.);
#7957 = DIRECTION('',(1.,0.));
#7958 = ( GEOMETRIC_REPRESENTATION_CONTEXT(2) 
PARAMETRIC_REPRESENTATION_CONTEXT() REPRESENTATION_CONTEXT('2D SPACE',''
  ) );
#7959 = ORIENTED_EDGE('',*,*,#4753,.F.);
#7960 = ORIENTED_EDGE('',*,*,#7840,.T.);
#7961 = ADVANCED_FACE('',(#7962),#4739,.T.);
#7962 = FACE_BOUND('',#7963,.T.);
#7963 = EDGE_LOOP('',(#7964,#7987,#7988,#7989));
#7964 = ORIENTED_EDGE('',*,*,#7965,.F.);
#7965 = EDGE_CURVE('',#4691,#7966,#7968,.T.);
#7966 = VERTEX_POINT('',#7967);
#7967 = CARTESIAN_POINT('',(63.061729274488,6.628054829926,105.));
#7968 = SURFACE_CURVE('',#7969,(#7973,#7980),.PCURVE_S1.);
#7969 = LINE('',#7970,#7971);
#7970 = CARTESIAN_POINT('',(0.,0.,105.));
#7971 = VECTOR('',#7972,1.);
#7972 = DIRECTION('',(0.994521895368,0.104528463268,0.));
#7973 = PCURVE('',#4739,#7974);
#7974 = DEFINITIONAL_REPRESENTATION('',(#7975),#7979);
#7975 = LINE('',#7976,#7977);
#7976 = CARTESIAN_POINT('',(0.,100.));
#7977 = VECTOR('',#7978,1.);
#7978 = DIRECTION('',(1.,0.));
#7979 = ( GEOMETRIC_REPRESENTATION_CONTEXT(2) 
PARAMETRIC_REPRESENTATION_CONTEXT() REPRESENTATION_CONTEXT('2D SPACE',''
  ) );
#7980 = PCURVE('',#4707,#7981);
#7981 = DEFINITIONAL_REPRESENTATION('',(#7982),#7986);
#7982 = LINE('',#7983,#7984);
#7983 = CARTESIAN_POINT('',(0.,0.));
#7984 = VECTOR('',#7985,1.);
#7985 = DIRECTION('',(0.994521895368,0.104528463268));
#7986 = ( GEOMETRIC_REPRESENTATION_CONTEXT(2) 
PARAMETRIC_REPRESENTATION_CONTEXT() REPRESENTATION_CONTEXT('2D SPACE',''
  ) );
#7987 = ORIENTED_EDGE('',*,*,#4719,.F.);
#7988 = ORIENTED_EDGE('',*,*,#7939,.T.);
#7989 = ORIENTED_EDGE('',*,*,#7990,.T.);
#7990 = EDGE_CURVE('',#7916,#7966,#7991,.T.);
#7991 = SURFACE_CURVE('',#7992,(#7996,#8003),.PCURVE_S1.);
#7992 = LINE('',#7993,#7994);
#7993 = CARTESIAN_POINT('',(61.253507646546,6.43800307853,5.));
#7994 = VECTOR('',#7995,1.);
#7995 = DIRECTION('',(1.807922822416E-02,1.900203456694E-03,
    0.999834751713));
#7996 = PCURVE('',#4739,#7997);
#7997 = DEFINITIONAL_REPRESENTATION('',(#7998),#8002);
#7998 = LINE('',#7999,#8000);
#7999 = CARTESIAN_POINT('',(61.590909090909,0.));
#8000 = VECTOR('',#8001,1.);
#8001 = DIRECTION('',(1.817881366751E-02,0.999834751713));
#8002 = ( GEOMETRIC_REPRESENTATION_CONTEXT(2) 
PARAMETRIC_REPRESENTATION_CONTEXT() REPRESENTATION_CONTEXT('2D SPACE',''
  ) );
#8003 = PCURVE('',#7879,#8004);
#8004 = DEFINITIONAL_REPRESENTATION('',(#8005),#8009);
#8005 = LINE('',#8006,#8007);
#8006 = CARTESIAN_POINT('',(0.10471975512,-0.));
#8007 = VECTOR('',#8008,1.);
#8008 = DIRECTION('',(0.,1.));
#8009 = ( GEOMETRIC_REPRESENTATION_CONTEXT(2) 
PARAMETRIC_REPRESENTATION_CONTEXT() REPRESENTATION_CONTEXT('2D SPACE',''
  ) );
#8010 = ADVANCED_FACE('',(#8011),#4707,.F.);
#8011 = FACE_BOUND('',#8012,.F.);
#8012 = EDGE_LOOP('',(#8013,#8035,#8036,#8037));
#8013 = ORIENTED_EDGE('',*,*,#8014,.T.);
#8014 = EDGE_CURVE('',#7864,#7966,#8015,.T.);
#8015 = SURFACE_CURVE('',#8016,(#8021,#8028),.PCURVE_S1.);
#8016 = CIRCLE('',#8017,63.409090909091);
#8017 = AXIS2_PLACEMENT_3D('',#8018,#8019,#8020);
#8018 = CARTESIAN_POINT('',(0.,0.,105.));
#8019 = DIRECTION('',(0.,0.,1.));
#8020 = DIRECTION('',(1.,0.,0.));
#8021 = PCURVE('',#4707,#8022);
#8022 = DEFINITIONAL_REPRESENTATION('',(#8023),#8027);
#8023 = CIRCLE('',#8024,63.409090909091);
#8024 = AXIS2_PLACEMENT_2D('',#8025,#8026);
#8025 = CARTESIAN_POINT('',(0.,0.));
#8026 = DIRECTION('',(1.,0.));
#8027 = ( GEOMETRIC_REPRESENTATION_CONTEXT(2) 
PARAMETRIC_REPRESENTATION_CONTEXT() REPRESENTATION_CONTEXT('2D SPACE',''
  ) );
#8028 = PCURVE('',#7879,#8029);
#8029 = DEFINITIONAL_REPRESENTATION('',(#8030),#8034);
#8030 = LINE('',#8031,#8032);
#8031 = CARTESIAN_POINT('',(0.,100.));
#8032 = VECTOR('',#8033,1.);
#8033 = DIRECTION('',(1.,0.));
#8034 = ( GEOMETRIC_REPRESENTATION_CONTEXT(2) 
PARAMETRIC_REPRESENTATION_CONTEXT() REPRESENTATION_CONTEXT('2D SPACE',''
  ) );
#8035 = ORIENTED_EDGE('',*,*,#7965,.F.);
#8036 = ORIENTED_EDGE('',*,*,#4690,.F.);
#8037 = ORIENTED_EDGE('',*,*,#7891,.T.);
#8038 = ADVANCED_FACE('',(#8039,#8070),#4677,.T.);
#8039 = FACE_BOUND('',#8040,.T.);
#8040 = EDGE_LOOP('',(#8041));
#8041 = ORIENTED_EDGE('',*,*,#8042,.T.);
#8042 = EDGE_CURVE('',#8043,#8043,#8045,.T.);
#8043 = VERTEX_POINT('',#8044);
#8044 = CARTESIAN_POINT('',(63.777983487464,-3.9052751667E-15,110.));
#8045 = SURFACE_CURVE('',#8046,(#8051,#8058),.PCURVE_S1.);
#8046 = CIRCLE('',#8047,63.777983487464);
#8047 = AXIS2_PLACEMENT_3D('',#8048,#8049,#8050);
#8048 = CARTESIAN_POINT('',(0.,0.,110.));
#8049 = DIRECTION('',(0.,0.,1.));
#8050 = DIRECTION('',(1.,-6.123233995737E-17,0.));
#8051 = PCURVE('',#4677,#8052);
#8052 = DEFINITIONAL_REPRESENTATION('',(#8053),#8057);
#8053 = CIRCLE('',#8054,63.777983487464);
#8054 = AXIS2_PLACEMENT_2D('',#8055,#8056);
#8055 = CARTESIAN_POINT('',(0.,0.));
#8056 = DIRECTION('',(1.,-6.123233995737E-17));
#8057 = ( GEOMETRIC_REPRESENTATION_CONTEXT(2) 
PARAMETRIC_REPRESENTATION_CONTEXT() REPRESENTATION_CONTEXT('2D SPACE',''
  ) );
#8058 = PCURVE('',#8059,#8064);
#8059 = TOROIDAL_SURFACE('',#8060,63.777983487464,1.2);
#8060 = AXIS2_PLACEMENT_3D('',#8061,#8062,#8063);
#8061 = CARTESIAN_POINT('',(0.,0.,108.8));
#8062 = DIRECTION('',(0.,0.,1.));
#8063 = DIRECTION('',(1.,-6.123233995737E-17,0.));
#8064 = DEFINITIONAL_REPRESENTATION('',(#8065),#8069);
#8065 = LINE('',#8066,#8067);
#8066 = CARTESIAN_POINT('',(0.,7.853981633974));
#8067 = VECTOR('',#8068,1.);
#8068 = DIRECTION('',(1.,0.));
#8069 = ( GEOMETRIC_REPRESENTATION_CONTEXT(2) 
PARAMETRIC_REPRESENTATION_CONTEXT() REPRESENTATION_CONTEXT('2D SPACE',''
  ) );
#8070 = FACE_BOUND('',#8071,.T.);
#8071 = EDGE_LOOP('',(#8072));
#8072 = ORIENTED_EDGE('',*,*,#4662,.F.);
#8073 = ADVANCED_FACE('',(#8074),#4855,.F.);
#8074 = FACE_BOUND('',#8075,.F.);
#8075 = EDGE_LOOP('',(#8076,#8077,#8100,#8128));
#8076 = ORIENTED_EDGE('',*,*,#4833,.F.);
#8077 = ORIENTED_EDGE('',*,*,#8078,.T.);
#8078 = EDGE_CURVE('',#4834,#8079,#8081,.T.);
#8079 = VERTEX_POINT('',#8080);
#8080 = CARTESIAN_POINT('',(59.492249755531,15.940900277905,5.));
#8081 = SURFACE_CURVE('',#8082,(#8086,#8093),.PCURVE_S1.);
#8082 = LINE('',#8083,#8084);
#8083 = CARTESIAN_POINT('',(0.,0.,5.));
#8084 = VECTOR('',#8085,1.);
#8085 = DIRECTION('',(0.965925826289,0.258819045103,0.));
#8086 = PCURVE('',#4855,#8087);
#8087 = DEFINITIONAL_REPRESENTATION('',(#8088),#8092);
#8088 = LINE('',#8089,#8090);
#8089 = CARTESIAN_POINT('',(0.,0.));
#8090 = VECTOR('',#8091,1.);
#8091 = DIRECTION('',(1.,0.));
#8092 = ( GEOMETRIC_REPRESENTATION_CONTEXT(2) 
PARAMETRIC_REPRESENTATION_CONTEXT() REPRESENTATION_CONTEXT('2D SPACE',''
  ) );
#8093 = PCURVE('',#4947,#8094);
#8094 = DEFINITIONAL_REPRESENTATION('',(#8095),#8099);
#8095 = LINE('',#8096,#8097);
#8096 = CARTESIAN_POINT('',(0.,0.));
#8097 = VECTOR('',#8098,1.);
#8098 = DIRECTION('',(1.,0.));
#8099 = ( GEOMETRIC_REPRESENTATION_CONTEXT(2) 
PARAMETRIC_REPRESENTATION_CONTEXT() REPRESENTATION_CONTEXT('2D SPACE',''
  ) );
#8100 = ORIENTED_EDGE('',*,*,#8101,.T.);
#8101 = EDGE_CURVE('',#8079,#8102,#8104,.T.);
#8102 = VERTEX_POINT('',#8103);
#8103 = CARTESIAN_POINT('',(61.248478530602,16.41148035991,105.));
#8104 = SURFACE_CURVE('',#8105,(#8109,#8116),.PCURVE_S1.);
#8105 = LINE('',#8106,#8107);
#8106 = CARTESIAN_POINT('',(59.492249755531,15.940900277905,5.));
#8107 = VECTOR('',#8108,1.);
#8108 = DIRECTION('',(1.755938561275E-02,4.705023194523E-03,
    0.999834751713));
#8109 = PCURVE('',#4855,#8110);
#8110 = DEFINITIONAL_REPRESENTATION('',(#8111),#8115);
#8111 = LINE('',#8112,#8113);
#8112 = CARTESIAN_POINT('',(61.590909090909,0.));
#8113 = VECTOR('',#8114,1.);
#8114 = DIRECTION('',(1.817881366751E-02,0.999834751713));
#8115 = ( GEOMETRIC_REPRESENTATION_CONTEXT(2) 
PARAMETRIC_REPRESENTATION_CONTEXT() REPRESENTATION_CONTEXT('2D SPACE',''
  ) );
#8116 = PCURVE('',#8117,#8122);
#8117 = CONICAL_SURFACE('',#8118,61.590909090909,1.817981507298E-02);
#8118 = AXIS2_PLACEMENT_3D('',#8119,#8120,#8121);
#8119 = CARTESIAN_POINT('',(0.,0.,5.));
#8120 = DIRECTION('',(0.,0.,1.));
#8121 = DIRECTION('',(0.965925826289,0.258819045103,0.));
#8122 = DEFINITIONAL_REPRESENTATION('',(#8123),#8127);
#8123 = LINE('',#8124,#8125);
#8124 = CARTESIAN_POINT('',(0.,-0.));
#8125 = VECTOR('',#8126,1.);
#8126 = DIRECTION('',(0.,1.));
#8127 = ( GEOMETRIC_REPRESENTATION_CONTEXT(2) 
PARAMETRIC_REPRESENTATION_CONTEXT() REPRESENTATION_CONTEXT('2D SPACE',''
  ) );
#8128 = ORIENTED_EDGE('',*,*,#8129,.F.);
#8129 = EDGE_CURVE('',#4836,#8102,#8130,.T.);
#8130 = SURFACE_CURVE('',#8131,(#8135,#8142),.PCURVE_S1.);
#8131 = LINE('',#8132,#8133);
#8132 = CARTESIAN_POINT('',(0.,0.,105.));
#8133 = VECTOR('',#8134,1.);
#8134 = DIRECTION('',(0.965925826289,0.258819045103,0.));
#8135 = PCURVE('',#4855,#8136);
#8136 = DEFINITIONAL_REPRESENTATION('',(#8137),#8141);
#8137 = LINE('',#8138,#8139);
#8138 = CARTESIAN_POINT('',(0.,100.));
#8139 = VECTOR('',#8140,1.);
#8140 = DIRECTION('',(1.,0.));
#8141 = ( GEOMETRIC_REPRESENTATION_CONTEXT(2) 
PARAMETRIC_REPRESENTATION_CONTEXT() REPRESENTATION_CONTEXT('2D SPACE',''
  ) );
#8142 = PCURVE('',#4886,#8143);
#8143 = DEFINITIONAL_REPRESENTATION('',(#8144),#8148);
#8144 = LINE('',#8145,#8146);
#8145 = CARTESIAN_POINT('',(0.,0.));
#8146 = VECTOR('',#8147,1.);
#8147 = DIRECTION('',(1.,0.));
#8148 = ( GEOMETRIC_REPRESENTATION_CONTEXT(2) 
PARAMETRIC_REPRESENTATION_CONTEXT() REPRESENTATION_CONTEXT('2D SPACE',''
  ) );
#8149 = ADVANCED_FACE('',(#8150),#4947,.T.);
#8150 = FACE_BOUND('',#8151,.T.);
#8151 = EDGE_LOOP('',(#8152,#8176,#8197,#8198));
#8152 = ORIENTED_EDGE('',*,*,#8153,.T.);
#8153 = EDGE_CURVE('',#8079,#8154,#8156,.T.);
#8154 = VERTEX_POINT('',#8155);
#8155 = CARTESIAN_POINT('',(57.500067177441,22.07220780154,5.));
#8156 = SURFACE_CURVE('',#8157,(#8162,#8169),.PCURVE_S1.);
#8157 = CIRCLE('',#8158,61.590909090909);
#8158 = AXIS2_PLACEMENT_3D('',#8159,#8160,#8161);
#8159 = CARTESIAN_POINT('',(0.,0.,5.));
#8160 = DIRECTION('',(0.,-0.,1.));
#8161 = DIRECTION('',(0.965925826289,0.258819045103,0.));
#8162 = PCURVE('',#4947,#8163);
#8163 = DEFINITIONAL_REPRESENTATION('',(#8164),#8168);
#8164 = CIRCLE('',#8165,61.590909090909);
#8165 = AXIS2_PLACEMENT_2D('',#8166,#8167);
#8166 = CARTESIAN_POINT('',(0.,0.));
#8167 = DIRECTION('',(1.,0.));
#8168 = ( GEOMETRIC_REPRESENTATION_CONTEXT(2) 
PARAMETRIC_REPRESENTATION_CONTEXT() REPRESENTATION_CONTEXT('2D SPACE',''
  ) );
#8169 = PCURVE('',#8117,#8170);
#8170 = DEFINITIONAL_REPRESENTATION('',(#8171),#8175);
#8171 = LINE('',#8172,#8173);
#8172 = CARTESIAN_POINT('',(0.,0.));
#8173 = VECTOR('',#8174,1.);
#8174 = DIRECTION('',(1.,0.));
#8175 = ( GEOMETRIC_REPRESENTATION_CONTEXT(2) 
PARAMETRIC_REPRESENTATION_CONTEXT() REPRESENTATION_CONTEXT('2D SPACE',''
  ) );
#8176 = ORIENTED_EDGE('',*,*,#8177,.F.);
#8177 = EDGE_CURVE('',#4899,#8154,#8178,.T.);
#8178 = SURFACE_CURVE('',#8179,(#8183,#8190),.PCURVE_S1.);
#8179 = LINE('',#8180,#8181);
#8180 = CARTESIAN_POINT('',(0.,0.,5.));
#8181 = VECTOR('',#8182,1.);
#8182 = DIRECTION('',(0.933580426497,0.358367949545,0.));
#8183 = PCURVE('',#4947,#8184);
#8184 = DEFINITIONAL_REPRESENTATION('',(#8185),#8189);
#8185 = LINE('',#8186,#8187);
#8186 = CARTESIAN_POINT('',(0.,0.));
#8187 = VECTOR('',#8188,1.);
#8188 = DIRECTION('',(0.994521895368,0.104528463268));
#8189 = ( GEOMETRIC_REPRESENTATION_CONTEXT(2) 
PARAMETRIC_REPRESENTATION_CONTEXT() REPRESENTATION_CONTEXT('2D SPACE',''
  ) );
#8190 = PCURVE('',#4918,#8191);
#8191 = DEFINITIONAL_REPRESENTATION('',(#8192),#8196);
#8192 = LINE('',#8193,#8194);
#8193 = CARTESIAN_POINT('',(0.,0.));
#8194 = VECTOR('',#8195,1.);
#8195 = DIRECTION('',(1.,0.));
#8196 = ( GEOMETRIC_REPRESENTATION_CONTEXT(2) 
PARAMETRIC_REPRESENTATION_CONTEXT() REPRESENTATION_CONTEXT('2D SPACE',''
  ) );
#8197 = ORIENTED_EDGE('',*,*,#4932,.F.);
#8198 = ORIENTED_EDGE('',*,*,#8078,.T.);
#8199 = ADVANCED_FACE('',(#8200),#4918,.T.);
#8200 = FACE_BOUND('',#8201,.T.);
#8201 = EDGE_LOOP('',(#8202,#8225,#8226,#8227));
#8202 = ORIENTED_EDGE('',*,*,#8203,.F.);
#8203 = EDGE_CURVE('',#4870,#8204,#8206,.T.);
#8204 = VERTEX_POINT('',#8205);
#8205 = CARTESIAN_POINT('',(59.197486134709,22.723785891622,105.));
#8206 = SURFACE_CURVE('',#8207,(#8211,#8218),.PCURVE_S1.);
#8207 = LINE('',#8208,#8209);
#8208 = CARTESIAN_POINT('',(0.,0.,105.));
#8209 = VECTOR('',#8210,1.);
#8210 = DIRECTION('',(0.933580426497,0.358367949545,0.));
#8211 = PCURVE('',#4918,#8212);
#8212 = DEFINITIONAL_REPRESENTATION('',(#8213),#8217);
#8213 = LINE('',#8214,#8215);
#8214 = CARTESIAN_POINT('',(0.,100.));
#8215 = VECTOR('',#8216,1.);
#8216 = DIRECTION('',(1.,0.));
#8217 = ( GEOMETRIC_REPRESENTATION_CONTEXT(2) 
PARAMETRIC_REPRESENTATION_CONTEXT() REPRESENTATION_CONTEXT('2D SPACE',''
  ) );
#8218 = PCURVE('',#4886,#8219);
#8219 = DEFINITIONAL_REPRESENTATION('',(#8220),#8224);
#8220 = LINE('',#8221,#8222);
#8221 = CARTESIAN_POINT('',(0.,0.));
#8222 = VECTOR('',#8223,1.);
#8223 = DIRECTION('',(0.994521895368,0.104528463268));
#8224 = ( GEOMETRIC_REPRESENTATION_CONTEXT(2) 
PARAMETRIC_REPRESENTATION_CONTEXT() REPRESENTATION_CONTEXT('2D SPACE',''
  ) );
#8225 = ORIENTED_EDGE('',*,*,#4898,.F.);
#8226 = ORIENTED_EDGE('',*,*,#8177,.T.);
#8227 = ORIENTED_EDGE('',*,*,#8228,.T.);
#8228 = EDGE_CURVE('',#8154,#8204,#8229,.T.);
#8229 = SURFACE_CURVE('',#8230,(#8234,#8241),.PCURVE_S1.);
#8230 = LINE('',#8231,#8232);
#8231 = CARTESIAN_POINT('',(57.500067177441,22.07220780154,5.));
#8232 = VECTOR('',#8233,1.);
#8233 = DIRECTION('',(1.697138461693E-02,6.514704179193E-03,
    0.999834751713));
#8234 = PCURVE('',#4918,#8235);
#8235 = DEFINITIONAL_REPRESENTATION('',(#8236),#8240);
#8236 = LINE('',#8237,#8238);
#8237 = CARTESIAN_POINT('',(61.590909090909,0.));
#8238 = VECTOR('',#8239,1.);
#8239 = DIRECTION('',(1.817881366751E-02,0.999834751713));
#8240 = ( GEOMETRIC_REPRESENTATION_CONTEXT(2) 
PARAMETRIC_REPRESENTATION_CONTEXT() REPRESENTATION_CONTEXT('2D SPACE',''
  ) );
#8241 = PCURVE('',#8117,#8242);
#8242 = DEFINITIONAL_REPRESENTATION('',(#8243),#8247);
#8243 = LINE('',#8244,#8245);
#8244 = CARTESIAN_POINT('',(0.10471975512,-0.));
#8245 = VECTOR('',#8246,1.);
#8246 = DIRECTION('',(0.,1.));
#8247 = ( GEOMETRIC_REPRESENTATION_CONTEXT(2) 
PARAMETRIC_REPRESENTATION_CONTEXT() REPRESENTATION_CONTEXT('2D SPACE',''
  ) );
#8248 = ADVANCED_FACE('',(#8249),#4886,.F.);
#8249 = FACE_BOUND('',#8250,.F.);
#8250 = EDGE_LOOP('',(#8251,#8273,#8274,#8275));
#8251 = ORIENTED_EDGE('',*,*,#8252,.T.);
#8252 = EDGE_CURVE('',#8102,#8204,#8253,.T.);
#8253 = SURFACE_CURVE('',#8254,(#8259,#8266),.PCURVE_S1.);
#8254 = CIRCLE('',#8255,63.409090909091);
#8255 = AXIS2_PLACEMENT_3D('',#8256,#8257,#8258);
#8256 = CARTESIAN_POINT('',(0.,0.,105.));
#8257 = DIRECTION('',(0.,-0.,1.));
#8258 = DIRECTION('',(0.965925826289,0.258819045103,0.));
#8259 = PCURVE('',#4886,#8260);
#8260 = DEFINITIONAL_REPRESENTATION('',(#8261),#8265);
#8261 = CIRCLE('',#8262,63.409090909091);
#8262 = AXIS2_PLACEMENT_2D('',#8263,#8264);
#8263 = CARTESIAN_POINT('',(0.,0.));
#8264 = DIRECTION('',(1.,0.));
#8265 = ( GEOMETRIC_REPRESENTATION_CONTEXT(2) 
PARAMETRIC_REPRESENTATION_CONTEXT() REPRESENTATION_CONTEXT('2D SPACE',''
  ) );
#8266 = PCURVE('',#8117,#8267);
#8267 = DEFINITIONAL_REPRESENTATION('',(#8268),#8272);
#8268 = LINE('',#8269,#8270);
#8269 = CARTESIAN_POINT('',(0.,100.));
#8270 = VECTOR('',#8271,1.);
#8271 = DIRECTION('',(1.,0.));
#8272 = ( GEOMETRIC_REPRESENTATION_CONTEXT(2) 
PARAMETRIC_REPRESENTATION_CONTEXT() REPRESENTATION_CONTEXT('2D SPACE',''
  ) );
#8273 = ORIENTED_EDGE('',*,*,#8203,.F.);
#8274 = ORIENTED_EDGE('',*,*,#4869,.F.);
#8275 = ORIENTED_EDGE('',*,*,#8129,.T.);
#8276 = ADVANCED_FACE('',(#8277),#4983,.F.);
#8277 = FACE_BOUND('',#8278,.F.);
#8278 = EDGE_LOOP('',(#8279,#8280,#8303,#8331));
#8279 = ORIENTED_EDGE('',*,*,#4961,.F.);
#8280 = ORIENTED_EDGE('',*,*,#8281,.T.);
#8281 = EDGE_CURVE('',#4962,#8282,#8284,.T.);
#8282 = VERTEX_POINT('',#8283);
#8283 = CARTESIAN_POINT('',(53.339291914905,30.795454545455,5.));
#8284 = SURFACE_CURVE('',#8285,(#8289,#8296),.PCURVE_S1.);
#8285 = LINE('',#8286,#8287);
#8286 = CARTESIAN_POINT('',(0.,0.,5.));
#8287 = VECTOR('',#8288,1.);
#8288 = DIRECTION('',(0.866025403784,0.5,0.));
#8289 = PCURVE('',#4983,#8290);
#8290 = DEFINITIONAL_REPRESENTATION('',(#8291),#8295);
#8291 = LINE('',#8292,#8293);
#8292 = CARTESIAN_POINT('',(0.,0.));
#8293 = VECTOR('',#8294,1.);
#8294 = DIRECTION('',(1.,0.));
#8295 = ( GEOMETRIC_REPRESENTATION_CONTEXT(2) 
PARAMETRIC_REPRESENTATION_CONTEXT() REPRESENTATION_CONTEXT('2D SPACE',''
  ) );
#8296 = PCURVE('',#5075,#8297);
#8297 = DEFINITIONAL_REPRESENTATION('',(#8298),#8302);
#8298 = LINE('',#8299,#8300);
#8299 = CARTESIAN_POINT('',(0.,0.));
#8300 = VECTOR('',#8301,1.);
#8301 = DIRECTION('',(1.,0.));
#8302 = ( GEOMETRIC_REPRESENTATION_CONTEXT(2) 
PARAMETRIC_REPRESENTATION_CONTEXT() REPRESENTATION_CONTEXT('2D SPACE',''
  ) );
#8303 = ORIENTED_EDGE('',*,*,#8304,.T.);
#8304 = EDGE_CURVE('',#8282,#8305,#8307,.T.);
#8305 = VERTEX_POINT('',#8306);
#8306 = CARTESIAN_POINT('',(54.91388355815,31.704545454545,105.));
#8307 = SURFACE_CURVE('',#8308,(#8312,#8319),.PCURVE_S1.);
#8308 = LINE('',#8309,#8310);
#8309 = CARTESIAN_POINT('',(53.339291914905,30.795454545455,5.));
#8310 = VECTOR('',#8311,1.);
#8311 = DIRECTION('',(1.574331444673E-02,9.089406833757E-03,
    0.999834751713));
#8312 = PCURVE('',#4983,#8313);
#8313 = DEFINITIONAL_REPRESENTATION('',(#8314),#8318);
#8314 = LINE('',#8315,#8316);
#8315 = CARTESIAN_POINT('',(61.590909090909,0.));
#8316 = VECTOR('',#8317,1.);
#8317 = DIRECTION('',(1.817881366751E-02,0.999834751713));
#8318 = ( GEOMETRIC_REPRESENTATION_CONTEXT(2) 
PARAMETRIC_REPRESENTATION_CONTEXT() REPRESENTATION_CONTEXT('2D SPACE',''
  ) );
#8319 = PCURVE('',#8320,#8325);
#8320 = CONICAL_SURFACE('',#8321,61.590909090909,1.817981507298E-02);
#8321 = AXIS2_PLACEMENT_3D('',#8322,#8323,#8324);
#8322 = CARTESIAN_POINT('',(0.,0.,5.));
#8323 = DIRECTION('',(0.,0.,1.));
#8324 = DIRECTION('',(0.866025403784,0.5,0.));
#8325 = DEFINITIONAL_REPRESENTATION('',(#8326),#8330);
#8326 = LINE('',#8327,#8328);
#8327 = CARTESIAN_POINT('',(0.,-0.));
#8328 = VECTOR('',#8329,1.);
#8329 = DIRECTION('',(0.,1.));
#8330 = ( GEOMETRIC_REPRESENTATION_CONTEXT(2) 
PARAMETRIC_REPRESENTATION_CONTEXT() REPRESENTATION_CONTEXT('2D SPACE',''
  ) );
#8331 = ORIENTED_EDGE('',*,*,#8332,.F.);
#8332 = EDGE_CURVE('',#4964,#8305,#8333,.T.);
#8333 = SURFACE_CURVE('',#8334,(#8338,#8345),.PCURVE_S1.);
#8334 = LINE('',#8335,#8336);
#8335 = CARTESIAN_POINT('',(0.,0.,105.));
#8336 = VECTOR('',#8337,1.);
#8337 = DIRECTION('',(0.866025403784,0.5,0.));
#8338 = PCURVE('',#4983,#8339);
#8339 = DEFINITIONAL_REPRESENTATION('',(#8340),#8344);
#8340 = LINE('',#8341,#8342);
#8341 = CARTESIAN_POINT('',(0.,100.));
#8342 = VECTOR('',#8343,1.);
#8343 = DIRECTION('',(1.,0.));
#8344 = ( GEOMETRIC_REPRESENTATION_CONTEXT(2) 
PARAMETRIC_REPRESENTATION_CONTEXT() REPRESENTATION_CONTEXT('2D SPACE',''
  ) );
#8345 = PCURVE('',#5014,#8346);
#8346 = DEFINITIONAL_REPRESENTATION('',(#8347),#8351);
#8347 = LINE('',#8348,#8349);
#8348 = CARTESIAN_POINT('',(0.,0.));
#8349 = VECTOR('',#8350,1.);
#8350 = DIRECTION('',(1.,0.));
#8351 = ( GEOMETRIC_REPRESENTATION_CONTEXT(2) 
PARAMETRIC_REPRESENTATION_CONTEXT() REPRESENTATION_CONTEXT('2D SPACE',''
  ) );
#8352 = ADVANCED_FACE('',(#8353),#5075,.T.);
#8353 = FACE_BOUND('',#8354,.T.);
#8354 = EDGE_LOOP('',(#8355,#8379,#8400,#8401));
#8355 = ORIENTED_EDGE('',*,*,#8356,.T.);
#8356 = EDGE_CURVE('',#8282,#8357,#8359,.T.);
#8357 = VERTEX_POINT('',#8358);
#8358 = CARTESIAN_POINT('',(49.828092153548,36.202228038923,5.));
#8359 = SURFACE_CURVE('',#8360,(#8365,#8372),.PCURVE_S1.);
#8360 = CIRCLE('',#8361,61.590909090909);
#8361 = AXIS2_PLACEMENT_3D('',#8362,#8363,#8364);
#8362 = CARTESIAN_POINT('',(0.,0.,5.));
#8363 = DIRECTION('',(0.,-0.,1.));
#8364 = DIRECTION('',(0.866025403784,0.5,0.));
#8365 = PCURVE('',#5075,#8366);
#8366 = DEFINITIONAL_REPRESENTATION('',(#8367),#8371);
#8367 = CIRCLE('',#8368,61.590909090909);
#8368 = AXIS2_PLACEMENT_2D('',#8369,#8370);
#8369 = CARTESIAN_POINT('',(0.,0.));
#8370 = DIRECTION('',(1.,0.));
#8371 = ( GEOMETRIC_REPRESENTATION_CONTEXT(2) 
PARAMETRIC_REPRESENTATION_CONTEXT() REPRESENTATION_CONTEXT('2D SPACE',''
  ) );
#8372 = PCURVE('',#8320,#8373);
#8373 = DEFINITIONAL_REPRESENTATION('',(#8374),#8378);
#8374 = LINE('',#8375,#8376);
#8375 = CARTESIAN_POINT('',(0.,0.));
#8376 = VECTOR('',#8377,1.);
#8377 = DIRECTION('',(1.,0.));
#8378 = ( GEOMETRIC_REPRESENTATION_CONTEXT(2) 
PARAMETRIC_REPRESENTATION_CONTEXT() REPRESENTATION_CONTEXT('2D SPACE',''
  ) );
#8379 = ORIENTED_EDGE('',*,*,#8380,.F.);
#8380 = EDGE_CURVE('',#5027,#8357,#8381,.T.);
#8381 = SURFACE_CURVE('',#8382,(#8386,#8393),.PCURVE_S1.);
#8382 = LINE('',#8383,#8384);
#8383 = CARTESIAN_POINT('',(0.,0.,5.));
#8384 = VECTOR('',#8385,1.);
#8385 = DIRECTION('',(0.809016994375,0.587785252292,0.));
#8386 = PCURVE('',#5075,#8387);
#8387 = DEFINITIONAL_REPRESENTATION('',(#8388),#8392);
#8388 = LINE('',#8389,#8390);
#8389 = CARTESIAN_POINT('',(0.,0.));
#8390 = VECTOR('',#8391,1.);
#8391 = DIRECTION('',(0.994521895368,0.104528463268));
#8392 = ( GEOMETRIC_REPRESENTATION_CONTEXT(2) 
PARAMETRIC_REPRESENTATION_CONTEXT() REPRESENTATION_CONTEXT('2D SPACE',''
  ) );
#8393 = PCURVE('',#5046,#8394);
#8394 = DEFINITIONAL_REPRESENTATION('',(#8395),#8399);
#8395 = LINE('',#8396,#8397);
#8396 = CARTESIAN_POINT('',(0.,0.));
#8397 = VECTOR('',#8398,1.);
#8398 = DIRECTION('',(1.,0.));
#8399 = ( GEOMETRIC_REPRESENTATION_CONTEXT(2) 
PARAMETRIC_REPRESENTATION_CONTEXT() REPRESENTATION_CONTEXT('2D SPACE',''
  ) );
#8400 = ORIENTED_EDGE('',*,*,#5060,.F.);
#8401 = ORIENTED_EDGE('',*,*,#8281,.T.);
#8402 = ADVANCED_FACE('',(#8403),#5046,.T.);
#8403 = FACE_BOUND('',#8404,.T.);
#8404 = EDGE_LOOP('',(#8405,#8428,#8429,#8430));
#8405 = ORIENTED_EDGE('',*,*,#8406,.F.);
#8406 = EDGE_CURVE('',#4998,#8407,#8409,.T.);
#8407 = VERTEX_POINT('',#8408);
#8408 = CARTESIAN_POINT('',(51.299032143321,37.270928497636,105.));
#8409 = SURFACE_CURVE('',#8410,(#8414,#8421),.PCURVE_S1.);
#8410 = LINE('',#8411,#8412);
#8411 = CARTESIAN_POINT('',(0.,0.,105.));
#8412 = VECTOR('',#8413,1.);
#8413 = DIRECTION('',(0.809016994375,0.587785252292,0.));
#8414 = PCURVE('',#5046,#8415);
#8415 = DEFINITIONAL_REPRESENTATION('',(#8416),#8420);
#8416 = LINE('',#8417,#8418);
#8417 = CARTESIAN_POINT('',(0.,100.));
#8418 = VECTOR('',#8419,1.);
#8419 = DIRECTION('',(1.,0.));
#8420 = ( GEOMETRIC_REPRESENTATION_CONTEXT(2) 
PARAMETRIC_REPRESENTATION_CONTEXT() REPRESENTATION_CONTEXT('2D SPACE',''
  ) );
#8421 = PCURVE('',#5014,#8422);
#8422 = DEFINITIONAL_REPRESENTATION('',(#8423),#8427);
#8423 = LINE('',#8424,#8425);
#8424 = CARTESIAN_POINT('',(0.,0.));
#8425 = VECTOR('',#8426,1.);
#8426 = DIRECTION('',(0.994521895368,0.104528463268));
#8427 = ( GEOMETRIC_REPRESENTATION_CONTEXT(2) 
PARAMETRIC_REPRESENTATION_CONTEXT() REPRESENTATION_CONTEXT('2D SPACE',''
  ) );
#8428 = ORIENTED_EDGE('',*,*,#5026,.F.);
#8429 = ORIENTED_EDGE('',*,*,#8380,.T.);
#8430 = ORIENTED_EDGE('',*,*,#8431,.T.);
#8431 = EDGE_CURVE('',#8357,#8407,#8432,.T.);
#8432 = SURFACE_CURVE('',#8433,(#8437,#8444),.PCURVE_S1.);
#8433 = LINE('',#8434,#8435);
#8434 = CARTESIAN_POINT('',(49.828092153548,36.202228038923,5.));
#8435 = VECTOR('',#8436,1.);
#8436 = DIRECTION('',(1.47069691946E-02,1.068523857794E-02,
    0.999834751713));
#8437 = PCURVE('',#5046,#8438);
#8438 = DEFINITIONAL_REPRESENTATION('',(#8439),#8443);
#8439 = LINE('',#8440,#8441);
#8440 = CARTESIAN_POINT('',(61.590909090909,0.));
#8441 = VECTOR('',#8442,1.);
#8442 = DIRECTION('',(1.817881366751E-02,0.999834751713));
#8443 = ( GEOMETRIC_REPRESENTATION_CONTEXT(2) 
PARAMETRIC_REPRESENTATION_CONTEXT() REPRESENTATION_CONTEXT('2D SPACE',''
  ) );
#8444 = PCURVE('',#8320,#8445);
#8445 = DEFINITIONAL_REPRESENTATION('',(#8446),#8450);
#8446 = LINE('',#8447,#8448);
#8447 = CARTESIAN_POINT('',(0.10471975512,-0.));
#8448 = VECTOR('',#8449,1.);
#8449 = DIRECTION('',(0.,1.));
#8450 = ( GEOMETRIC_REPRESENTATION_CONTEXT(2) 
PARAMETRIC_REPRESENTATION_CONTEXT() REPRESENTATION_CONTEXT('2D SPACE',''
  ) );
#8451 = ADVANCED_FACE('',(#8452),#5014,.F.);
#8452 = FACE_BOUND('',#8453,.F.);
#8453 = EDGE_LOOP('',(#8454,#8476,#8477,#8478));
#8454 = ORIENTED_EDGE('',*,*,#8455,.T.);
#8455 = EDGE_CURVE('',#8305,#8407,#8456,.T.);
#8456 = SURFACE_CURVE('',#8457,(#8462,#8469),.PCURVE_S1.);
#8457 = CIRCLE('',#8458,63.409090909091);
#8458 = AXIS2_PLACEMENT_3D('',#8459,#8460,#8461);
#8459 = CARTESIAN_POINT('',(0.,0.,105.));
#8460 = DIRECTION('',(0.,-0.,1.));
#8461 = DIRECTION('',(0.866025403784,0.5,0.));
#8462 = PCURVE('',#5014,#8463);
#8463 = DEFINITIONAL_REPRESENTATION('',(#8464),#8468);
#8464 = CIRCLE('',#8465,63.409090909091);
#8465 = AXIS2_PLACEMENT_2D('',#8466,#8467);
#8466 = CARTESIAN_POINT('',(0.,0.));
#8467 = DIRECTION('',(1.,0.));
#8468 = ( GEOMETRIC_REPRESENTATION_CONTEXT(2) 
PARAMETRIC_REPRESENTATION_CONTEXT() REPRESENTATION_CONTEXT('2D SPACE',''
  ) );
#8469 = PCURVE('',#8320,#8470);
#8470 = DEFINITIONAL_REPRESENTATION('',(#8471),#8475);
#8471 = LINE('',#8472,#8473);
#8472 = CARTESIAN_POINT('',(0.,100.));
#8473 = VECTOR('',#8474,1.);
#8474 = DIRECTION('',(1.,0.));
#8475 = ( GEOMETRIC_REPRESENTATION_CONTEXT(2) 
PARAMETRIC_REPRESENTATION_CONTEXT() REPRESENTATION_CONTEXT('2D SPACE',''
  ) );
#8476 = ORIENTED_EDGE('',*,*,#8406,.F.);
#8477 = ORIENTED_EDGE('',*,*,#4997,.F.);
#8478 = ORIENTED_EDGE('',*,*,#8332,.T.);
#8479 = ADVANCED_FACE('',(#8480),#5111,.F.);
#8480 = FACE_BOUND('',#8481,.F.);
#8481 = EDGE_LOOP('',(#8482,#8483,#8506,#8534));
#8482 = ORIENTED_EDGE('',*,*,#5089,.F.);
#8483 = ORIENTED_EDGE('',*,*,#8484,.T.);
#8484 = EDGE_CURVE('',#5090,#8485,#8487,.T.);
#8485 = VERTEX_POINT('',#8486);
#8486 = CARTESIAN_POINT('',(43.551349477626,43.551349477626,5.));
#8487 = SURFACE_CURVE('',#8488,(#8492,#8499),.PCURVE_S1.);
#8488 = LINE('',#8489,#8490);
#8489 = CARTESIAN_POINT('',(0.,0.,5.));
#8490 = VECTOR('',#8491,1.);
#8491 = DIRECTION('',(0.707106781187,0.707106781187,0.));
#8492 = PCURVE('',#5111,#8493);
#8493 = DEFINITIONAL_REPRESENTATION('',(#8494),#8498);
#8494 = LINE('',#8495,#8496);
#8495 = CARTESIAN_POINT('',(0.,0.));
#8496 = VECTOR('',#8497,1.);
#8497 = DIRECTION('',(1.,0.));
#8498 = ( GEOMETRIC_REPRESENTATION_CONTEXT(2) 
PARAMETRIC_REPRESENTATION_CONTEXT() REPRESENTATION_CONTEXT('2D SPACE',''
  ) );
#8499 = PCURVE('',#5203,#8500);
#8500 = DEFINITIONAL_REPRESENTATION('',(#8501),#8505);
#8501 = LINE('',#8502,#8503);
#8502 = CARTESIAN_POINT('',(0.,0.));
#8503 = VECTOR('',#8504,1.);
#8504 = DIRECTION('',(1.,0.));
#8505 = ( GEOMETRIC_REPRESENTATION_CONTEXT(2) 
PARAMETRIC_REPRESENTATION_CONTEXT() REPRESENTATION_CONTEXT('2D SPACE',''
  ) );
#8506 = ORIENTED_EDGE('',*,*,#8507,.T.);
#8507 = EDGE_CURVE('',#8485,#8508,#8510,.T.);
#8508 = VERTEX_POINT('',#8509);
#8509 = CARTESIAN_POINT('',(44.836998170692,44.836998170692,105.));
#8510 = SURFACE_CURVE('',#8511,(#8515,#8522),.PCURVE_S1.);
#8511 = LINE('',#8512,#8513);
#8512 = CARTESIAN_POINT('',(43.551349477626,43.551349477626,5.));
#8513 = VECTOR('',#8514,1.);
#8514 = DIRECTION('',(1.285436241823E-02,1.285436241823E-02,
    0.999834751713));
#8515 = PCURVE('',#5111,#8516);
#8516 = DEFINITIONAL_REPRESENTATION('',(#8517),#8521);
#8517 = LINE('',#8518,#8519);
#8518 = CARTESIAN_POINT('',(61.590909090909,0.));
#8519 = VECTOR('',#8520,1.);
#8520 = DIRECTION('',(1.817881366751E-02,0.999834751713));
#8521 = ( GEOMETRIC_REPRESENTATION_CONTEXT(2) 
PARAMETRIC_REPRESENTATION_CONTEXT() REPRESENTATION_CONTEXT('2D SPACE',''
  ) );
#8522 = PCURVE('',#8523,#8528);
#8523 = CONICAL_SURFACE('',#8524,61.590909090909,1.817981507298E-02);
#8524 = AXIS2_PLACEMENT_3D('',#8525,#8526,#8527);
#8525 = CARTESIAN_POINT('',(0.,0.,5.));
#8526 = DIRECTION('',(0.,0.,1.));
#8527 = DIRECTION('',(0.707106781187,0.707106781187,0.));
#8528 = DEFINITIONAL_REPRESENTATION('',(#8529),#8533);
#8529 = LINE('',#8530,#8531);
#8530 = CARTESIAN_POINT('',(0.,-0.));
#8531 = VECTOR('',#8532,1.);
#8532 = DIRECTION('',(0.,1.));
#8533 = ( GEOMETRIC_REPRESENTATION_CONTEXT(2) 
PARAMETRIC_REPRESENTATION_CONTEXT() REPRESENTATION_CONTEXT('2D SPACE',''
  ) );
#8534 = ORIENTED_EDGE('',*,*,#8535,.F.);
#8535 = EDGE_CURVE('',#5092,#8508,#8536,.T.);
#8536 = SURFACE_CURVE('',#8537,(#8541,#8548),.PCURVE_S1.);
#8537 = LINE('',#8538,#8539);
#8538 = CARTESIAN_POINT('',(0.,0.,105.));
#8539 = VECTOR('',#8540,1.);
#8540 = DIRECTION('',(0.707106781187,0.707106781187,0.));
#8541 = PCURVE('',#5111,#8542);
#8542 = DEFINITIONAL_REPRESENTATION('',(#8543),#8547);
#8543 = LINE('',#8544,#8545);
#8544 = CARTESIAN_POINT('',(0.,100.));
#8545 = VECTOR('',#8546,1.);
#8546 = DIRECTION('',(1.,0.));
#8547 = ( GEOMETRIC_REPRESENTATION_CONTEXT(2) 
PARAMETRIC_REPRESENTATION_CONTEXT() REPRESENTATION_CONTEXT('2D SPACE',''
  ) );
#8548 = PCURVE('',#5142,#8549);
#8549 = DEFINITIONAL_REPRESENTATION('',(#8550),#8554);
#8550 = LINE('',#8551,#8552);
#8551 = CARTESIAN_POINT('',(0.,0.));
#8552 = VECTOR('',#8553,1.);
#8553 = DIRECTION('',(1.,0.));
#8554 = ( GEOMETRIC_REPRESENTATION_CONTEXT(2) 
PARAMETRIC_REPRESENTATION_CONTEXT() REPRESENTATION_CONTEXT('2D SPACE',''
  ) );
#8555 = ADVANCED_FACE('',(#8556),#5203,.T.);
#8556 = FACE_BOUND('',#8557,.T.);
#8557 = EDGE_LOOP('',(#8558,#8582,#8603,#8604));
#8558 = ORIENTED_EDGE('',*,*,#8559,.T.);
#8559 = EDGE_CURVE('',#8485,#8560,#8562,.T.);
#8560 = VERTEX_POINT('',#8561);
#8561 = CARTESIAN_POINT('',(38.760414994206,47.865126262463,5.));
#8562 = SURFACE_CURVE('',#8563,(#8568,#8575),.PCURVE_S1.);
#8563 = CIRCLE('',#8564,61.590909090909);
#8564 = AXIS2_PLACEMENT_3D('',#8565,#8566,#8567);
#8565 = CARTESIAN_POINT('',(0.,0.,5.));
#8566 = DIRECTION('',(0.,-0.,1.));
#8567 = DIRECTION('',(0.707106781187,0.707106781187,0.));
#8568 = PCURVE('',#5203,#8569);
#8569 = DEFINITIONAL_REPRESENTATION('',(#8570),#8574);
#8570 = CIRCLE('',#8571,61.590909090909);
#8571 = AXIS2_PLACEMENT_2D('',#8572,#8573);
#8572 = CARTESIAN_POINT('',(0.,0.));
#8573 = DIRECTION('',(1.,0.));
#8574 = ( GEOMETRIC_REPRESENTATION_CONTEXT(2) 
PARAMETRIC_REPRESENTATION_CONTEXT() REPRESENTATION_CONTEXT('2D SPACE',''
  ) );
#8575 = PCURVE('',#8523,#8576);
#8576 = DEFINITIONAL_REPRESENTATION('',(#8577),#8581);
#8577 = LINE('',#8578,#8579);
#8578 = CARTESIAN_POINT('',(0.,0.));
#8579 = VECTOR('',#8580,1.);
#8580 = DIRECTION('',(1.,0.));
#8581 = ( GEOMETRIC_REPRESENTATION_CONTEXT(2) 
PARAMETRIC_REPRESENTATION_CONTEXT() REPRESENTATION_CONTEXT('2D SPACE',''
  ) );
#8582 = ORIENTED_EDGE('',*,*,#8583,.F.);
#8583 = EDGE_CURVE('',#5155,#8560,#8584,.T.);
#8584 = SURFACE_CURVE('',#8585,(#8589,#8596),.PCURVE_S1.);
#8585 = LINE('',#8586,#8587);
#8586 = CARTESIAN_POINT('',(0.,0.,5.));
#8587 = VECTOR('',#8588,1.);
#8588 = DIRECTION('',(0.62932039105,0.777145961457,0.));
#8589 = PCURVE('',#5203,#8590);
#8590 = DEFINITIONAL_REPRESENTATION('',(#8591),#8595);
#8591 = LINE('',#8592,#8593);
#8592 = CARTESIAN_POINT('',(0.,0.));
#8593 = VECTOR('',#8594,1.);
#8594 = DIRECTION('',(0.994521895368,0.104528463268));
#8595 = ( GEOMETRIC_REPRESENTATION_CONTEXT(2) 
PARAMETRIC_REPRESENTATION_CONTEXT() REPRESENTATION_CONTEXT('2D SPACE',''
  ) );
#8596 = PCURVE('',#5174,#8597);
#8597 = DEFINITIONAL_REPRESENTATION('',(#8598),#8602);
#8598 = LINE('',#8599,#8600);
#8599 = CARTESIAN_POINT('',(0.,0.));
#8600 = VECTOR('',#8601,1.);
#8601 = DIRECTION('',(1.,0.));
#8602 = ( GEOMETRIC_REPRESENTATION_CONTEXT(2) 
PARAMETRIC_REPRESENTATION_CONTEXT() REPRESENTATION_CONTEXT('2D SPACE',''
  ) );
#8603 = ORIENTED_EDGE('',*,*,#5188,.F.);
#8604 = ORIENTED_EDGE('',*,*,#8484,.T.);
#8605 = ADVANCED_FACE('',(#8606),#5174,.T.);
#8606 = FACE_BOUND('',#8607,.T.);
#8607 = EDGE_LOOP('',(#8608,#8631,#8632,#8633));
#8608 = ORIENTED_EDGE('',*,*,#8609,.F.);
#8609 = EDGE_CURVE('',#5126,#8610,#8612,.T.);
#8610 = VERTEX_POINT('',#8611);
#8611 = CARTESIAN_POINT('',(39.904633887024,49.278118919658,105.));
#8612 = SURFACE_CURVE('',#8613,(#8617,#8624),.PCURVE_S1.);
#8613 = LINE('',#8614,#8615);
#8614 = CARTESIAN_POINT('',(0.,0.,105.));
#8615 = VECTOR('',#8616,1.);
#8616 = DIRECTION('',(0.62932039105,0.777145961457,0.));
#8617 = PCURVE('',#5174,#8618);
#8618 = DEFINITIONAL_REPRESENTATION('',(#8619),#8623);
#8619 = LINE('',#8620,#8621);
#8620 = CARTESIAN_POINT('',(0.,100.));
#8621 = VECTOR('',#8622,1.);
#8622 = DIRECTION('',(1.,0.));
#8623 = ( GEOMETRIC_REPRESENTATION_CONTEXT(2) 
PARAMETRIC_REPRESENTATION_CONTEXT() REPRESENTATION_CONTEXT('2D SPACE',''
  ) );
#8624 = PCURVE('',#5142,#8625);
#8625 = DEFINITIONAL_REPRESENTATION('',(#8626),#8630);
#8626 = LINE('',#8627,#8628);
#8627 = CARTESIAN_POINT('',(0.,0.));
#8628 = VECTOR('',#8629,1.);
#8629 = DIRECTION('',(0.994521895368,0.104528463268));
#8630 = ( GEOMETRIC_REPRESENTATION_CONTEXT(2) 
PARAMETRIC_REPRESENTATION_CONTEXT() REPRESENTATION_CONTEXT('2D SPACE',''
  ) );
#8631 = ORIENTED_EDGE('',*,*,#5154,.F.);
#8632 = ORIENTED_EDGE('',*,*,#8583,.T.);
#8633 = ORIENTED_EDGE('',*,*,#8634,.T.);
#8634 = EDGE_CURVE('',#8560,#8610,#8635,.T.);
#8635 = SURFACE_CURVE('',#8636,(#8640,#8647),.PCURVE_S1.);
#8636 = LINE('',#8637,#8638);
#8637 = CARTESIAN_POINT('',(38.760414994206,47.865126262463,5.));
#8638 = VECTOR('',#8639,1.);
#8639 = DIRECTION('',(1.144029812606E-02,1.412759162579E-02,
    0.999834751713));
#8640 = PCURVE('',#5174,#8641);
#8641 = DEFINITIONAL_REPRESENTATION('',(#8642),#8646);
#8642 = LINE('',#8643,#8644);
#8643 = CARTESIAN_POINT('',(61.590909090909,0.));
#8644 = VECTOR('',#8645,1.);
#8645 = DIRECTION('',(1.817881366751E-02,0.999834751713));
#8646 = ( GEOMETRIC_REPRESENTATION_CONTEXT(2) 
PARAMETRIC_REPRESENTATION_CONTEXT() REPRESENTATION_CONTEXT('2D SPACE',''
  ) );
#8647 = PCURVE('',#8523,#8648);
#8648 = DEFINITIONAL_REPRESENTATION('',(#8649),#8653);
#8649 = LINE('',#8650,#8651);
#8650 = CARTESIAN_POINT('',(0.10471975512,-0.));
#8651 = VECTOR('',#8652,1.);
#8652 = DIRECTION('',(0.,1.));
#8653 = ( GEOMETRIC_REPRESENTATION_CONTEXT(2) 
PARAMETRIC_REPRESENTATION_CONTEXT() REPRESENTATION_CONTEXT('2D SPACE',''
  ) );
#8654 = ADVANCED_FACE('',(#8655),#5142,.F.);
#8655 = FACE_BOUND('',#8656,.F.);
#8656 = EDGE_LOOP('',(#8657,#8679,#8680,#8681));
#8657 = ORIENTED_EDGE('',*,*,#8658,.T.);
#8658 = EDGE_CURVE('',#8508,#8610,#8659,.T.);
#8659 = SURFACE_CURVE('',#8660,(#8665,#8672),.PCURVE_S1.);
#8660 = CIRCLE('',#8661,63.409090909091);
#8661 = AXIS2_PLACEMENT_3D('',#8662,#8663,#8664);
#8662 = CARTESIAN_POINT('',(0.,0.,105.));
#8663 = DIRECTION('',(0.,-0.,1.));
#8664 = DIRECTION('',(0.707106781187,0.707106781187,0.));
#8665 = PCURVE('',#5142,#8666);
#8666 = DEFINITIONAL_REPRESENTATION('',(#8667),#8671);
#8667 = CIRCLE('',#8668,63.409090909091);
#8668 = AXIS2_PLACEMENT_2D('',#8669,#8670);
#8669 = CARTESIAN_POINT('',(0.,0.));
#8670 = DIRECTION('',(1.,0.));
#8671 = ( GEOMETRIC_REPRESENTATION_CONTEXT(2) 
PARAMETRIC_REPRESENTATION_CONTEXT() REPRESENTATION_CONTEXT('2D SPACE',''
  ) );
#8672 = PCURVE('',#8523,#8673);
#8673 = DEFINITIONAL_REPRESENTATION('',(#8674),#8678);
#8674 = LINE('',#8675,#8676);
#8675 = CARTESIAN_POINT('',(0.,100.));
#8676 = VECTOR('',#8677,1.);
#8677 = DIRECTION('',(1.,0.));
#8678 = ( GEOMETRIC_REPRESENTATION_CONTEXT(2) 
PARAMETRIC_REPRESENTATION_CONTEXT() REPRESENTATION_CONTEXT('2D SPACE',''
  ) );
#8679 = ORIENTED_EDGE('',*,*,#8609,.F.);
#8680 = ORIENTED_EDGE('',*,*,#5125,.F.);
#8681 = ORIENTED_EDGE('',*,*,#8535,.T.);
#8682 = ADVANCED_FACE('',(#8683),#5239,.F.);
#8683 = FACE_BOUND('',#8684,.F.);
#8684 = EDGE_LOOP('',(#8685,#8686,#8709,#8737));
#8685 = ORIENTED_EDGE('',*,*,#5217,.F.);
#8686 = ORIENTED_EDGE('',*,*,#8687,.T.);
#8687 = EDGE_CURVE('',#5218,#8688,#8690,.T.);
#8688 = VERTEX_POINT('',#8689);
#8689 = CARTESIAN_POINT('',(30.795454545455,53.339291914905,5.));
#8690 = SURFACE_CURVE('',#8691,(#8695,#8702),.PCURVE_S1.);
#8691 = LINE('',#8692,#8693);
#8692 = CARTESIAN_POINT('',(0.,0.,5.));
#8693 = VECTOR('',#8694,1.);
#8694 = DIRECTION('',(0.5,0.866025403784,0.));
#8695 = PCURVE('',#5239,#8696);
#8696 = DEFINITIONAL_REPRESENTATION('',(#8697),#8701);
#8697 = LINE('',#8698,#8699);
#8698 = CARTESIAN_POINT('',(0.,0.));
#8699 = VECTOR('',#8700,1.);
#8700 = DIRECTION('',(1.,0.));
#8701 = ( GEOMETRIC_REPRESENTATION_CONTEXT(2) 
PARAMETRIC_REPRESENTATION_CONTEXT() REPRESENTATION_CONTEXT('2D SPACE',''
  ) );
#8702 = PCURVE('',#5331,#8703);
#8703 = DEFINITIONAL_REPRESENTATION('',(#8704),#8708);
#8704 = LINE('',#8705,#8706);
#8705 = CARTESIAN_POINT('',(0.,0.));
#8706 = VECTOR('',#8707,1.);
#8707 = DIRECTION('',(1.,0.));
#8708 = ( GEOMETRIC_REPRESENTATION_CONTEXT(2) 
PARAMETRIC_REPRESENTATION_CONTEXT() REPRESENTATION_CONTEXT('2D SPACE',''
  ) );
#8709 = ORIENTED_EDGE('',*,*,#8710,.T.);
#8710 = EDGE_CURVE('',#8688,#8711,#8713,.T.);
#8711 = VERTEX_POINT('',#8712);
#8712 = CARTESIAN_POINT('',(31.704545454545,54.91388355815,105.));
#8713 = SURFACE_CURVE('',#8714,(#8718,#8725),.PCURVE_S1.);
#8714 = LINE('',#8715,#8716);
#8715 = CARTESIAN_POINT('',(30.795454545455,53.339291914905,5.));
#8716 = VECTOR('',#8717,1.);
#8717 = DIRECTION('',(9.089406833757E-03,1.574331444673E-02,
    0.999834751713));
#8718 = PCURVE('',#5239,#8719);
#8719 = DEFINITIONAL_REPRESENTATION('',(#8720),#8724);
#8720 = LINE('',#8721,#8722);
#8721 = CARTESIAN_POINT('',(61.590909090909,0.));
#8722 = VECTOR('',#8723,1.);
#8723 = DIRECTION('',(1.817881366751E-02,0.999834751713));
#8724 = ( GEOMETRIC_REPRESENTATION_CONTEXT(2) 
PARAMETRIC_REPRESENTATION_CONTEXT() REPRESENTATION_CONTEXT('2D SPACE',''
  ) );
#8725 = PCURVE('',#8726,#8731);
#8726 = CONICAL_SURFACE('',#8727,61.590909090909,1.817981507298E-02);
#8727 = AXIS2_PLACEMENT_3D('',#8728,#8729,#8730);
#8728 = CARTESIAN_POINT('',(0.,0.,5.));
#8729 = DIRECTION('',(0.,0.,1.));
#8730 = DIRECTION('',(0.5,0.866025403784,0.));
#8731 = DEFINITIONAL_REPRESENTATION('',(#8732),#8736);
#8732 = LINE('',#8733,#8734);
#8733 = CARTESIAN_POINT('',(0.,-0.));
#8734 = VECTOR('',#8735,1.);
#8735 = DIRECTION('',(0.,1.));
#8736 = ( GEOMETRIC_REPRESENTATION_CONTEXT(2) 
PARAMETRIC_REPRESENTATION_CONTEXT() REPRESENTATION_CONTEXT('2D SPACE',''
  ) );
#8737 = ORIENTED_EDGE('',*,*,#8738,.F.);
#8738 = EDGE_CURVE('',#5220,#8711,#8739,.T.);
#8739 = SURFACE_CURVE('',#8740,(#8744,#8751),.PCURVE_S1.);
#8740 = LINE('',#8741,#8742);
#8741 = CARTESIAN_POINT('',(0.,0.,105.));
#8742 = VECTOR('',#8743,1.);
#8743 = DIRECTION('',(0.5,0.866025403784,0.));
#8744 = PCURVE('',#5239,#8745);
#8745 = DEFINITIONAL_REPRESENTATION('',(#8746),#8750);
#8746 = LINE('',#8747,#8748);
#8747 = CARTESIAN_POINT('',(0.,100.));
#8748 = VECTOR('',#8749,1.);
#8749 = DIRECTION('',(1.,0.));
#8750 = ( GEOMETRIC_REPRESENTATION_CONTEXT(2) 
PARAMETRIC_REPRESENTATION_CONTEXT() REPRESENTATION_CONTEXT('2D SPACE',''
  ) );
#8751 = PCURVE('',#5270,#8752);
#8752 = DEFINITIONAL_REPRESENTATION('',(#8753),#8757);
#8753 = LINE('',#8754,#8755);
#8754 = CARTESIAN_POINT('',(0.,0.));
#8755 = VECTOR('',#8756,1.);
#8756 = DIRECTION('',(1.,0.));
#8757 = ( GEOMETRIC_REPRESENTATION_CONTEXT(2) 
PARAMETRIC_REPRESENTATION_CONTEXT() REPRESENTATION_CONTEXT('2D SPACE',''
  ) );
#8758 = ADVANCED_FACE('',(#8759),#5331,.T.);
#8759 = FACE_BOUND('',#8760,.T.);
#8760 = EDGE_LOOP('',(#8761,#8785,#8806,#8807));
#8761 = ORIENTED_EDGE('',*,*,#8762,.T.);
#8762 = EDGE_CURVE('',#8688,#8763,#8765,.T.);
#8763 = VERTEX_POINT('',#8764);
#8764 = CARTESIAN_POINT('',(25.051279607623,56.266095232078,5.));
#8765 = SURFACE_CURVE('',#8766,(#8771,#8778),.PCURVE_S1.);
#8766 = CIRCLE('',#8767,61.590909090909);
#8767 = AXIS2_PLACEMENT_3D('',#8768,#8769,#8770);
#8768 = CARTESIAN_POINT('',(0.,0.,5.));
#8769 = DIRECTION('',(0.,-0.,1.));
#8770 = DIRECTION('',(0.5,0.866025403784,0.));
#8771 = PCURVE('',#5331,#8772);
#8772 = DEFINITIONAL_REPRESENTATION('',(#8773),#8777);
#8773 = CIRCLE('',#8774,61.590909090909);
#8774 = AXIS2_PLACEMENT_2D('',#8775,#8776);
#8775 = CARTESIAN_POINT('',(0.,0.));
#8776 = DIRECTION('',(1.,0.));
#8777 = ( GEOMETRIC_REPRESENTATION_CONTEXT(2) 
PARAMETRIC_REPRESENTATION_CONTEXT() REPRESENTATION_CONTEXT('2D SPACE',''
  ) );
#8778 = PCURVE('',#8726,#8779);
#8779 = DEFINITIONAL_REPRESENTATION('',(#8780),#8784);
#8780 = LINE('',#8781,#8782);
#8781 = CARTESIAN_POINT('',(0.,0.));
#8782 = VECTOR('',#8783,1.);
#8783 = DIRECTION('',(1.,0.));
#8784 = ( GEOMETRIC_REPRESENTATION_CONTEXT(2) 
PARAMETRIC_REPRESENTATION_CONTEXT() REPRESENTATION_CONTEXT('2D SPACE',''
  ) );
#8785 = ORIENTED_EDGE('',*,*,#8786,.F.);
#8786 = EDGE_CURVE('',#5283,#8763,#8787,.T.);
#8787 = SURFACE_CURVE('',#8788,(#8792,#8799),.PCURVE_S1.);
#8788 = LINE('',#8789,#8790);
#8789 = CARTESIAN_POINT('',(0.,0.,5.));
#8790 = VECTOR('',#8791,1.);
#8791 = DIRECTION('',(0.406736643076,0.913545457643,0.));
#8792 = PCURVE('',#5331,#8793);
#8793 = DEFINITIONAL_REPRESENTATION('',(#8794),#8798);
#8794 = LINE('',#8795,#8796);
#8795 = CARTESIAN_POINT('',(0.,0.));
#8796 = VECTOR('',#8797,1.);
#8797 = DIRECTION('',(0.994521895368,0.104528463268));
#8798 = ( GEOMETRIC_REPRESENTATION_CONTEXT(2) 
PARAMETRIC_REPRESENTATION_CONTEXT() REPRESENTATION_CONTEXT('2D SPACE',''
  ) );
#8799 = PCURVE('',#5302,#8800);
#8800 = DEFINITIONAL_REPRESENTATION('',(#8801),#8805);
#8801 = LINE('',#8802,#8803);
#8802 = CARTESIAN_POINT('',(0.,0.));
#8803 = VECTOR('',#8804,1.);
#8804 = DIRECTION('',(1.,0.));
#8805 = ( GEOMETRIC_REPRESENTATION_CONTEXT(2) 
PARAMETRIC_REPRESENTATION_CONTEXT() REPRESENTATION_CONTEXT('2D SPACE',''
  ) );
#8806 = ORIENTED_EDGE('',*,*,#5316,.F.);
#8807 = ORIENTED_EDGE('',*,*,#8687,.T.);
#8808 = ADVANCED_FACE('',(#8809),#5302,.T.);
#8809 = FACE_BOUND('',#8810,.T.);
#8810 = EDGE_LOOP('',(#8811,#8834,#8835,#8836));
#8811 = ORIENTED_EDGE('',*,*,#8812,.F.);
#8812 = EDGE_CURVE('',#5254,#8813,#8815,.T.);
#8813 = VERTEX_POINT('',#8814);
#8814 = CARTESIAN_POINT('',(25.790800776852,57.927086973247,105.));
#8815 = SURFACE_CURVE('',#8816,(#8820,#8827),.PCURVE_S1.);
#8816 = LINE('',#8817,#8818);
#8817 = CARTESIAN_POINT('',(0.,0.,105.));
#8818 = VECTOR('',#8819,1.);
#8819 = DIRECTION('',(0.406736643076,0.913545457643,0.));
#8820 = PCURVE('',#5302,#8821);
#8821 = DEFINITIONAL_REPRESENTATION('',(#8822),#8826);
#8822 = LINE('',#8823,#8824);
#8823 = CARTESIAN_POINT('',(0.,100.));
#8824 = VECTOR('',#8825,1.);
#8825 = DIRECTION('',(1.,0.));
#8826 = ( GEOMETRIC_REPRESENTATION_CONTEXT(2) 
PARAMETRIC_REPRESENTATION_CONTEXT() REPRESENTATION_CONTEXT('2D SPACE',''
  ) );
#8827 = PCURVE('',#5270,#8828);
#8828 = DEFINITIONAL_REPRESENTATION('',(#8829),#8833);
#8829 = LINE('',#8830,#8831);
#8830 = CARTESIAN_POINT('',(0.,0.));
#8831 = VECTOR('',#8832,1.);
#8832 = DIRECTION('',(0.994521895368,0.104528463268));
#8833 = ( GEOMETRIC_REPRESENTATION_CONTEXT(2) 
PARAMETRIC_REPRESENTATION_CONTEXT() REPRESENTATION_CONTEXT('2D SPACE',''
  ) );
#8834 = ORIENTED_EDGE('',*,*,#5282,.F.);
#8835 = ORIENTED_EDGE('',*,*,#8786,.T.);
#8836 = ORIENTED_EDGE('',*,*,#8837,.T.);
#8837 = EDGE_CURVE('',#8763,#8813,#8838,.T.);
#8838 = SURFACE_CURVE('',#8839,(#8843,#8850),.PCURVE_S1.);
#8839 = LINE('',#8840,#8841);
#8840 = CARTESIAN_POINT('',(25.051279607623,56.266095232078,5.));
#8841 = VECTOR('',#8842,1.);
#8842 = DIRECTION('',(7.393989646226E-03,1.660717265129E-02,
    0.999834751713));
#8843 = PCURVE('',#5302,#8844);
#8844 = DEFINITIONAL_REPRESENTATION('',(#8845),#8849);
#8845 = LINE('',#8846,#8847);
#8846 = CARTESIAN_POINT('',(61.590909090909,0.));
#8847 = VECTOR('',#8848,1.);
#8848 = DIRECTION('',(1.817881366751E-02,0.999834751713));
#8849 = ( GEOMETRIC_REPRESENTATION_CONTEXT(2) 
PARAMETRIC_REPRESENTATION_CONTEXT() REPRESENTATION_CONTEXT('2D SPACE',''
  ) );
#8850 = PCURVE('',#8726,#8851);
#8851 = DEFINITIONAL_REPRESENTATION('',(#8852),#8856);
#8852 = LINE('',#8853,#8854);
#8853 = CARTESIAN_POINT('',(0.10471975512,-0.));
#8854 = VECTOR('',#8855,1.);
#8855 = DIRECTION('',(0.,1.));
#8856 = ( GEOMETRIC_REPRESENTATION_CONTEXT(2) 
PARAMETRIC_REPRESENTATION_CONTEXT() REPRESENTATION_CONTEXT('2D SPACE',''
  ) );
#8857 = ADVANCED_FACE('',(#8858),#5270,.F.);
#8858 = FACE_BOUND('',#8859,.F.);
#8859 = EDGE_LOOP('',(#8860,#8882,#8883,#8884));
#8860 = ORIENTED_EDGE('',*,*,#8861,.T.);
#8861 = EDGE_CURVE('',#8711,#8813,#8862,.T.);
#8862 = SURFACE_CURVE('',#8863,(#8868,#8875),.PCURVE_S1.);
#8863 = CIRCLE('',#8864,63.409090909091);
#8864 = AXIS2_PLACEMENT_3D('',#8865,#8866,#8867);
#8865 = CARTESIAN_POINT('',(0.,0.,105.));
#8866 = DIRECTION('',(0.,-0.,1.));
#8867 = DIRECTION('',(0.5,0.866025403784,0.));
#8868 = PCURVE('',#5270,#8869);
#8869 = DEFINITIONAL_REPRESENTATION('',(#8870),#8874);
#8870 = CIRCLE('',#8871,63.409090909091);
#8871 = AXIS2_PLACEMENT_2D('',#8872,#8873);
#8872 = CARTESIAN_POINT('',(0.,0.));
#8873 = DIRECTION('',(1.,0.));
#8874 = ( GEOMETRIC_REPRESENTATION_CONTEXT(2) 
PARAMETRIC_REPRESENTATION_CONTEXT() REPRESENTATION_CONTEXT('2D SPACE',''
  ) );
#8875 = PCURVE('',#8726,#8876);
#8876 = DEFINITIONAL_REPRESENTATION('',(#8877),#8881);
#8877 = LINE('',#8878,#8879);
#8878 = CARTESIAN_POINT('',(0.,100.));
#8879 = VECTOR('',#8880,1.);
#8880 = DIRECTION('',(1.,0.));
#8881 = ( GEOMETRIC_REPRESENTATION_CONTEXT(2) 
PARAMETRIC_REPRESENTATION_CONTEXT() REPRESENTATION_CONTEXT('2D SPACE',''
  ) );
#8882 = ORIENTED_EDGE('',*,*,#8812,.F.);
#8883 = ORIENTED_EDGE('',*,*,#5253,.F.);
#8884 = ORIENTED_EDGE('',*,*,#8738,.T.);
#8885 = ADVANCED_FACE('',(#8886),#5367,.F.);
#8886 = FACE_BOUND('',#8887,.F.);
#8887 = EDGE_LOOP('',(#8888,#8889,#8912,#8940));
#8888 = ORIENTED_EDGE('',*,*,#5345,.F.);
#8889 = ORIENTED_EDGE('',*,*,#8890,.T.);
#8890 = EDGE_CURVE('',#5346,#8891,#8893,.T.);
#8891 = VERTEX_POINT('',#8892);
#8892 = CARTESIAN_POINT('',(15.940900277905,59.492249755531,5.));
#8893 = SURFACE_CURVE('',#8894,(#8898,#8905),.PCURVE_S1.);
#8894 = LINE('',#8895,#8896);
#8895 = CARTESIAN_POINT('',(0.,0.,5.));
#8896 = VECTOR('',#8897,1.);
#8897 = DIRECTION('',(0.258819045103,0.965925826289,0.));
#8898 = PCURVE('',#5367,#8899);
#8899 = DEFINITIONAL_REPRESENTATION('',(#8900),#8904);
#8900 = LINE('',#8901,#8902);
#8901 = CARTESIAN_POINT('',(0.,0.));
#8902 = VECTOR('',#8903,1.);
#8903 = DIRECTION('',(1.,0.));
#8904 = ( GEOMETRIC_REPRESENTATION_CONTEXT(2) 
PARAMETRIC_REPRESENTATION_CONTEXT() REPRESENTATION_CONTEXT('2D SPACE',''
  ) );
#8905 = PCURVE('',#5459,#8906);
#8906 = DEFINITIONAL_REPRESENTATION('',(#8907),#8911);
#8907 = LINE('',#8908,#8909);
#8908 = CARTESIAN_POINT('',(0.,0.));
#8909 = VECTOR('',#8910,1.);
#8910 = DIRECTION('',(1.,0.));
#8911 = ( GEOMETRIC_REPRESENTATION_CONTEXT(2) 
PARAMETRIC_REPRESENTATION_CONTEXT() REPRESENTATION_CONTEXT('2D SPACE',''
  ) );
#8912 = ORIENTED_EDGE('',*,*,#8913,.T.);
#8913 = EDGE_CURVE('',#8891,#8914,#8916,.T.);
#8914 = VERTEX_POINT('',#8915);
#8915 = CARTESIAN_POINT('',(16.41148035991,61.248478530602,105.));
#8916 = SURFACE_CURVE('',#8917,(#8921,#8928),.PCURVE_S1.);
#8917 = LINE('',#8918,#8919);
#8918 = CARTESIAN_POINT('',(15.940900277905,59.492249755531,5.));
#8919 = VECTOR('',#8920,1.);
#8920 = DIRECTION('',(4.705023194523E-03,1.755938561275E-02,
    0.999834751713));
#8921 = PCURVE('',#5367,#8922);
#8922 = DEFINITIONAL_REPRESENTATION('',(#8923),#8927);
#8923 = LINE('',#8924,#8925);
#8924 = CARTESIAN_POINT('',(61.590909090909,0.));
#8925 = VECTOR('',#8926,1.);
#8926 = DIRECTION('',(1.817881366751E-02,0.999834751713));
#8927 = ( GEOMETRIC_REPRESENTATION_CONTEXT(2) 
PARAMETRIC_REPRESENTATION_CONTEXT() REPRESENTATION_CONTEXT('2D SPACE',''
  ) );
#8928 = PCURVE('',#8929,#8934);
#8929 = CONICAL_SURFACE('',#8930,61.590909090909,1.817981507298E-02);
#8930 = AXIS2_PLACEMENT_3D('',#8931,#8932,#8933);
#8931 = CARTESIAN_POINT('',(0.,0.,5.));
#8932 = DIRECTION('',(0.,0.,1.));
#8933 = DIRECTION('',(0.258819045103,0.965925826289,0.));
#8934 = DEFINITIONAL_REPRESENTATION('',(#8935),#8939);
#8935 = LINE('',#8936,#8937);
#8936 = CARTESIAN_POINT('',(0.,-0.));
#8937 = VECTOR('',#8938,1.);
#8938 = DIRECTION('',(0.,1.));
#8939 = ( GEOMETRIC_REPRESENTATION_CONTEXT(2) 
PARAMETRIC_REPRESENTATION_CONTEXT() REPRESENTATION_CONTEXT('2D SPACE',''
  ) );
#8940 = ORIENTED_EDGE('',*,*,#8941,.F.);
#8941 = EDGE_CURVE('',#5348,#8914,#8942,.T.);
#8942 = SURFACE_CURVE('',#8943,(#8947,#8954),.PCURVE_S1.);
#8943 = LINE('',#8944,#8945);
#8944 = CARTESIAN_POINT('',(0.,0.,105.));
#8945 = VECTOR('',#8946,1.);
#8946 = DIRECTION('',(0.258819045103,0.965925826289,0.));
#8947 = PCURVE('',#5367,#8948);
#8948 = DEFINITIONAL_REPRESENTATION('',(#8949),#8953);
#8949 = LINE('',#8950,#8951);
#8950 = CARTESIAN_POINT('',(0.,100.));
#8951 = VECTOR('',#8952,1.);
#8952 = DIRECTION('',(1.,0.));
#8953 = ( GEOMETRIC_REPRESENTATION_CONTEXT(2) 
PARAMETRIC_REPRESENTATION_CONTEXT() REPRESENTATION_CONTEXT('2D SPACE',''
  ) );
#8954 = PCURVE('',#5398,#8955);
#8955 = DEFINITIONAL_REPRESENTATION('',(#8956),#8960);
#8956 = LINE('',#8957,#8958);
#8957 = CARTESIAN_POINT('',(0.,0.));
#8958 = VECTOR('',#8959,1.);
#8959 = DIRECTION('',(1.,0.));
#8960 = ( GEOMETRIC_REPRESENTATION_CONTEXT(2) 
PARAMETRIC_REPRESENTATION_CONTEXT() REPRESENTATION_CONTEXT('2D SPACE',''
  ) );
#8961 = ADVANCED_FACE('',(#8962),#5459,.T.);
#8962 = FACE_BOUND('',#8963,.T.);
#8963 = EDGE_LOOP('',(#8964,#8988,#9009,#9010));
#8964 = ORIENTED_EDGE('',*,*,#8965,.T.);
#8965 = EDGE_CURVE('',#8891,#8966,#8968,.T.);
#8966 = VERTEX_POINT('',#8967);
#8967 = CARTESIAN_POINT('',(9.634940914978,60.832622795746,5.));
#8968 = SURFACE_CURVE('',#8969,(#8974,#8981),.PCURVE_S1.);
#8969 = CIRCLE('',#8970,61.590909090909);
#8970 = AXIS2_PLACEMENT_3D('',#8971,#8972,#8973);
#8971 = CARTESIAN_POINT('',(0.,0.,5.));
#8972 = DIRECTION('',(0.,-0.,1.));
#8973 = DIRECTION('',(0.258819045103,0.965925826289,0.));
#8974 = PCURVE('',#5459,#8975);
#8975 = DEFINITIONAL_REPRESENTATION('',(#8976),#8980);
#8976 = CIRCLE('',#8977,61.590909090909);
#8977 = AXIS2_PLACEMENT_2D('',#8978,#8979);
#8978 = CARTESIAN_POINT('',(0.,0.));
#8979 = DIRECTION('',(1.,0.));
#8980 = ( GEOMETRIC_REPRESENTATION_CONTEXT(2) 
PARAMETRIC_REPRESENTATION_CONTEXT() REPRESENTATION_CONTEXT('2D SPACE',''
  ) );
#8981 = PCURVE('',#8929,#8982);
#8982 = DEFINITIONAL_REPRESENTATION('',(#8983),#8987);
#8983 = LINE('',#8984,#8985);
#8984 = CARTESIAN_POINT('',(0.,0.));
#8985 = VECTOR('',#8986,1.);
#8986 = DIRECTION('',(1.,0.));
#8987 = ( GEOMETRIC_REPRESENTATION_CONTEXT(2) 
PARAMETRIC_REPRESENTATION_CONTEXT() REPRESENTATION_CONTEXT('2D SPACE',''
  ) );
#8988 = ORIENTED_EDGE('',*,*,#8989,.F.);
#8989 = EDGE_CURVE('',#5411,#8966,#8990,.T.);
#8990 = SURFACE_CURVE('',#8991,(#8995,#9002),.PCURVE_S1.);
#8991 = LINE('',#8992,#8993);
#8992 = CARTESIAN_POINT('',(0.,0.,5.));
#8993 = VECTOR('',#8994,1.);
#8994 = DIRECTION('',(0.15643446504,0.987688340595,0.));
#8995 = PCURVE('',#5459,#8996);
#8996 = DEFINITIONAL_REPRESENTATION('',(#8997),#9001);
#8997 = LINE('',#8998,#8999);
#8998 = CARTESIAN_POINT('',(0.,0.));
#8999 = VECTOR('',#9000,1.);
#9000 = DIRECTION('',(0.994521895368,0.104528463268));
#9001 = ( GEOMETRIC_REPRESENTATION_CONTEXT(2) 
PARAMETRIC_REPRESENTATION_CONTEXT() REPRESENTATION_CONTEXT('2D SPACE',''
  ) );
#9002 = PCURVE('',#5430,#9003);
#9003 = DEFINITIONAL_REPRESENTATION('',(#9004),#9008);
#9004 = LINE('',#9005,#9006);
#9005 = CARTESIAN_POINT('',(0.,0.));
#9006 = VECTOR('',#9007,1.);
#9007 = DIRECTION('',(1.,0.));
#9008 = ( GEOMETRIC_REPRESENTATION_CONTEXT(2) 
PARAMETRIC_REPRESENTATION_CONTEXT() REPRESENTATION_CONTEXT('2D SPACE',''
  ) );
#9009 = ORIENTED_EDGE('',*,*,#5444,.F.);
#9010 = ORIENTED_EDGE('',*,*,#8890,.T.);
#9011 = ADVANCED_FACE('',(#9012),#5430,.T.);
#9012 = FACE_BOUND('',#9013,.T.);
#9013 = EDGE_LOOP('',(#9014,#9037,#9038,#9039));
#9014 = ORIENTED_EDGE('',*,*,#9015,.F.);
#9015 = EDGE_CURVE('',#5382,#9016,#9018,.T.);
#9016 = VERTEX_POINT('',#9017);
#9017 = CARTESIAN_POINT('',(9.919367215051,62.628419778646,105.));
#9018 = SURFACE_CURVE('',#9019,(#9023,#9030),.PCURVE_S1.);
#9019 = LINE('',#9020,#9021);
#9020 = CARTESIAN_POINT('',(0.,0.,105.));
#9021 = VECTOR('',#9022,1.);
#9022 = DIRECTION('',(0.15643446504,0.987688340595,0.));
#9023 = PCURVE('',#5430,#9024);
#9024 = DEFINITIONAL_REPRESENTATION('',(#9025),#9029);
#9025 = LINE('',#9026,#9027);
#9026 = CARTESIAN_POINT('',(0.,100.));
#9027 = VECTOR('',#9028,1.);
#9028 = DIRECTION('',(1.,0.));
#9029 = ( GEOMETRIC_REPRESENTATION_CONTEXT(2) 
PARAMETRIC_REPRESENTATION_CONTEXT() REPRESENTATION_CONTEXT('2D SPACE',''
  ) );
#9030 = PCURVE('',#5398,#9031);
#9031 = DEFINITIONAL_REPRESENTATION('',(#9032),#9036);
#9032 = LINE('',#9033,#9034);
#9033 = CARTESIAN_POINT('',(0.,0.));
#9034 = VECTOR('',#9035,1.);
#9035 = DIRECTION('',(0.994521895368,0.104528463268));
#9036 = ( GEOMETRIC_REPRESENTATION_CONTEXT(2) 
PARAMETRIC_REPRESENTATION_CONTEXT() REPRESENTATION_CONTEXT('2D SPACE',''
  ) );
#9037 = ORIENTED_EDGE('',*,*,#5410,.F.);
#9038 = ORIENTED_EDGE('',*,*,#8989,.T.);
#9039 = ORIENTED_EDGE('',*,*,#9040,.T.);
#9040 = EDGE_CURVE('',#8966,#9016,#9041,.T.);
#9041 = SURFACE_CURVE('',#9042,(#9046,#9053),.PCURVE_S1.);
#9042 = LINE('',#9043,#9044);
#9043 = CARTESIAN_POINT('',(9.634940914978,60.832622795746,5.));
#9044 = VECTOR('',#9045,1.);
#9045 = DIRECTION('',(2.843792991144E-03,1.795500230526E-02,
    0.999834751713));
#9046 = PCURVE('',#5430,#9047);
#9047 = DEFINITIONAL_REPRESENTATION('',(#9048),#9052);
#9048 = LINE('',#9049,#9050);
#9049 = CARTESIAN_POINT('',(61.590909090909,0.));
#9050 = VECTOR('',#9051,1.);
#9051 = DIRECTION('',(1.817881366751E-02,0.999834751713));
#9052 = ( GEOMETRIC_REPRESENTATION_CONTEXT(2) 
PARAMETRIC_REPRESENTATION_CONTEXT() REPRESENTATION_CONTEXT('2D SPACE',''
  ) );
#9053 = PCURVE('',#8929,#9054);
#9054 = DEFINITIONAL_REPRESENTATION('',(#9055),#9059);
#9055 = LINE('',#9056,#9057);
#9056 = CARTESIAN_POINT('',(0.10471975512,-0.));
#9057 = VECTOR('',#9058,1.);
#9058 = DIRECTION('',(0.,1.));
#9059 = ( GEOMETRIC_REPRESENTATION_CONTEXT(2) 
PARAMETRIC_REPRESENTATION_CONTEXT() REPRESENTATION_CONTEXT('2D SPACE',''
  ) );
#9060 = ADVANCED_FACE('',(#9061),#5398,.F.);
#9061 = FACE_BOUND('',#9062,.F.);
#9062 = EDGE_LOOP('',(#9063,#9085,#9086,#9087));
#9063 = ORIENTED_EDGE('',*,*,#9064,.T.);
#9064 = EDGE_CURVE('',#8914,#9016,#9065,.T.);
#9065 = SURFACE_CURVE('',#9066,(#9071,#9078),.PCURVE_S1.);
#9066 = CIRCLE('',#9067,63.409090909091);
#9067 = AXIS2_PLACEMENT_3D('',#9068,#9069,#9070);
#9068 = CARTESIAN_POINT('',(0.,0.,105.));
#9069 = DIRECTION('',(0.,-0.,1.));
#9070 = DIRECTION('',(0.258819045103,0.965925826289,0.));
#9071 = PCURVE('',#5398,#9072);
#9072 = DEFINITIONAL_REPRESENTATION('',(#9073),#9077);
#9073 = CIRCLE('',#9074,63.409090909091);
#9074 = AXIS2_PLACEMENT_2D('',#9075,#9076);
#9075 = CARTESIAN_POINT('',(0.,0.));
#9076 = DIRECTION('',(1.,0.));
#9077 = ( GEOMETRIC_REPRESENTATION_CONTEXT(2) 
PARAMETRIC_REPRESENTATION_CONTEXT() REPRESENTATION_CONTEXT('2D SPACE',''
  ) );
#9078 = PCURVE('',#8929,#9079);
#9079 = DEFINITIONAL_REPRESENTATION('',(#9080),#9084);
#9080 = LINE('',#9081,#9082);
#9081 = CARTESIAN_POINT('',(0.,100.));
#9082 = VECTOR('',#9083,1.);
#9083 = DIRECTION('',(1.,0.));
#9084 = ( GEOMETRIC_REPRESENTATION_CONTEXT(2) 
PARAMETRIC_REPRESENTATION_CONTEXT() REPRESENTATION_CONTEXT('2D SPACE',''
  ) );
#9085 = ORIENTED_EDGE('',*,*,#9015,.F.);
#9086 = ORIENTED_EDGE('',*,*,#5381,.F.);
#9087 = ORIENTED_EDGE('',*,*,#8941,.T.);
#9088 = ADVANCED_FACE('',(#9089),#5495,.F.);
#9089 = FACE_BOUND('',#9090,.F.);
#9090 = EDGE_LOOP('',(#9091,#9092,#9115,#9143));
#9091 = ORIENTED_EDGE('',*,*,#5473,.F.);
#9092 = ORIENTED_EDGE('',*,*,#9093,.T.);
#9093 = EDGE_CURVE('',#5474,#9094,#9096,.T.);
#9094 = VERTEX_POINT('',#9095);
#9095 = CARTESIAN_POINT('',(-15.9409002779,59.492249755531,5.));
#9096 = SURFACE_CURVE('',#9097,(#9101,#9108),.PCURVE_S1.);
#9097 = LINE('',#9098,#9099);
#9098 = CARTESIAN_POINT('',(0.,0.,5.));
#9099 = VECTOR('',#9100,1.);
#9100 = DIRECTION('',(-0.258819045103,0.965925826289,0.));
#9101 = PCURVE('',#5495,#9102);
#9102 = DEFINITIONAL_REPRESENTATION('',(#9103),#9107);
#9103 = LINE('',#9104,#9105);
#9104 = CARTESIAN_POINT('',(0.,0.));
#9105 = VECTOR('',#9106,1.);
#9106 = DIRECTION('',(1.,0.));
#9107 = ( GEOMETRIC_REPRESENTATION_CONTEXT(2) 
PARAMETRIC_REPRESENTATION_CONTEXT() REPRESENTATION_CONTEXT('2D SPACE',''
  ) );
#9108 = PCURVE('',#5587,#9109);
#9109 = DEFINITIONAL_REPRESENTATION('',(#9110),#9114);
#9110 = LINE('',#9111,#9112);
#9111 = CARTESIAN_POINT('',(0.,0.));
#9112 = VECTOR('',#9113,1.);
#9113 = DIRECTION('',(1.,0.));
#9114 = ( GEOMETRIC_REPRESENTATION_CONTEXT(2) 
PARAMETRIC_REPRESENTATION_CONTEXT() REPRESENTATION_CONTEXT('2D SPACE',''
  ) );
#9115 = ORIENTED_EDGE('',*,*,#9116,.T.);
#9116 = EDGE_CURVE('',#9094,#9117,#9119,.T.);
#9117 = VERTEX_POINT('',#9118);
#9118 = CARTESIAN_POINT('',(-16.41148035991,61.248478530602,105.));
#9119 = SURFACE_CURVE('',#9120,(#9124,#9131),.PCURVE_S1.);
#9120 = LINE('',#9121,#9122);
#9121 = CARTESIAN_POINT('',(-15.9409002779,59.492249755531,5.));
#9122 = VECTOR('',#9123,1.);
#9123 = DIRECTION('',(-4.705023194523E-03,1.755938561275E-02,
    0.999834751713));
#9124 = PCURVE('',#5495,#9125);
#9125 = DEFINITIONAL_REPRESENTATION('',(#9126),#9130);
#9126 = LINE('',#9127,#9128);
#9127 = CARTESIAN_POINT('',(61.590909090909,0.));
#9128 = VECTOR('',#9129,1.);
#9129 = DIRECTION('',(1.817881366751E-02,0.999834751713));
#9130 = ( GEOMETRIC_REPRESENTATION_CONTEXT(2) 
PARAMETRIC_REPRESENTATION_CONTEXT() REPRESENTATION_CONTEXT('2D SPACE',''
  ) );
#9131 = PCURVE('',#9132,#9137);
#9132 = CONICAL_SURFACE('',#9133,61.590909090909,1.817981507298E-02);
#9133 = AXIS2_PLACEMENT_3D('',#9134,#9135,#9136);
#9134 = CARTESIAN_POINT('',(0.,0.,5.));
#9135 = DIRECTION('',(0.,0.,1.));
#9136 = DIRECTION('',(-0.258819045103,0.965925826289,0.));
#9137 = DEFINITIONAL_REPRESENTATION('',(#9138),#9142);
#9138 = LINE('',#9139,#9140);
#9139 = CARTESIAN_POINT('',(0.,-0.));
#9140 = VECTOR('',#9141,1.);
#9141 = DIRECTION('',(0.,1.));
#9142 = ( GEOMETRIC_REPRESENTATION_CONTEXT(2) 
PARAMETRIC_REPRESENTATION_CONTEXT() REPRESENTATION_CONTEXT('2D SPACE',''
  ) );
#9143 = ORIENTED_EDGE('',*,*,#9144,.F.);
#9144 = EDGE_CURVE('',#5476,#9117,#9145,.T.);
#9145 = SURFACE_CURVE('',#9146,(#9150,#9157),.PCURVE_S1.);
#9146 = LINE('',#9147,#9148);
#9147 = CARTESIAN_POINT('',(0.,0.,105.));
#9148 = VECTOR('',#9149,1.);
#9149 = DIRECTION('',(-0.258819045103,0.965925826289,0.));
#9150 = PCURVE('',#5495,#9151);
#9151 = DEFINITIONAL_REPRESENTATION('',(#9152),#9156);
#9152 = LINE('',#9153,#9154);
#9153 = CARTESIAN_POINT('',(0.,100.));
#9154 = VECTOR('',#9155,1.);
#9155 = DIRECTION('',(1.,0.));
#9156 = ( GEOMETRIC_REPRESENTATION_CONTEXT(2) 
PARAMETRIC_REPRESENTATION_CONTEXT() REPRESENTATION_CONTEXT('2D SPACE',''
  ) );
#9157 = PCURVE('',#5526,#9158);
#9158 = DEFINITIONAL_REPRESENTATION('',(#9159),#9163);
#9159 = LINE('',#9160,#9161);
#9160 = CARTESIAN_POINT('',(0.,0.));
#9161 = VECTOR('',#9162,1.);
#9162 = DIRECTION('',(1.,0.));
#9163 = ( GEOMETRIC_REPRESENTATION_CONTEXT(2) 
PARAMETRIC_REPRESENTATION_CONTEXT() REPRESENTATION_CONTEXT('2D SPACE',''
  ) );
#9164 = ADVANCED_FACE('',(#9165),#5587,.T.);
#9165 = FACE_BOUND('',#9166,.T.);
#9166 = EDGE_LOOP('',(#9167,#9191,#9212,#9213));
#9167 = ORIENTED_EDGE('',*,*,#9168,.T.);
#9168 = EDGE_CURVE('',#9094,#9169,#9171,.T.);
#9169 = VERTEX_POINT('',#9170);
#9170 = CARTESIAN_POINT('',(-22.07220780154,57.500067177441,5.));
#9171 = SURFACE_CURVE('',#9172,(#9177,#9184),.PCURVE_S1.);
#9172 = CIRCLE('',#9173,61.590909090909);
#9173 = AXIS2_PLACEMENT_3D('',#9174,#9175,#9176);
#9174 = CARTESIAN_POINT('',(0.,0.,5.));
#9175 = DIRECTION('',(0.,0.,1.));
#9176 = DIRECTION('',(-0.258819045103,0.965925826289,0.));
#9177 = PCURVE('',#5587,#9178);
#9178 = DEFINITIONAL_REPRESENTATION('',(#9179),#9183);
#9179 = CIRCLE('',#9180,61.590909090909);
#9180 = AXIS2_PLACEMENT_2D('',#9181,#9182);
#9181 = CARTESIAN_POINT('',(0.,0.));
#9182 = DIRECTION('',(1.,0.));
#9183 = ( GEOMETRIC_REPRESENTATION_CONTEXT(2) 
PARAMETRIC_REPRESENTATION_CONTEXT() REPRESENTATION_CONTEXT('2D SPACE',''
  ) );
#9184 = PCURVE('',#9132,#9185);
#9185 = DEFINITIONAL_REPRESENTATION('',(#9186),#9190);
#9186 = LINE('',#9187,#9188);
#9187 = CARTESIAN_POINT('',(0.,0.));
#9188 = VECTOR('',#9189,1.);
#9189 = DIRECTION('',(1.,0.));
#9190 = ( GEOMETRIC_REPRESENTATION_CONTEXT(2) 
PARAMETRIC_REPRESENTATION_CONTEXT() REPRESENTATION_CONTEXT('2D SPACE',''
  ) );
#9191 = ORIENTED_EDGE('',*,*,#9192,.F.);
#9192 = EDGE_CURVE('',#5539,#9169,#9193,.T.);
#9193 = SURFACE_CURVE('',#9194,(#9198,#9205),.PCURVE_S1.);
#9194 = LINE('',#9195,#9196);
#9195 = CARTESIAN_POINT('',(0.,0.,5.));
#9196 = VECTOR('',#9197,1.);
#9197 = DIRECTION('',(-0.358367949545,0.933580426497,0.));
#9198 = PCURVE('',#5587,#9199);
#9199 = DEFINITIONAL_REPRESENTATION('',(#9200),#9204);
#9200 = LINE('',#9201,#9202);
#9201 = CARTESIAN_POINT('',(0.,0.));
#9202 = VECTOR('',#9203,1.);
#9203 = DIRECTION('',(0.994521895368,0.104528463268));
#9204 = ( GEOMETRIC_REPRESENTATION_CONTEXT(2) 
PARAMETRIC_REPRESENTATION_CONTEXT() REPRESENTATION_CONTEXT('2D SPACE',''
  ) );
#9205 = PCURVE('',#5558,#9206);
#9206 = DEFINITIONAL_REPRESENTATION('',(#9207),#9211);
#9207 = LINE('',#9208,#9209);
#9208 = CARTESIAN_POINT('',(0.,0.));
#9209 = VECTOR('',#9210,1.);
#9210 = DIRECTION('',(1.,0.));
#9211 = ( GEOMETRIC_REPRESENTATION_CONTEXT(2) 
PARAMETRIC_REPRESENTATION_CONTEXT() REPRESENTATION_CONTEXT('2D SPACE',''
  ) );
#9212 = ORIENTED_EDGE('',*,*,#5572,.F.);
#9213 = ORIENTED_EDGE('',*,*,#9093,.T.);
#9214 = ADVANCED_FACE('',(#9215),#5558,.T.);
#9215 = FACE_BOUND('',#9216,.T.);
#9216 = EDGE_LOOP('',(#9217,#9240,#9241,#9242));
#9217 = ORIENTED_EDGE('',*,*,#9218,.F.);
#9218 = EDGE_CURVE('',#5510,#9219,#9221,.T.);
#9219 = VERTEX_POINT('',#9220);
#9220 = CARTESIAN_POINT('',(-22.72378589162,59.197486134709,105.));
#9221 = SURFACE_CURVE('',#9222,(#9226,#9233),.PCURVE_S1.);
#9222 = LINE('',#9223,#9224);
#9223 = CARTESIAN_POINT('',(0.,0.,105.));
#9224 = VECTOR('',#9225,1.);
#9225 = DIRECTION('',(-0.358367949545,0.933580426497,0.));
#9226 = PCURVE('',#5558,#9227);
#9227 = DEFINITIONAL_REPRESENTATION('',(#9228),#9232);
#9228 = LINE('',#9229,#9230);
#9229 = CARTESIAN_POINT('',(0.,100.));
#9230 = VECTOR('',#9231,1.);
#9231 = DIRECTION('',(1.,0.));
#9232 = ( GEOMETRIC_REPRESENTATION_CONTEXT(2) 
PARAMETRIC_REPRESENTATION_CONTEXT() REPRESENTATION_CONTEXT('2D SPACE',''
  ) );
#9233 = PCURVE('',#5526,#9234);
#9234 = DEFINITIONAL_REPRESENTATION('',(#9235),#9239);
#9235 = LINE('',#9236,#9237);
#9236 = CARTESIAN_POINT('',(0.,0.));
#9237 = VECTOR('',#9238,1.);
#9238 = DIRECTION('',(0.994521895368,0.104528463268));
#9239 = ( GEOMETRIC_REPRESENTATION_CONTEXT(2) 
PARAMETRIC_REPRESENTATION_CONTEXT() REPRESENTATION_CONTEXT('2D SPACE',''
  ) );
#9240 = ORIENTED_EDGE('',*,*,#5538,.F.);
#9241 = ORIENTED_EDGE('',*,*,#9192,.T.);
#9242 = ORIENTED_EDGE('',*,*,#9243,.T.);
#9243 = EDGE_CURVE('',#9169,#9219,#9244,.T.);
#9244 = SURFACE_CURVE('',#9245,(#9249,#9256),.PCURVE_S1.);
#9245 = LINE('',#9246,#9247);
#9246 = CARTESIAN_POINT('',(-22.07220780154,57.500067177441,5.));
#9247 = VECTOR('',#9248,1.);
#9248 = DIRECTION('',(-6.514704179193E-03,1.697138461693E-02,
    0.999834751713));
#9249 = PCURVE('',#5558,#9250);
#9250 = DEFINITIONAL_REPRESENTATION('',(#9251),#9255);
#9251 = LINE('',#9252,#9253);
#9252 = CARTESIAN_POINT('',(61.590909090909,0.));
#9253 = VECTOR('',#9254,1.);
#9254 = DIRECTION('',(1.817881366751E-02,0.999834751713));
#9255 = ( GEOMETRIC_REPRESENTATION_CONTEXT(2) 
PARAMETRIC_REPRESENTATION_CONTEXT() REPRESENTATION_CONTEXT('2D SPACE',''
  ) );
#9256 = PCURVE('',#9132,#9257);
#9257 = DEFINITIONAL_REPRESENTATION('',(#9258),#9262);
#9258 = LINE('',#9259,#9260);
#9259 = CARTESIAN_POINT('',(0.10471975512,-0.));
#9260 = VECTOR('',#9261,1.);
#9261 = DIRECTION('',(0.,1.));
#9262 = ( GEOMETRIC_REPRESENTATION_CONTEXT(2) 
PARAMETRIC_REPRESENTATION_CONTEXT() REPRESENTATION_CONTEXT('2D SPACE',''
  ) );
#9263 = ADVANCED_FACE('',(#9264),#5526,.F.);
#9264 = FACE_BOUND('',#9265,.F.);
#9265 = EDGE_LOOP('',(#9266,#9288,#9289,#9290));
#9266 = ORIENTED_EDGE('',*,*,#9267,.T.);
#9267 = EDGE_CURVE('',#9117,#9219,#9268,.T.);
#9268 = SURFACE_CURVE('',#9269,(#9274,#9281),.PCURVE_S1.);
#9269 = CIRCLE('',#9270,63.409090909091);
#9270 = AXIS2_PLACEMENT_3D('',#9271,#9272,#9273);
#9271 = CARTESIAN_POINT('',(0.,0.,105.));
#9272 = DIRECTION('',(0.,0.,1.));
#9273 = DIRECTION('',(-0.258819045103,0.965925826289,0.));
#9274 = PCURVE('',#5526,#9275);
#9275 = DEFINITIONAL_REPRESENTATION('',(#9276),#9280);
#9276 = CIRCLE('',#9277,63.409090909091);
#9277 = AXIS2_PLACEMENT_2D('',#9278,#9279);
#9278 = CARTESIAN_POINT('',(0.,0.));
#9279 = DIRECTION('',(1.,0.));
#9280 = ( GEOMETRIC_REPRESENTATION_CONTEXT(2) 
PARAMETRIC_REPRESENTATION_CONTEXT() REPRESENTATION_CONTEXT('2D SPACE',''
  ) );
#9281 = PCURVE('',#9132,#9282);
#9282 = DEFINITIONAL_REPRESENTATION('',(#9283),#9287);
#9283 = LINE('',#9284,#9285);
#9284 = CARTESIAN_POINT('',(0.,100.));
#9285 = VECTOR('',#9286,1.);
#9286 = DIRECTION('',(1.,0.));
#9287 = ( GEOMETRIC_REPRESENTATION_CONTEXT(2) 
PARAMETRIC_REPRESENTATION_CONTEXT() REPRESENTATION_CONTEXT('2D SPACE',''
  ) );
#9288 = ORIENTED_EDGE('',*,*,#9218,.F.);
#9289 = ORIENTED_EDGE('',*,*,#5509,.F.);
#9290 = ORIENTED_EDGE('',*,*,#9144,.T.);
#9291 = ADVANCED_FACE('',(#9292),#5625,.F.);
#9292 = FACE_BOUND('',#9293,.F.);
#9293 = EDGE_LOOP('',(#9294,#9295,#9318,#9346));
#9294 = ORIENTED_EDGE('',*,*,#5601,.F.);
#9295 = ORIENTED_EDGE('',*,*,#9296,.T.);
#9296 = EDGE_CURVE('',#5602,#9297,#9299,.T.);
#9297 = VERTEX_POINT('',#9298);
#9298 = CARTESIAN_POINT('',(-30.79545454545,53.339291914905,5.));
#9299 = SURFACE_CURVE('',#9300,(#9304,#9311),.PCURVE_S1.);
#9300 = LINE('',#9301,#9302);
#9301 = CARTESIAN_POINT('',(0.,0.,5.));
#9302 = VECTOR('',#9303,1.);
#9303 = DIRECTION('',(-0.5,0.866025403784,0.));
#9304 = PCURVE('',#5625,#9305);
#9305 = DEFINITIONAL_REPRESENTATION('',(#9306),#9310);
#9306 = LINE('',#9307,#9308);
#9307 = CARTESIAN_POINT('',(0.,0.));
#9308 = VECTOR('',#9309,1.);
#9309 = DIRECTION('',(1.,0.));
#9310 = ( GEOMETRIC_REPRESENTATION_CONTEXT(2) 
PARAMETRIC_REPRESENTATION_CONTEXT() REPRESENTATION_CONTEXT('2D SPACE',''
  ) );
#9311 = PCURVE('',#5718,#9312);
#9312 = DEFINITIONAL_REPRESENTATION('',(#9313),#9317);
#9313 = LINE('',#9314,#9315);
#9314 = CARTESIAN_POINT('',(0.,0.));
#9315 = VECTOR('',#9316,1.);
#9316 = DIRECTION('',(1.,0.));
#9317 = ( GEOMETRIC_REPRESENTATION_CONTEXT(2) 
PARAMETRIC_REPRESENTATION_CONTEXT() REPRESENTATION_CONTEXT('2D SPACE',''
  ) );
#9318 = ORIENTED_EDGE('',*,*,#9319,.T.);
#9319 = EDGE_CURVE('',#9297,#9320,#9322,.T.);
#9320 = VERTEX_POINT('',#9321);
#9321 = CARTESIAN_POINT('',(-31.70454545454,54.91388355815,105.));
#9322 = SURFACE_CURVE('',#9323,(#9327,#9334),.PCURVE_S1.);
#9323 = LINE('',#9324,#9325);
#9324 = CARTESIAN_POINT('',(-30.79545454545,53.339291914905,5.));
#9325 = VECTOR('',#9326,1.);
#9326 = DIRECTION('',(-9.089406833757E-03,1.574331444673E-02,
    0.999834751713));
#9327 = PCURVE('',#5625,#9328);
#9328 = DEFINITIONAL_REPRESENTATION('',(#9329),#9333);
#9329 = LINE('',#9330,#9331);
#9330 = CARTESIAN_POINT('',(61.590909090909,0.));
#9331 = VECTOR('',#9332,1.);
#9332 = DIRECTION('',(1.817881366751E-02,0.999834751713));
#9333 = ( GEOMETRIC_REPRESENTATION_CONTEXT(2) 
PARAMETRIC_REPRESENTATION_CONTEXT() REPRESENTATION_CONTEXT('2D SPACE',''
  ) );
#9334 = PCURVE('',#9335,#9340);
#9335 = CONICAL_SURFACE('',#9336,61.590909090909,1.817981507298E-02);
#9336 = AXIS2_PLACEMENT_3D('',#9337,#9338,#9339);
#9337 = CARTESIAN_POINT('',(0.,0.,5.));
#9338 = DIRECTION('',(0.,0.,1.));
#9339 = DIRECTION('',(-0.5,0.866025403784,0.));
#9340 = DEFINITIONAL_REPRESENTATION('',(#9341),#9345);
#9341 = LINE('',#9342,#9343);
#9342 = CARTESIAN_POINT('',(0.,-0.));
#9343 = VECTOR('',#9344,1.);
#9344 = DIRECTION('',(0.,1.));
#9345 = ( GEOMETRIC_REPRESENTATION_CONTEXT(2) 
PARAMETRIC_REPRESENTATION_CONTEXT() REPRESENTATION_CONTEXT('2D SPACE',''
  ) );
#9346 = ORIENTED_EDGE('',*,*,#9347,.F.);
#9347 = EDGE_CURVE('',#5604,#9320,#9348,.T.);
#9348 = SURFACE_CURVE('',#9349,(#9353,#9360),.PCURVE_S1.);
#9349 = LINE('',#9350,#9351);
#9350 = CARTESIAN_POINT('',(0.,0.,105.));
#9351 = VECTOR('',#9352,1.);
#9352 = DIRECTION('',(-0.5,0.866025403784,0.));
#9353 = PCURVE('',#5625,#9354);
#9354 = DEFINITIONAL_REPRESENTATION('',(#9355),#9359);
#9355 = LINE('',#9356,#9357);
#9356 = CARTESIAN_POINT('',(0.,100.));
#9357 = VECTOR('',#9358,1.);
#9358 = DIRECTION('',(1.,0.));
#9359 = ( GEOMETRIC_REPRESENTATION_CONTEXT(2) 
PARAMETRIC_REPRESENTATION_CONTEXT() REPRESENTATION_CONTEXT('2D SPACE',''
  ) );
#9360 = PCURVE('',#5657,#9361);
#9361 = DEFINITIONAL_REPRESENTATION('',(#9362),#9366);
#9362 = LINE('',#9363,#9364);
#9363 = CARTESIAN_POINT('',(0.,0.));
#9364 = VECTOR('',#9365,1.);
#9365 = DIRECTION('',(1.,0.));
#9366 = ( GEOMETRIC_REPRESENTATION_CONTEXT(2) 
PARAMETRIC_REPRESENTATION_CONTEXT() REPRESENTATION_CONTEXT('2D SPACE',''
  ) );
#9367 = ADVANCED_FACE('',(#9368),#5718,.T.);
#9368 = FACE_BOUND('',#9369,.T.);
#9369 = EDGE_LOOP('',(#9370,#9394,#9415,#9416));
#9370 = ORIENTED_EDGE('',*,*,#9371,.T.);
#9371 = EDGE_CURVE('',#9297,#9372,#9374,.T.);
#9372 = VERTEX_POINT('',#9373);
#9373 = CARTESIAN_POINT('',(-36.20222803892,49.828092153548,5.));
#9374 = SURFACE_CURVE('',#9375,(#9380,#9387),.PCURVE_S1.);
#9375 = CIRCLE('',#9376,61.590909090909);
#9376 = AXIS2_PLACEMENT_3D('',#9377,#9378,#9379);
#9377 = CARTESIAN_POINT('',(0.,0.,5.));
#9378 = DIRECTION('',(0.,0.,1.));
#9379 = DIRECTION('',(-0.5,0.866025403784,0.));
#9380 = PCURVE('',#5718,#9381);
#9381 = DEFINITIONAL_REPRESENTATION('',(#9382),#9386);
#9382 = CIRCLE('',#9383,61.590909090909);
#9383 = AXIS2_PLACEMENT_2D('',#9384,#9385);
#9384 = CARTESIAN_POINT('',(0.,0.));
#9385 = DIRECTION('',(1.,0.));
#9386 = ( GEOMETRIC_REPRESENTATION_CONTEXT(2) 
PARAMETRIC_REPRESENTATION_CONTEXT() REPRESENTATION_CONTEXT('2D SPACE',''
  ) );
#9387 = PCURVE('',#9335,#9388);
#9388 = DEFINITIONAL_REPRESENTATION('',(#9389),#9393);
#9389 = LINE('',#9390,#9391);
#9390 = CARTESIAN_POINT('',(0.,0.));
#9391 = VECTOR('',#9392,1.);
#9392 = DIRECTION('',(1.,0.));
#9393 = ( GEOMETRIC_REPRESENTATION_CONTEXT(2) 
PARAMETRIC_REPRESENTATION_CONTEXT() REPRESENTATION_CONTEXT('2D SPACE',''
  ) );
#9394 = ORIENTED_EDGE('',*,*,#9395,.F.);
#9395 = EDGE_CURVE('',#5670,#9372,#9396,.T.);
#9396 = SURFACE_CURVE('',#9397,(#9401,#9408),.PCURVE_S1.);
#9397 = LINE('',#9398,#9399);
#9398 = CARTESIAN_POINT('',(0.,0.,5.));
#9399 = VECTOR('',#9400,1.);
#9400 = DIRECTION('',(-0.587785252292,0.809016994375,0.));
#9401 = PCURVE('',#5718,#9402);
#9402 = DEFINITIONAL_REPRESENTATION('',(#9403),#9407);
#9403 = LINE('',#9404,#9405);
#9404 = CARTESIAN_POINT('',(0.,0.));
#9405 = VECTOR('',#9406,1.);
#9406 = DIRECTION('',(0.994521895368,0.104528463268));
#9407 = ( GEOMETRIC_REPRESENTATION_CONTEXT(2) 
PARAMETRIC_REPRESENTATION_CONTEXT() REPRESENTATION_CONTEXT('2D SPACE',''
  ) );
#9408 = PCURVE('',#5689,#9409);
#9409 = DEFINITIONAL_REPRESENTATION('',(#9410),#9414);
#9410 = LINE('',#9411,#9412);
#9411 = CARTESIAN_POINT('',(0.,0.));
#9412 = VECTOR('',#9413,1.);
#9413 = DIRECTION('',(1.,0.));
#9414 = ( GEOMETRIC_REPRESENTATION_CONTEXT(2) 
PARAMETRIC_REPRESENTATION_CONTEXT() REPRESENTATION_CONTEXT('2D SPACE',''
  ) );
#9415 = ORIENTED_EDGE('',*,*,#5703,.F.);
#9416 = ORIENTED_EDGE('',*,*,#9296,.T.);
#9417 = ADVANCED_FACE('',(#9418),#5689,.T.);
#9418 = FACE_BOUND('',#9419,.T.);
#9419 = EDGE_LOOP('',(#9420,#9443,#9444,#9445));
#9420 = ORIENTED_EDGE('',*,*,#9421,.F.);
#9421 = EDGE_CURVE('',#5641,#9422,#9424,.T.);
#9422 = VERTEX_POINT('',#9423);
#9423 = CARTESIAN_POINT('',(-37.27092849763,51.299032143321,105.));
#9424 = SURFACE_CURVE('',#9425,(#9429,#9436),.PCURVE_S1.);
#9425 = LINE('',#9426,#9427);
#9426 = CARTESIAN_POINT('',(0.,0.,105.));
#9427 = VECTOR('',#9428,1.);
#9428 = DIRECTION('',(-0.587785252292,0.809016994375,0.));
#9429 = PCURVE('',#5689,#9430);
#9430 = DEFINITIONAL_REPRESENTATION('',(#9431),#9435);
#9431 = LINE('',#9432,#9433);
#9432 = CARTESIAN_POINT('',(0.,100.));
#9433 = VECTOR('',#9434,1.);
#9434 = DIRECTION('',(1.,0.));
#9435 = ( GEOMETRIC_REPRESENTATION_CONTEXT(2) 
PARAMETRIC_REPRESENTATION_CONTEXT() REPRESENTATION_CONTEXT('2D SPACE',''
  ) );
#9436 = PCURVE('',#5657,#9437);
#9437 = DEFINITIONAL_REPRESENTATION('',(#9438),#9442);
#9438 = LINE('',#9439,#9440);
#9439 = CARTESIAN_POINT('',(0.,0.));
#9440 = VECTOR('',#9441,1.);
#9441 = DIRECTION('',(0.994521895368,0.104528463268));
#9442 = ( GEOMETRIC_REPRESENTATION_CONTEXT(2) 
PARAMETRIC_REPRESENTATION_CONTEXT() REPRESENTATION_CONTEXT('2D SPACE',''
  ) );
#9443 = ORIENTED_EDGE('',*,*,#5669,.F.);
#9444 = ORIENTED_EDGE('',*,*,#9395,.T.);
#9445 = ORIENTED_EDGE('',*,*,#9446,.T.);
#9446 = EDGE_CURVE('',#9372,#9422,#9447,.T.);
#9447 = SURFACE_CURVE('',#9448,(#9452,#9459),.PCURVE_S1.);
#9448 = LINE('',#9449,#9450);
#9449 = CARTESIAN_POINT('',(-36.20222803892,49.828092153548,5.));
#9450 = VECTOR('',#9451,1.);
#9451 = DIRECTION('',(-1.068523857794E-02,1.47069691946E-02,
    0.999834751713));
#9452 = PCURVE('',#5689,#9453);
#9453 = DEFINITIONAL_REPRESENTATION('',(#9454),#9458);
#9454 = LINE('',#9455,#9456);
#9455 = CARTESIAN_POINT('',(61.590909090909,0.));
#9456 = VECTOR('',#9457,1.);
#9457 = DIRECTION('',(1.817881366751E-02,0.999834751713));
#9458 = ( GEOMETRIC_REPRESENTATION_CONTEXT(2) 
PARAMETRIC_REPRESENTATION_CONTEXT() REPRESENTATION_CONTEXT('2D SPACE',''
  ) );
#9459 = PCURVE('',#9335,#9460);
#9460 = DEFINITIONAL_REPRESENTATION('',(#9461),#9465);
#9461 = LINE('',#9462,#9463);
#9462 = CARTESIAN_POINT('',(0.10471975512,-0.));
#9463 = VECTOR('',#9464,1.);
#9464 = DIRECTION('',(0.,1.));
#9465 = ( GEOMETRIC_REPRESENTATION_CONTEXT(2) 
PARAMETRIC_REPRESENTATION_CONTEXT() REPRESENTATION_CONTEXT('2D SPACE',''
  ) );
#9466 = ADVANCED_FACE('',(#9467),#5657,.F.);
#9467 = FACE_BOUND('',#9468,.F.);
#9468 = EDGE_LOOP('',(#9469,#9491,#9492,#9493));
#9469 = ORIENTED_EDGE('',*,*,#9470,.T.);
#9470 = EDGE_CURVE('',#9320,#9422,#9471,.T.);
#9471 = SURFACE_CURVE('',#9472,(#9477,#9484),.PCURVE_S1.);
#9472 = CIRCLE('',#9473,63.409090909091);
#9473 = AXIS2_PLACEMENT_3D('',#9474,#9475,#9476);
#9474 = CARTESIAN_POINT('',(0.,0.,105.));
#9475 = DIRECTION('',(0.,0.,1.));
#9476 = DIRECTION('',(-0.5,0.866025403784,0.));
#9477 = PCURVE('',#5657,#9478);
#9478 = DEFINITIONAL_REPRESENTATION('',(#9479),#9483);
#9479 = CIRCLE('',#9480,63.409090909091);
#9480 = AXIS2_PLACEMENT_2D('',#9481,#9482);
#9481 = CARTESIAN_POINT('',(0.,0.));
#9482 = DIRECTION('',(1.,0.));
#9483 = ( GEOMETRIC_REPRESENTATION_CONTEXT(2) 
PARAMETRIC_REPRESENTATION_CONTEXT() REPRESENTATION_CONTEXT('2D SPACE',''
  ) );
#9484 = PCURVE('',#9335,#9485);
#9485 = DEFINITIONAL_REPRESENTATION('',(#9486),#9490);
#9486 = LINE('',#9487,#9488);
#9487 = CARTESIAN_POINT('',(0.,100.));
#9488 = VECTOR('',#9489,1.);
#9489 = DIRECTION('',(1.,0.));
#9490 = ( GEOMETRIC_REPRESENTATION_CONTEXT(2) 
PARAMETRIC_REPRESENTATION_CONTEXT() REPRESENTATION_CONTEXT('2D SPACE',''
  ) );
#9491 = ORIENTED_EDGE('',*,*,#9421,.F.);
#9492 = ORIENTED_EDGE('',*,*,#5640,.F.);
#9493 = ORIENTED_EDGE('',*,*,#9347,.T.);
#9494 = ADVANCED_FACE('',(#9495),#5754,.F.);
#9495 = FACE_BOUND('',#9496,.F.);
#9496 = EDGE_LOOP('',(#9497,#9498,#9521,#9549));
#9497 = ORIENTED_EDGE('',*,*,#5732,.F.);
#9498 = ORIENTED_EDGE('',*,*,#9499,.T.);
#9499 = EDGE_CURVE('',#5733,#9500,#9502,.T.);
#9500 = VERTEX_POINT('',#9501);
#9501 = CARTESIAN_POINT('',(-43.55134947762,43.551349477626,5.));
#9502 = SURFACE_CURVE('',#9503,(#9507,#9514),.PCURVE_S1.);
#9503 = LINE('',#9504,#9505);
#9504 = CARTESIAN_POINT('',(0.,0.,5.));
#9505 = VECTOR('',#9506,1.);
#9506 = DIRECTION('',(-0.707106781187,0.707106781187,0.));
#9507 = PCURVE('',#5754,#9508);
#9508 = DEFINITIONAL_REPRESENTATION('',(#9509),#9513);
#9509 = LINE('',#9510,#9511);
#9510 = CARTESIAN_POINT('',(0.,0.));
#9511 = VECTOR('',#9512,1.);
#9512 = DIRECTION('',(1.,0.));
#9513 = ( GEOMETRIC_REPRESENTATION_CONTEXT(2) 
PARAMETRIC_REPRESENTATION_CONTEXT() REPRESENTATION_CONTEXT('2D SPACE',''
  ) );
#9514 = PCURVE('',#5846,#9515);
#9515 = DEFINITIONAL_REPRESENTATION('',(#9516),#9520);
#9516 = LINE('',#9517,#9518);
#9517 = CARTESIAN_POINT('',(0.,0.));
#9518 = VECTOR('',#9519,1.);
#9519 = DIRECTION('',(1.,0.));
#9520 = ( GEOMETRIC_REPRESENTATION_CONTEXT(2) 
PARAMETRIC_REPRESENTATION_CONTEXT() REPRESENTATION_CONTEXT('2D SPACE',''
  ) );
#9521 = ORIENTED_EDGE('',*,*,#9522,.T.);
#9522 = EDGE_CURVE('',#9500,#9523,#9525,.T.);
#9523 = VERTEX_POINT('',#9524);
#9524 = CARTESIAN_POINT('',(-44.83699817069,44.836998170692,105.));
#9525 = SURFACE_CURVE('',#9526,(#9530,#9537),.PCURVE_S1.);
#9526 = LINE('',#9527,#9528);
#9527 = CARTESIAN_POINT('',(-43.55134947762,43.551349477626,5.));
#9528 = VECTOR('',#9529,1.);
#9529 = DIRECTION('',(-1.285436241823E-02,1.285436241823E-02,
    0.999834751713));
#9530 = PCURVE('',#5754,#9531);
#9531 = DEFINITIONAL_REPRESENTATION('',(#9532),#9536);
#9532 = LINE('',#9533,#9534);
#9533 = CARTESIAN_POINT('',(61.590909090909,0.));
#9534 = VECTOR('',#9535,1.);
#9535 = DIRECTION('',(1.817881366751E-02,0.999834751713));
#9536 = ( GEOMETRIC_REPRESENTATION_CONTEXT(2) 
PARAMETRIC_REPRESENTATION_CONTEXT() REPRESENTATION_CONTEXT('2D SPACE',''
  ) );
#9537 = PCURVE('',#9538,#9543);
#9538 = CONICAL_SURFACE('',#9539,61.590909090909,1.817981507298E-02);
#9539 = AXIS2_PLACEMENT_3D('',#9540,#9541,#9542);
#9540 = CARTESIAN_POINT('',(0.,0.,5.));
#9541 = DIRECTION('',(0.,0.,1.));
#9542 = DIRECTION('',(-0.707106781187,0.707106781187,0.));
#9543 = DEFINITIONAL_REPRESENTATION('',(#9544),#9548);
#9544 = LINE('',#9545,#9546);
#9545 = CARTESIAN_POINT('',(0.,-0.));
#9546 = VECTOR('',#9547,1.);
#9547 = DIRECTION('',(0.,1.));
#9548 = ( GEOMETRIC_REPRESENTATION_CONTEXT(2) 
PARAMETRIC_REPRESENTATION_CONTEXT() REPRESENTATION_CONTEXT('2D SPACE',''
  ) );
#9549 = ORIENTED_EDGE('',*,*,#9550,.F.);
#9550 = EDGE_CURVE('',#5735,#9523,#9551,.T.);
#9551 = SURFACE_CURVE('',#9552,(#9556,#9563),.PCURVE_S1.);
#9552 = LINE('',#9553,#9554);
#9553 = CARTESIAN_POINT('',(0.,0.,105.));
#9554 = VECTOR('',#9555,1.);
#9555 = DIRECTION('',(-0.707106781187,0.707106781187,0.));
#9556 = PCURVE('',#5754,#9557);
#9557 = DEFINITIONAL_REPRESENTATION('',(#9558),#9562);
#9558 = LINE('',#9559,#9560);
#9559 = CARTESIAN_POINT('',(0.,100.));
#9560 = VECTOR('',#9561,1.);
#9561 = DIRECTION('',(1.,0.));
#9562 = ( GEOMETRIC_REPRESENTATION_CONTEXT(2) 
PARAMETRIC_REPRESENTATION_CONTEXT() REPRESENTATION_CONTEXT('2D SPACE',''
  ) );
#9563 = PCURVE('',#5785,#9564);
#9564 = DEFINITIONAL_REPRESENTATION('',(#9565),#9569);
#9565 = LINE('',#9566,#9567);
#9566 = CARTESIAN_POINT('',(0.,0.));
#9567 = VECTOR('',#9568,1.);
#9568 = DIRECTION('',(1.,0.));
#9569 = ( GEOMETRIC_REPRESENTATION_CONTEXT(2) 
PARAMETRIC_REPRESENTATION_CONTEXT() REPRESENTATION_CONTEXT('2D SPACE',''
  ) );
#9570 = ADVANCED_FACE('',(#9571),#5846,.T.);
#9571 = FACE_BOUND('',#9572,.T.);
#9572 = EDGE_LOOP('',(#9573,#9597,#9618,#9619));
#9573 = ORIENTED_EDGE('',*,*,#9574,.T.);
#9574 = EDGE_CURVE('',#9500,#9575,#9577,.T.);
#9575 = VERTEX_POINT('',#9576);
#9576 = CARTESIAN_POINT('',(-47.86512626246,38.760414994206,5.));
#9577 = SURFACE_CURVE('',#9578,(#9583,#9590),.PCURVE_S1.);
#9578 = CIRCLE('',#9579,61.590909090909);
#9579 = AXIS2_PLACEMENT_3D('',#9580,#9581,#9582);
#9580 = CARTESIAN_POINT('',(0.,0.,5.));
#9581 = DIRECTION('',(0.,0.,1.));
#9582 = DIRECTION('',(-0.707106781187,0.707106781187,0.));
#9583 = PCURVE('',#5846,#9584);
#9584 = DEFINITIONAL_REPRESENTATION('',(#9585),#9589);
#9585 = CIRCLE('',#9586,61.590909090909);
#9586 = AXIS2_PLACEMENT_2D('',#9587,#9588);
#9587 = CARTESIAN_POINT('',(0.,0.));
#9588 = DIRECTION('',(1.,0.));
#9589 = ( GEOMETRIC_REPRESENTATION_CONTEXT(2) 
PARAMETRIC_REPRESENTATION_CONTEXT() REPRESENTATION_CONTEXT('2D SPACE',''
  ) );
#9590 = PCURVE('',#9538,#9591);
#9591 = DEFINITIONAL_REPRESENTATION('',(#9592),#9596);
#9592 = LINE('',#9593,#9594);
#9593 = CARTESIAN_POINT('',(0.,0.));
#9594 = VECTOR('',#9595,1.);
#9595 = DIRECTION('',(1.,0.));
#9596 = ( GEOMETRIC_REPRESENTATION_CONTEXT(2) 
PARAMETRIC_REPRESENTATION_CONTEXT() REPRESENTATION_CONTEXT('2D SPACE',''
  ) );
#9597 = ORIENTED_EDGE('',*,*,#9598,.F.);
#9598 = EDGE_CURVE('',#5798,#9575,#9599,.T.);
#9599 = SURFACE_CURVE('',#9600,(#9604,#9611),.PCURVE_S1.);
#9600 = LINE('',#9601,#9602);
#9601 = CARTESIAN_POINT('',(0.,0.,5.));
#9602 = VECTOR('',#9603,1.);
#9603 = DIRECTION('',(-0.777145961457,0.62932039105,0.));
#9604 = PCURVE('',#5846,#9605);
#9605 = DEFINITIONAL_REPRESENTATION('',(#9606),#9610);
#9606 = LINE('',#9607,#9608);
#9607 = CARTESIAN_POINT('',(0.,0.));
#9608 = VECTOR('',#9609,1.);
#9609 = DIRECTION('',(0.994521895368,0.104528463268));
#9610 = ( GEOMETRIC_REPRESENTATION_CONTEXT(2) 
PARAMETRIC_REPRESENTATION_CONTEXT() REPRESENTATION_CONTEXT('2D SPACE',''
  ) );
#9611 = PCURVE('',#5817,#9612);
#9612 = DEFINITIONAL_REPRESENTATION('',(#9613),#9617);
#9613 = LINE('',#9614,#9615);
#9614 = CARTESIAN_POINT('',(0.,0.));
#9615 = VECTOR('',#9616,1.);
#9616 = DIRECTION('',(1.,0.));
#9617 = ( GEOMETRIC_REPRESENTATION_CONTEXT(2) 
PARAMETRIC_REPRESENTATION_CONTEXT() REPRESENTATION_CONTEXT('2D SPACE',''
  ) );
#9618 = ORIENTED_EDGE('',*,*,#5831,.F.);
#9619 = ORIENTED_EDGE('',*,*,#9499,.T.);
#9620 = ADVANCED_FACE('',(#9621),#5817,.T.);
#9621 = FACE_BOUND('',#9622,.T.);
#9622 = EDGE_LOOP('',(#9623,#9646,#9647,#9648));
#9623 = ORIENTED_EDGE('',*,*,#9624,.F.);
#9624 = EDGE_CURVE('',#5769,#9625,#9627,.T.);
#9625 = VERTEX_POINT('',#9626);
#9626 = CARTESIAN_POINT('',(-49.27811891965,39.904633887024,105.));
#9627 = SURFACE_CURVE('',#9628,(#9632,#9639),.PCURVE_S1.);
#9628 = LINE('',#9629,#9630);
#9629 = CARTESIAN_POINT('',(0.,0.,105.));
#9630 = VECTOR('',#9631,1.);
#9631 = DIRECTION('',(-0.777145961457,0.62932039105,0.));
#9632 = PCURVE('',#5817,#9633);
#9633 = DEFINITIONAL_REPRESENTATION('',(#9634),#9638);
#9634 = LINE('',#9635,#9636);
#9635 = CARTESIAN_POINT('',(0.,100.));
#9636 = VECTOR('',#9637,1.);
#9637 = DIRECTION('',(1.,0.));
#9638 = ( GEOMETRIC_REPRESENTATION_CONTEXT(2) 
PARAMETRIC_REPRESENTATION_CONTEXT() REPRESENTATION_CONTEXT('2D SPACE',''
  ) );
#9639 = PCURVE('',#5785,#9640);
#9640 = DEFINITIONAL_REPRESENTATION('',(#9641),#9645);
#9641 = LINE('',#9642,#9643);
#9642 = CARTESIAN_POINT('',(0.,0.));
#9643 = VECTOR('',#9644,1.);
#9644 = DIRECTION('',(0.994521895368,0.104528463268));
#9645 = ( GEOMETRIC_REPRESENTATION_CONTEXT(2) 
PARAMETRIC_REPRESENTATION_CONTEXT() REPRESENTATION_CONTEXT('2D SPACE',''
  ) );
#9646 = ORIENTED_EDGE('',*,*,#5797,.F.);
#9647 = ORIENTED_EDGE('',*,*,#9598,.T.);
#9648 = ORIENTED_EDGE('',*,*,#9649,.T.);
#9649 = EDGE_CURVE('',#9575,#9625,#9650,.T.);
#9650 = SURFACE_CURVE('',#9651,(#9655,#9662),.PCURVE_S1.);
#9651 = LINE('',#9652,#9653);
#9652 = CARTESIAN_POINT('',(-47.86512626246,38.760414994206,5.));
#9653 = VECTOR('',#9654,1.);
#9654 = DIRECTION('',(-1.412759162579E-02,1.144029812606E-02,
    0.999834751713));
#9655 = PCURVE('',#5817,#9656);
#9656 = DEFINITIONAL_REPRESENTATION('',(#9657),#9661);
#9657 = LINE('',#9658,#9659);
#9658 = CARTESIAN_POINT('',(61.590909090909,0.));
#9659 = VECTOR('',#9660,1.);
#9660 = DIRECTION('',(1.817881366751E-02,0.999834751713));
#9661 = ( GEOMETRIC_REPRESENTATION_CONTEXT(2) 
PARAMETRIC_REPRESENTATION_CONTEXT() REPRESENTATION_CONTEXT('2D SPACE',''
  ) );
#9662 = PCURVE('',#9538,#9663);
#9663 = DEFINITIONAL_REPRESENTATION('',(#9664),#9668);
#9664 = LINE('',#9665,#9666);
#9665 = CARTESIAN_POINT('',(0.10471975512,-0.));
#9666 = VECTOR('',#9667,1.);
#9667 = DIRECTION('',(0.,1.));
#9668 = ( GEOMETRIC_REPRESENTATION_CONTEXT(2) 
PARAMETRIC_REPRESENTATION_CONTEXT() REPRESENTATION_CONTEXT('2D SPACE',''
  ) );
#9669 = ADVANCED_FACE('',(#9670),#5785,.F.);
#9670 = FACE_BOUND('',#9671,.F.);
#9671 = EDGE_LOOP('',(#9672,#9694,#9695,#9696));
#9672 = ORIENTED_EDGE('',*,*,#9673,.T.);
#9673 = EDGE_CURVE('',#9523,#9625,#9674,.T.);
#9674 = SURFACE_CURVE('',#9675,(#9680,#9687),.PCURVE_S1.);
#9675 = CIRCLE('',#9676,63.409090909091);
#9676 = AXIS2_PLACEMENT_3D('',#9677,#9678,#9679);
#9677 = CARTESIAN_POINT('',(0.,0.,105.));
#9678 = DIRECTION('',(0.,0.,1.));
#9679 = DIRECTION('',(-0.707106781187,0.707106781187,0.));
#9680 = PCURVE('',#5785,#9681);
#9681 = DEFINITIONAL_REPRESENTATION('',(#9682),#9686);
#9682 = CIRCLE('',#9683,63.409090909091);
#9683 = AXIS2_PLACEMENT_2D('',#9684,#9685);
#9684 = CARTESIAN_POINT('',(0.,0.));
#9685 = DIRECTION('',(1.,0.));
#9686 = ( GEOMETRIC_REPRESENTATION_CONTEXT(2) 
PARAMETRIC_REPRESENTATION_CONTEXT() REPRESENTATION_CONTEXT('2D SPACE',''
  ) );
#9687 = PCURVE('',#9538,#9688);
#9688 = DEFINITIONAL_REPRESENTATION('',(#9689),#9693);
#9689 = LINE('',#9690,#9691);
#9690 = CARTESIAN_POINT('',(0.,100.));
#9691 = VECTOR('',#9692,1.);
#9692 = DIRECTION('',(1.,0.));
#9693 = ( GEOMETRIC_REPRESENTATION_CONTEXT(2) 
PARAMETRIC_REPRESENTATION_CONTEXT() REPRESENTATION_CONTEXT('2D SPACE',''
  ) );
#9694 = ORIENTED_EDGE('',*,*,#9624,.F.);
#9695 = ORIENTED_EDGE('',*,*,#5768,.F.);
#9696 = ORIENTED_EDGE('',*,*,#9550,.T.);
#9697 = ADVANCED_FACE('',(#9698),#5882,.F.);
#9698 = FACE_BOUND('',#9699,.F.);
#9699 = EDGE_LOOP('',(#9700,#9701,#9724,#9752));
#9700 = ORIENTED_EDGE('',*,*,#5860,.F.);
#9701 = ORIENTED_EDGE('',*,*,#9702,.T.);
#9702 = EDGE_CURVE('',#5861,#9703,#9705,.T.);
#9703 = VERTEX_POINT('',#9704);
#9704 = CARTESIAN_POINT('',(-53.3392919149,30.795454545455,5.));
#9705 = SURFACE_CURVE('',#9706,(#9710,#9717),.PCURVE_S1.);
#9706 = LINE('',#9707,#9708);
#9707 = CARTESIAN_POINT('',(0.,0.,5.));
#9708 = VECTOR('',#9709,1.);
#9709 = DIRECTION('',(-0.866025403784,0.5,0.));
#9710 = PCURVE('',#5882,#9711);
#9711 = DEFINITIONAL_REPRESENTATION('',(#9712),#9716);
#9712 = LINE('',#9713,#9714);
#9713 = CARTESIAN_POINT('',(0.,0.));
#9714 = VECTOR('',#9715,1.);
#9715 = DIRECTION('',(1.,0.));
#9716 = ( GEOMETRIC_REPRESENTATION_CONTEXT(2) 
PARAMETRIC_REPRESENTATION_CONTEXT() REPRESENTATION_CONTEXT('2D SPACE',''
  ) );
#9717 = PCURVE('',#5974,#9718);
#9718 = DEFINITIONAL_REPRESENTATION('',(#9719),#9723);
#9719 = LINE('',#9720,#9721);
#9720 = CARTESIAN_POINT('',(0.,0.));
#9721 = VECTOR('',#9722,1.);
#9722 = DIRECTION('',(1.,0.));
#9723 = ( GEOMETRIC_REPRESENTATION_CONTEXT(2) 
PARAMETRIC_REPRESENTATION_CONTEXT() REPRESENTATION_CONTEXT('2D SPACE',''
  ) );
#9724 = ORIENTED_EDGE('',*,*,#9725,.T.);
#9725 = EDGE_CURVE('',#9703,#9726,#9728,.T.);
#9726 = VERTEX_POINT('',#9727);
#9727 = CARTESIAN_POINT('',(-54.91388355815,31.704545454545,105.));
#9728 = SURFACE_CURVE('',#9729,(#9733,#9740),.PCURVE_S1.);
#9729 = LINE('',#9730,#9731);
#9730 = CARTESIAN_POINT('',(-53.3392919149,30.795454545455,5.));
#9731 = VECTOR('',#9732,1.);
#9732 = DIRECTION('',(-1.574331444673E-02,9.089406833757E-03,
    0.999834751713));
#9733 = PCURVE('',#5882,#9734);
#9734 = DEFINITIONAL_REPRESENTATION('',(#9735),#9739);
#9735 = LINE('',#9736,#9737);
#9736 = CARTESIAN_POINT('',(61.590909090909,0.));
#9737 = VECTOR('',#9738,1.);
#9738 = DIRECTION('',(1.817881366751E-02,0.999834751713));
#9739 = ( GEOMETRIC_REPRESENTATION_CONTEXT(2) 
PARAMETRIC_REPRESENTATION_CONTEXT() REPRESENTATION_CONTEXT('2D SPACE',''
  ) );
#9740 = PCURVE('',#9741,#9746);
#9741 = CONICAL_SURFACE('',#9742,61.590909090909,1.817981507298E-02);
#9742 = AXIS2_PLACEMENT_3D('',#9743,#9744,#9745);
#9743 = CARTESIAN_POINT('',(0.,0.,5.));
#9744 = DIRECTION('',(0.,0.,1.));
#9745 = DIRECTION('',(-0.866025403784,0.5,0.));
#9746 = DEFINITIONAL_REPRESENTATION('',(#9747),#9751);
#9747 = LINE('',#9748,#9749);
#9748 = CARTESIAN_POINT('',(0.,-0.));
#9749 = VECTOR('',#9750,1.);
#9750 = DIRECTION('',(0.,1.));
#9751 = ( GEOMETRIC_REPRESENTATION_CONTEXT(2) 
PARAMETRIC_REPRESENTATION_CONTEXT() REPRESENTATION_CONTEXT('2D SPACE',''
  ) );
#9752 = ORIENTED_EDGE('',*,*,#9753,.F.);
#9753 = EDGE_CURVE('',#5863,#9726,#9754,.T.);
#9754 = SURFACE_CURVE('',#9755,(#9759,#9766),.PCURVE_S1.);
#9755 = LINE('',#9756,#9757);
#9756 = CARTESIAN_POINT('',(0.,0.,105.));
#9757 = VECTOR('',#9758,1.);
#9758 = DIRECTION('',(-0.866025403784,0.5,0.));
#9759 = PCURVE('',#5882,#9760);
#9760 = DEFINITIONAL_REPRESENTATION('',(#9761),#9765);
#9761 = LINE('',#9762,#9763);
#9762 = CARTESIAN_POINT('',(0.,100.));
#9763 = VECTOR('',#9764,1.);
#9764 = DIRECTION('',(1.,0.));
#9765 = ( GEOMETRIC_REPRESENTATION_CONTEXT(2) 
PARAMETRIC_REPRESENTATION_CONTEXT() REPRESENTATION_CONTEXT('2D SPACE',''
  ) );
#9766 = PCURVE('',#5913,#9767);
#9767 = DEFINITIONAL_REPRESENTATION('',(#9768),#9772);
#9768 = LINE('',#9769,#9770);
#9769 = CARTESIAN_POINT('',(0.,0.));
#9770 = VECTOR('',#9771,1.);
#9771 = DIRECTION('',(1.,0.));
#9772 = ( GEOMETRIC_REPRESENTATION_CONTEXT(2) 
PARAMETRIC_REPRESENTATION_CONTEXT() REPRESENTATION_CONTEXT('2D SPACE',''
  ) );
#9773 = ADVANCED_FACE('',(#9774),#5974,.T.);
#9774 = FACE_BOUND('',#9775,.T.);
#9775 = EDGE_LOOP('',(#9776,#9800,#9821,#9822));
#9776 = ORIENTED_EDGE('',*,*,#9777,.T.);
#9777 = EDGE_CURVE('',#9703,#9778,#9780,.T.);
#9778 = VERTEX_POINT('',#9779);
#9779 = CARTESIAN_POINT('',(-56.26609523207,25.051279607623,5.));
#9780 = SURFACE_CURVE('',#9781,(#9786,#9793),.PCURVE_S1.);
#9781 = CIRCLE('',#9782,61.590909090909);
#9782 = AXIS2_PLACEMENT_3D('',#9783,#9784,#9785);
#9783 = CARTESIAN_POINT('',(0.,0.,5.));
#9784 = DIRECTION('',(0.,0.,1.));
#9785 = DIRECTION('',(-0.866025403784,0.5,0.));
#9786 = PCURVE('',#5974,#9787);
#9787 = DEFINITIONAL_REPRESENTATION('',(#9788),#9792);
#9788 = CIRCLE('',#9789,61.590909090909);
#9789 = AXIS2_PLACEMENT_2D('',#9790,#9791);
#9790 = CARTESIAN_POINT('',(0.,0.));
#9791 = DIRECTION('',(1.,0.));
#9792 = ( GEOMETRIC_REPRESENTATION_CONTEXT(2) 
PARAMETRIC_REPRESENTATION_CONTEXT() REPRESENTATION_CONTEXT('2D SPACE',''
  ) );
#9793 = PCURVE('',#9741,#9794);
#9794 = DEFINITIONAL_REPRESENTATION('',(#9795),#9799);
#9795 = LINE('',#9796,#9797);
#9796 = CARTESIAN_POINT('',(0.,0.));
#9797 = VECTOR('',#9798,1.);
#9798 = DIRECTION('',(1.,0.));
#9799 = ( GEOMETRIC_REPRESENTATION_CONTEXT(2) 
PARAMETRIC_REPRESENTATION_CONTEXT() REPRESENTATION_CONTEXT('2D SPACE',''
  ) );
#9800 = ORIENTED_EDGE('',*,*,#9801,.F.);
#9801 = EDGE_CURVE('',#5926,#9778,#9802,.T.);
#9802 = SURFACE_CURVE('',#9803,(#9807,#9814),.PCURVE_S1.);
#9803 = LINE('',#9804,#9805);
#9804 = CARTESIAN_POINT('',(0.,0.,5.));
#9805 = VECTOR('',#9806,1.);
#9806 = DIRECTION('',(-0.913545457643,0.406736643076,0.));
#9807 = PCURVE('',#5974,#9808);
#9808 = DEFINITIONAL_REPRESENTATION('',(#9809),#9813);
#9809 = LINE('',#9810,#9811);
#9810 = CARTESIAN_POINT('',(0.,0.));
#9811 = VECTOR('',#9812,1.);
#9812 = DIRECTION('',(0.994521895368,0.104528463268));
#9813 = ( GEOMETRIC_REPRESENTATION_CONTEXT(2) 
PARAMETRIC_REPRESENTATION_CONTEXT() REPRESENTATION_CONTEXT('2D SPACE',''
  ) );
#9814 = PCURVE('',#5945,#9815);
#9815 = DEFINITIONAL_REPRESENTATION('',(#9816),#9820);
#9816 = LINE('',#9817,#9818);
#9817 = CARTESIAN_POINT('',(0.,0.));
#9818 = VECTOR('',#9819,1.);
#9819 = DIRECTION('',(1.,0.));
#9820 = ( GEOMETRIC_REPRESENTATION_CONTEXT(2) 
PARAMETRIC_REPRESENTATION_CONTEXT() REPRESENTATION_CONTEXT('2D SPACE',''
  ) );
#9821 = ORIENTED_EDGE('',*,*,#5959,.F.);
#9822 = ORIENTED_EDGE('',*,*,#9702,.T.);
#9823 = ADVANCED_FACE('',(#9824),#5945,.T.);
#9824 = FACE_BOUND('',#9825,.T.);
#9825 = EDGE_LOOP('',(#9826,#9849,#9850,#9851));
#9826 = ORIENTED_EDGE('',*,*,#9827,.F.);
#9827 = EDGE_CURVE('',#5897,#9828,#9830,.T.);
#9828 = VERTEX_POINT('',#9829);
#9829 = CARTESIAN_POINT('',(-57.92708697324,25.790800776852,105.));
#9830 = SURFACE_CURVE('',#9831,(#9835,#9842),.PCURVE_S1.);
#9831 = LINE('',#9832,#9833);
#9832 = CARTESIAN_POINT('',(0.,0.,105.));
#9833 = VECTOR('',#9834,1.);
#9834 = DIRECTION('',(-0.913545457643,0.406736643076,0.));
#9835 = PCURVE('',#5945,#9836);
#9836 = DEFINITIONAL_REPRESENTATION('',(#9837),#9841);
#9837 = LINE('',#9838,#9839);
#9838 = CARTESIAN_POINT('',(0.,100.));
#9839 = VECTOR('',#9840,1.);
#9840 = DIRECTION('',(1.,0.));
#9841 = ( GEOMETRIC_REPRESENTATION_CONTEXT(2) 
PARAMETRIC_REPRESENTATION_CONTEXT() REPRESENTATION_CONTEXT('2D SPACE',''
  ) );
#9842 = PCURVE('',#5913,#9843);
#9843 = DEFINITIONAL_REPRESENTATION('',(#9844),#9848);
#9844 = LINE('',#9845,#9846);
#9845 = CARTESIAN_POINT('',(0.,0.));
#9846 = VECTOR('',#9847,1.);
#9847 = DIRECTION('',(0.994521895368,0.104528463268));
#9848 = ( GEOMETRIC_REPRESENTATION_CONTEXT(2) 
PARAMETRIC_REPRESENTATION_CONTEXT() REPRESENTATION_CONTEXT('2D SPACE',''
  ) );
#9849 = ORIENTED_EDGE('',*,*,#5925,.F.);
#9850 = ORIENTED_EDGE('',*,*,#9801,.T.);
#9851 = ORIENTED_EDGE('',*,*,#9852,.T.);
#9852 = EDGE_CURVE('',#9778,#9828,#9853,.T.);
#9853 = SURFACE_CURVE('',#9854,(#9858,#9865),.PCURVE_S1.);
#9854 = LINE('',#9855,#9856);
#9855 = CARTESIAN_POINT('',(-56.26609523207,25.051279607623,5.));
#9856 = VECTOR('',#9857,1.);
#9857 = DIRECTION('',(-1.660717265129E-02,7.393989646226E-03,
    0.999834751713));
#9858 = PCURVE('',#5945,#9859);
#9859 = DEFINITIONAL_REPRESENTATION('',(#9860),#9864);
#9860 = LINE('',#9861,#9862);
#9861 = CARTESIAN_POINT('',(61.590909090909,0.));
#9862 = VECTOR('',#9863,1.);
#9863 = DIRECTION('',(1.817881366751E-02,0.999834751713));
#9864 = ( GEOMETRIC_REPRESENTATION_CONTEXT(2) 
PARAMETRIC_REPRESENTATION_CONTEXT() REPRESENTATION_CONTEXT('2D SPACE',''
  ) );
#9865 = PCURVE('',#9741,#9866);
#9866 = DEFINITIONAL_REPRESENTATION('',(#9867),#9871);
#9867 = LINE('',#9868,#9869);
#9868 = CARTESIAN_POINT('',(0.10471975512,-0.));
#9869 = VECTOR('',#9870,1.);
#9870 = DIRECTION('',(0.,1.));
#9871 = ( GEOMETRIC_REPRESENTATION_CONTEXT(2) 
PARAMETRIC_REPRESENTATION_CONTEXT() REPRESENTATION_CONTEXT('2D SPACE',''
  ) );
#9872 = ADVANCED_FACE('',(#9873),#5913,.F.);
#9873 = FACE_BOUND('',#9874,.F.);
#9874 = EDGE_LOOP('',(#9875,#9897,#9898,#9899));
#9875 = ORIENTED_EDGE('',*,*,#9876,.T.);
#9876 = EDGE_CURVE('',#9726,#9828,#9877,.T.);
#9877 = SURFACE_CURVE('',#9878,(#9883,#9890),.PCURVE_S1.);
#9878 = CIRCLE('',#9879,63.409090909091);
#9879 = AXIS2_PLACEMENT_3D('',#9880,#9881,#9882);
#9880 = CARTESIAN_POINT('',(0.,0.,105.));
#9881 = DIRECTION('',(0.,0.,1.));
#9882 = DIRECTION('',(-0.866025403784,0.5,0.));
#9883 = PCURVE('',#5913,#9884);
#9884 = DEFINITIONAL_REPRESENTATION('',(#9885),#9889);
#9885 = CIRCLE('',#9886,63.409090909091);
#9886 = AXIS2_PLACEMENT_2D('',#9887,#9888);
#9887 = CARTESIAN_POINT('',(0.,0.));
#9888 = DIRECTION('',(1.,0.));
#9889 = ( GEOMETRIC_REPRESENTATION_CONTEXT(2) 
PARAMETRIC_REPRESENTATION_CONTEXT() REPRESENTATION_CONTEXT('2D SPACE',''
  ) );
#9890 = PCURVE('',#9741,#9891);
#9891 = DEFINITIONAL_REPRESENTATION('',(#9892),#9896);
#9892 = LINE('',#9893,#9894);
#9893 = CARTESIAN_POINT('',(0.,100.));
#9894 = VECTOR('',#9895,1.);
#9895 = DIRECTION('',(1.,0.));
#9896 = ( GEOMETRIC_REPRESENTATION_CONTEXT(2) 
PARAMETRIC_REPRESENTATION_CONTEXT() REPRESENTATION_CONTEXT('2D SPACE',''
  ) );
#9897 = ORIENTED_EDGE('',*,*,#9827,.F.);
#9898 = ORIENTED_EDGE('',*,*,#5896,.F.);
#9899 = ORIENTED_EDGE('',*,*,#9753,.T.);
#9900 = ADVANCED_FACE('',(#9901),#6010,.F.);
#9901 = FACE_BOUND('',#9902,.F.);
#9902 = EDGE_LOOP('',(#9903,#9904,#9927,#9955));
#9903 = ORIENTED_EDGE('',*,*,#5988,.F.);
#9904 = ORIENTED_EDGE('',*,*,#9905,.T.);
#9905 = EDGE_CURVE('',#5989,#9906,#9908,.T.);
#9906 = VERTEX_POINT('',#9907);
#9907 = CARTESIAN_POINT('',(-59.49224975553,15.940900277905,5.));
#9908 = SURFACE_CURVE('',#9909,(#9913,#9920),.PCURVE_S1.);
#9909 = LINE('',#9910,#9911);
#9910 = CARTESIAN_POINT('',(0.,0.,5.));
#9911 = VECTOR('',#9912,1.);
#9912 = DIRECTION('',(-0.965925826289,0.258819045103,0.));
#9913 = PCURVE('',#6010,#9914);
#9914 = DEFINITIONAL_REPRESENTATION('',(#9915),#9919);
#9915 = LINE('',#9916,#9917);
#9916 = CARTESIAN_POINT('',(0.,0.));
#9917 = VECTOR('',#9918,1.);
#9918 = DIRECTION('',(1.,0.));
#9919 = ( GEOMETRIC_REPRESENTATION_CONTEXT(2) 
PARAMETRIC_REPRESENTATION_CONTEXT() REPRESENTATION_CONTEXT('2D SPACE',''
  ) );
#9920 = PCURVE('',#6102,#9921);
#9921 = DEFINITIONAL_REPRESENTATION('',(#9922),#9926);
#9922 = LINE('',#9923,#9924);
#9923 = CARTESIAN_POINT('',(0.,0.));
#9924 = VECTOR('',#9925,1.);
#9925 = DIRECTION('',(1.,0.));
#9926 = ( GEOMETRIC_REPRESENTATION_CONTEXT(2) 
PARAMETRIC_REPRESENTATION_CONTEXT() REPRESENTATION_CONTEXT('2D SPACE',''
  ) );
#9927 = ORIENTED_EDGE('',*,*,#9928,.T.);
#9928 = EDGE_CURVE('',#9906,#9929,#9931,.T.);
#9929 = VERTEX_POINT('',#9930);
#9930 = CARTESIAN_POINT('',(-61.2484785306,16.41148035991,105.));
#9931 = SURFACE_CURVE('',#9932,(#9936,#9943),.PCURVE_S1.);
#9932 = LINE('',#9933,#9934);
#9933 = CARTESIAN_POINT('',(-59.49224975553,15.940900277905,5.));
#9934 = VECTOR('',#9935,1.);
#9935 = DIRECTION('',(-1.755938561275E-02,4.705023194523E-03,
    0.999834751713));
#9936 = PCURVE('',#6010,#9937);
#9937 = DEFINITIONAL_REPRESENTATION('',(#9938),#9942);
#9938 = LINE('',#9939,#9940);
#9939 = CARTESIAN_POINT('',(61.590909090909,0.));
#9940 = VECTOR('',#9941,1.);
#9941 = DIRECTION('',(1.817881366751E-02,0.999834751713));
#9942 = ( GEOMETRIC_REPRESENTATION_CONTEXT(2) 
PARAMETRIC_REPRESENTATION_CONTEXT() REPRESENTATION_CONTEXT('2D SPACE',''
  ) );
#9943 = PCURVE('',#9944,#9949);
#9944 = CONICAL_SURFACE('',#9945,61.590909090909,1.817981507298E-02);
#9945 = AXIS2_PLACEMENT_3D('',#9946,#9947,#9948);
#9946 = CARTESIAN_POINT('',(0.,0.,5.));
#9947 = DIRECTION('',(0.,0.,1.));
#9948 = DIRECTION('',(-0.965925826289,0.258819045103,0.));
#9949 = DEFINITIONAL_REPRESENTATION('',(#9950),#9954);
#9950 = LINE('',#9951,#9952);
#9951 = CARTESIAN_POINT('',(0.,-0.));
#9952 = VECTOR('',#9953,1.);
#9953 = DIRECTION('',(0.,1.));
#9954 = ( GEOMETRIC_REPRESENTATION_CONTEXT(2) 
PARAMETRIC_REPRESENTATION_CONTEXT() REPRESENTATION_CONTEXT('2D SPACE',''
  ) );
#9955 = ORIENTED_EDGE('',*,*,#9956,.F.);
#9956 = EDGE_CURVE('',#5991,#9929,#9957,.T.);
#9957 = SURFACE_CURVE('',#9958,(#9962,#9969),.PCURVE_S1.);
#9958 = LINE('',#9959,#9960);
#9959 = CARTESIAN_POINT('',(0.,0.,105.));
#9960 = VECTOR('',#9961,1.);
#9961 = DIRECTION('',(-0.965925826289,0.258819045103,0.));
#9962 = PCURVE('',#6010,#9963);
#9963 = DEFINITIONAL_REPRESENTATION('',(#9964),#9968);
#9964 = LINE('',#9965,#9966);
#9965 = CARTESIAN_POINT('',(0.,100.));
#9966 = VECTOR('',#9967,1.);
#9967 = DIRECTION('',(1.,0.));
#9968 = ( GEOMETRIC_REPRESENTATION_CONTEXT(2) 
PARAMETRIC_REPRESENTATION_CONTEXT() REPRESENTATION_CONTEXT('2D SPACE',''
  ) );
#9969 = PCURVE('',#6041,#9970);
#9970 = DEFINITIONAL_REPRESENTATION('',(#9971),#9975);
#9971 = LINE('',#9972,#9973);
#9972 = CARTESIAN_POINT('',(0.,0.));
#9973 = VECTOR('',#9974,1.);
#9974 = DIRECTION('',(1.,0.));
#9975 = ( GEOMETRIC_REPRESENTATION_CONTEXT(2) 
PARAMETRIC_REPRESENTATION_CONTEXT() REPRESENTATION_CONTEXT('2D SPACE',''
  ) );
#9976 = ADVANCED_FACE('',(#9977),#6102,.T.);
#9977 = FACE_BOUND('',#9978,.T.);
#9978 = EDGE_LOOP('',(#9979,#10003,#10024,#10025));
#9979 = ORIENTED_EDGE('',*,*,#9980,.T.);
#9980 = EDGE_CURVE('',#9906,#9981,#9983,.T.);
#9981 = VERTEX_POINT('',#9982);
#9982 = CARTESIAN_POINT('',(-60.83262279574,9.634940914978,5.));
#9983 = SURFACE_CURVE('',#9984,(#9989,#9996),.PCURVE_S1.);
#9984 = CIRCLE('',#9985,61.590909090909);
#9985 = AXIS2_PLACEMENT_3D('',#9986,#9987,#9988);
#9986 = CARTESIAN_POINT('',(0.,0.,5.));
#9987 = DIRECTION('',(0.,0.,1.));
#9988 = DIRECTION('',(-0.965925826289,0.258819045103,0.));
#9989 = PCURVE('',#6102,#9990);
#9990 = DEFINITIONAL_REPRESENTATION('',(#9991),#9995);
#9991 = CIRCLE('',#9992,61.590909090909);
#9992 = AXIS2_PLACEMENT_2D('',#9993,#9994);
#9993 = CARTESIAN_POINT('',(0.,0.));
#9994 = DIRECTION('',(1.,0.));
#9995 = ( GEOMETRIC_REPRESENTATION_CONTEXT(2) 
PARAMETRIC_REPRESENTATION_CONTEXT() REPRESENTATION_CONTEXT('2D SPACE',''
  ) );
#9996 = PCURVE('',#9944,#9997);
#9997 = DEFINITIONAL_REPRESENTATION('',(#9998),#10002);
#9998 = LINE('',#9999,#10000);
#9999 = CARTESIAN_POINT('',(0.,0.));
#10000 = VECTOR('',#10001,1.);
#10001 = DIRECTION('',(1.,0.));
#10002 = ( GEOMETRIC_REPRESENTATION_CONTEXT(2) 
PARAMETRIC_REPRESENTATION_CONTEXT() REPRESENTATION_CONTEXT('2D SPACE',''
  ) );
#10003 = ORIENTED_EDGE('',*,*,#10004,.F.);
#10004 = EDGE_CURVE('',#6054,#9981,#10005,.T.);
#10005 = SURFACE_CURVE('',#10006,(#10010,#10017),.PCURVE_S1.);
#10006 = LINE('',#10007,#10008);
#10007 = CARTESIAN_POINT('',(0.,0.,5.));
#10008 = VECTOR('',#10009,1.);
#10009 = DIRECTION('',(-0.987688340595,0.15643446504,0.));
#10010 = PCURVE('',#6102,#10011);
#10011 = DEFINITIONAL_REPRESENTATION('',(#10012),#10016);
#10012 = LINE('',#10013,#10014);
#10013 = CARTESIAN_POINT('',(0.,0.));
#10014 = VECTOR('',#10015,1.);
#10015 = DIRECTION('',(0.994521895368,0.104528463268));
#10016 = ( GEOMETRIC_REPRESENTATION_CONTEXT(2) 
PARAMETRIC_REPRESENTATION_CONTEXT() REPRESENTATION_CONTEXT('2D SPACE',''
  ) );
#10017 = PCURVE('',#6073,#10018);
#10018 = DEFINITIONAL_REPRESENTATION('',(#10019),#10023);
#10019 = LINE('',#10020,#10021);
#10020 = CARTESIAN_POINT('',(0.,0.));
#10021 = VECTOR('',#10022,1.);
#10022 = DIRECTION('',(1.,0.));
#10023 = ( GEOMETRIC_REPRESENTATION_CONTEXT(2) 
PARAMETRIC_REPRESENTATION_CONTEXT() REPRESENTATION_CONTEXT('2D SPACE',''
  ) );
#10024 = ORIENTED_EDGE('',*,*,#6087,.F.);
#10025 = ORIENTED_EDGE('',*,*,#9905,.T.);
#10026 = ADVANCED_FACE('',(#10027),#6073,.T.);
#10027 = FACE_BOUND('',#10028,.T.);
#10028 = EDGE_LOOP('',(#10029,#10052,#10053,#10054));
#10029 = ORIENTED_EDGE('',*,*,#10030,.F.);
#10030 = EDGE_CURVE('',#6025,#10031,#10033,.T.);
#10031 = VERTEX_POINT('',#10032);
#10032 = CARTESIAN_POINT('',(-62.62841977864,9.919367215051,105.));
#10033 = SURFACE_CURVE('',#10034,(#10038,#10045),.PCURVE_S1.);
#10034 = LINE('',#10035,#10036);
#10035 = CARTESIAN_POINT('',(0.,0.,105.));
#10036 = VECTOR('',#10037,1.);
#10037 = DIRECTION('',(-0.987688340595,0.15643446504,0.));
#10038 = PCURVE('',#6073,#10039);
#10039 = DEFINITIONAL_REPRESENTATION('',(#10040),#10044);
#10040 = LINE('',#10041,#10042);
#10041 = CARTESIAN_POINT('',(0.,100.));
#10042 = VECTOR('',#10043,1.);
#10043 = DIRECTION('',(1.,0.));
#10044 = ( GEOMETRIC_REPRESENTATION_CONTEXT(2) 
PARAMETRIC_REPRESENTATION_CONTEXT() REPRESENTATION_CONTEXT('2D SPACE',''
  ) );
#10045 = PCURVE('',#6041,#10046);
#10046 = DEFINITIONAL_REPRESENTATION('',(#10047),#10051);
#10047 = LINE('',#10048,#10049);
#10048 = CARTESIAN_POINT('',(0.,0.));
#10049 = VECTOR('',#10050,1.);
#10050 = DIRECTION('',(0.994521895368,0.104528463268));
#10051 = ( GEOMETRIC_REPRESENTATION_CONTEXT(2) 
PARAMETRIC_REPRESENTATION_CONTEXT() REPRESENTATION_CONTEXT('2D SPACE',''
  ) );
#10052 = ORIENTED_EDGE('',*,*,#6053,.F.);
#10053 = ORIENTED_EDGE('',*,*,#10004,.T.);
#10054 = ORIENTED_EDGE('',*,*,#10055,.T.);
#10055 = EDGE_CURVE('',#9981,#10031,#10056,.T.);
#10056 = SURFACE_CURVE('',#10057,(#10061,#10068),.PCURVE_S1.);
#10057 = LINE('',#10058,#10059);
#10058 = CARTESIAN_POINT('',(-60.83262279574,9.634940914978,5.));
#10059 = VECTOR('',#10060,1.);
#10060 = DIRECTION('',(-1.795500230526E-02,2.843792991144E-03,
    0.999834751713));
#10061 = PCURVE('',#6073,#10062);
#10062 = DEFINITIONAL_REPRESENTATION('',(#10063),#10067);
#10063 = LINE('',#10064,#10065);
#10064 = CARTESIAN_POINT('',(61.590909090909,0.));
#10065 = VECTOR('',#10066,1.);
#10066 = DIRECTION('',(1.817881366751E-02,0.999834751713));
#10067 = ( GEOMETRIC_REPRESENTATION_CONTEXT(2) 
PARAMETRIC_REPRESENTATION_CONTEXT() REPRESENTATION_CONTEXT('2D SPACE',''
  ) );
#10068 = PCURVE('',#9944,#10069);
#10069 = DEFINITIONAL_REPRESENTATION('',(#10070),#10074);
#10070 = LINE('',#10071,#10072);
#10071 = CARTESIAN_POINT('',(0.10471975512,-0.));
#10072 = VECTOR('',#10073,1.);
#10073 = DIRECTION('',(0.,1.));
#10074 = ( GEOMETRIC_REPRESENTATION_CONTEXT(2) 
PARAMETRIC_REPRESENTATION_CONTEXT() REPRESENTATION_CONTEXT('2D SPACE',''
  ) );
#10075 = ADVANCED_FACE('',(#10076),#6041,.F.);
#10076 = FACE_BOUND('',#10077,.F.);
#10077 = EDGE_LOOP('',(#10078,#10100,#10101,#10102));
#10078 = ORIENTED_EDGE('',*,*,#10079,.T.);
#10079 = EDGE_CURVE('',#9929,#10031,#10080,.T.);
#10080 = SURFACE_CURVE('',#10081,(#10086,#10093),.PCURVE_S1.);
#10081 = CIRCLE('',#10082,63.409090909091);
#10082 = AXIS2_PLACEMENT_3D('',#10083,#10084,#10085);
#10083 = CARTESIAN_POINT('',(0.,0.,105.));
#10084 = DIRECTION('',(0.,0.,1.));
#10085 = DIRECTION('',(-0.965925826289,0.258819045103,0.));
#10086 = PCURVE('',#6041,#10087);
#10087 = DEFINITIONAL_REPRESENTATION('',(#10088),#10092);
#10088 = CIRCLE('',#10089,63.409090909091);
#10089 = AXIS2_PLACEMENT_2D('',#10090,#10091);
#10090 = CARTESIAN_POINT('',(0.,0.));
#10091 = DIRECTION('',(1.,0.));
#10092 = ( GEOMETRIC_REPRESENTATION_CONTEXT(2) 
PARAMETRIC_REPRESENTATION_CONTEXT() REPRESENTATION_CONTEXT('2D SPACE',''
  ) );
#10093 = PCURVE('',#9944,#10094);
#10094 = DEFINITIONAL_REPRESENTATION('',(#10095),#10099);
#10095 = LINE('',#10096,#10097);
#10096 = CARTESIAN_POINT('',(0.,100.));
#10097 = VECTOR('',#10098,1.);
#10098 = DIRECTION('',(1.,0.));
#10099 = ( GEOMETRIC_REPRESENTATION_CONTEXT(2) 
PARAMETRIC_REPRESENTATION_CONTEXT() REPRESENTATION_CONTEXT('2D SPACE',''
  ) );
#10100 = ORIENTED_EDGE('',*,*,#10030,.F.);
#10101 = ORIENTED_EDGE('',*,*,#6024,.F.);
#10102 = ORIENTED_EDGE('',*,*,#9956,.T.);
#10103 = ADVANCED_FACE('',(#10104),#6138,.F.);
#10104 = FACE_BOUND('',#10105,.F.);
#10105 = EDGE_LOOP('',(#10106,#10107,#10130,#10158));
#10106 = ORIENTED_EDGE('',*,*,#6116,.F.);
#10107 = ORIENTED_EDGE('',*,*,#10108,.T.);
#10108 = EDGE_CURVE('',#6117,#10109,#10111,.T.);
#10109 = VERTEX_POINT('',#10110);
#10110 = CARTESIAN_POINT('',(-59.49224975553,-15.9409002779,5.));
#10111 = SURFACE_CURVE('',#10112,(#10116,#10123),.PCURVE_S1.);
#10112 = LINE('',#10113,#10114);
#10113 = CARTESIAN_POINT('',(0.,0.,5.));
#10114 = VECTOR('',#10115,1.);
#10115 = DIRECTION('',(-0.965925826289,-0.258819045103,0.));
#10116 = PCURVE('',#6138,#10117);
#10117 = DEFINITIONAL_REPRESENTATION('',(#10118),#10122);
#10118 = LINE('',#10119,#10120);
#10119 = CARTESIAN_POINT('',(0.,0.));
#10120 = VECTOR('',#10121,1.);
#10121 = DIRECTION('',(1.,0.));
#10122 = ( GEOMETRIC_REPRESENTATION_CONTEXT(2) 
PARAMETRIC_REPRESENTATION_CONTEXT() REPRESENTATION_CONTEXT('2D SPACE',''
  ) );
#10123 = PCURVE('',#6230,#10124);
#10124 = DEFINITIONAL_REPRESENTATION('',(#10125),#10129);
#10125 = LINE('',#10126,#10127);
#10126 = CARTESIAN_POINT('',(0.,0.));
#10127 = VECTOR('',#10128,1.);
#10128 = DIRECTION('',(1.,0.));
#10129 = ( GEOMETRIC_REPRESENTATION_CONTEXT(2) 
PARAMETRIC_REPRESENTATION_CONTEXT() REPRESENTATION_CONTEXT('2D SPACE',''
  ) );
#10130 = ORIENTED_EDGE('',*,*,#10131,.T.);
#10131 = EDGE_CURVE('',#10109,#10132,#10134,.T.);
#10132 = VERTEX_POINT('',#10133);
#10133 = CARTESIAN_POINT('',(-61.2484785306,-16.41148035991,105.));
#10134 = SURFACE_CURVE('',#10135,(#10139,#10146),.PCURVE_S1.);
#10135 = LINE('',#10136,#10137);
#10136 = CARTESIAN_POINT('',(-59.49224975553,-15.9409002779,5.));
#10137 = VECTOR('',#10138,1.);
#10138 = DIRECTION('',(-1.755938561275E-02,-4.705023194523E-03,
    0.999834751713));
#10139 = PCURVE('',#6138,#10140);
#10140 = DEFINITIONAL_REPRESENTATION('',(#10141),#10145);
#10141 = LINE('',#10142,#10143);
#10142 = CARTESIAN_POINT('',(61.590909090909,0.));
#10143 = VECTOR('',#10144,1.);
#10144 = DIRECTION('',(1.817881366751E-02,0.999834751713));
#10145 = ( GEOMETRIC_REPRESENTATION_CONTEXT(2) 
PARAMETRIC_REPRESENTATION_CONTEXT() REPRESENTATION_CONTEXT('2D SPACE',''
  ) );
#10146 = PCURVE('',#10147,#10152);
#10147 = CONICAL_SURFACE('',#10148,61.590909090909,1.817981507298E-02);
#10148 = AXIS2_PLACEMENT_3D('',#10149,#10150,#10151);
#10149 = CARTESIAN_POINT('',(0.,0.,5.));
#10150 = DIRECTION('',(0.,0.,1.));
#10151 = DIRECTION('',(-0.965925826289,-0.258819045103,0.));
#10152 = DEFINITIONAL_REPRESENTATION('',(#10153),#10157);
#10153 = LINE('',#10154,#10155);
#10154 = CARTESIAN_POINT('',(0.,-0.));
#10155 = VECTOR('',#10156,1.);
#10156 = DIRECTION('',(0.,1.));
#10157 = ( GEOMETRIC_REPRESENTATION_CONTEXT(2) 
PARAMETRIC_REPRESENTATION_CONTEXT() REPRESENTATION_CONTEXT('2D SPACE',''
  ) );
#10158 = ORIENTED_EDGE('',*,*,#10159,.F.);
#10159 = EDGE_CURVE('',#6119,#10132,#10160,.T.);
#10160 = SURFACE_CURVE('',#10161,(#10165,#10172),.PCURVE_S1.);
#10161 = LINE('',#10162,#10163);
#10162 = CARTESIAN_POINT('',(0.,0.,105.));
#10163 = VECTOR('',#10164,1.);
#10164 = DIRECTION('',(-0.965925826289,-0.258819045103,0.));
#10165 = PCURVE('',#6138,#10166);
#10166 = DEFINITIONAL_REPRESENTATION('',(#10167),#10171);
#10167 = LINE('',#10168,#10169);
#10168 = CARTESIAN_POINT('',(0.,100.));
#10169 = VECTOR('',#10170,1.);
#10170 = DIRECTION('',(1.,0.));
#10171 = ( GEOMETRIC_REPRESENTATION_CONTEXT(2) 
PARAMETRIC_REPRESENTATION_CONTEXT() REPRESENTATION_CONTEXT('2D SPACE',''
  ) );
#10172 = PCURVE('',#6169,#10173);
#10173 = DEFINITIONAL_REPRESENTATION('',(#10174),#10178);
#10174 = LINE('',#10175,#10176);
#10175 = CARTESIAN_POINT('',(0.,0.));
#10176 = VECTOR('',#10177,1.);
#10177 = DIRECTION('',(1.,0.));
#10178 = ( GEOMETRIC_REPRESENTATION_CONTEXT(2) 
PARAMETRIC_REPRESENTATION_CONTEXT() REPRESENTATION_CONTEXT('2D SPACE',''
  ) );
#10179 = ADVANCED_FACE('',(#10180),#6230,.T.);
#10180 = FACE_BOUND('',#10181,.T.);
#10181 = EDGE_LOOP('',(#10182,#10206,#10227,#10228));
#10182 = ORIENTED_EDGE('',*,*,#10183,.T.);
#10183 = EDGE_CURVE('',#10109,#10184,#10186,.T.);
#10184 = VERTEX_POINT('',#10185);
#10185 = CARTESIAN_POINT('',(-57.50006717744,-22.07220780154,5.));
#10186 = SURFACE_CURVE('',#10187,(#10192,#10199),.PCURVE_S1.);
#10187 = CIRCLE('',#10188,61.590909090909);
#10188 = AXIS2_PLACEMENT_3D('',#10189,#10190,#10191);
#10189 = CARTESIAN_POINT('',(0.,0.,5.));
#10190 = DIRECTION('',(0.,0.,1.));
#10191 = DIRECTION('',(-0.965925826289,-0.258819045103,0.));
#10192 = PCURVE('',#6230,#10193);
#10193 = DEFINITIONAL_REPRESENTATION('',(#10194),#10198);
#10194 = CIRCLE('',#10195,61.590909090909);
#10195 = AXIS2_PLACEMENT_2D('',#10196,#10197);
#10196 = CARTESIAN_POINT('',(0.,0.));
#10197 = DIRECTION('',(1.,0.));
#10198 = ( GEOMETRIC_REPRESENTATION_CONTEXT(2) 
PARAMETRIC_REPRESENTATION_CONTEXT() REPRESENTATION_CONTEXT('2D SPACE',''
  ) );
#10199 = PCURVE('',#10147,#10200);
#10200 = DEFINITIONAL_REPRESENTATION('',(#10201),#10205);
#10201 = LINE('',#10202,#10203);
#10202 = CARTESIAN_POINT('',(0.,0.));
#10203 = VECTOR('',#10204,1.);
#10204 = DIRECTION('',(1.,0.));
#10205 = ( GEOMETRIC_REPRESENTATION_CONTEXT(2) 
PARAMETRIC_REPRESENTATION_CONTEXT() REPRESENTATION_CONTEXT('2D SPACE',''
  ) );
#10206 = ORIENTED_EDGE('',*,*,#10207,.F.);
#10207 = EDGE_CURVE('',#6182,#10184,#10208,.T.);
#10208 = SURFACE_CURVE('',#10209,(#10213,#10220),.PCURVE_S1.);
#10209 = LINE('',#10210,#10211);
#10210 = CARTESIAN_POINT('',(0.,0.,5.));
#10211 = VECTOR('',#10212,1.);
#10212 = DIRECTION('',(-0.933580426497,-0.358367949545,0.));
#10213 = PCURVE('',#6230,#10214);
#10214 = DEFINITIONAL_REPRESENTATION('',(#10215),#10219);
#10215 = LINE('',#10216,#10217);
#10216 = CARTESIAN_POINT('',(0.,0.));
#10217 = VECTOR('',#10218,1.);
#10218 = DIRECTION('',(0.994521895368,0.104528463268));
#10219 = ( GEOMETRIC_REPRESENTATION_CONTEXT(2) 
PARAMETRIC_REPRESENTATION_CONTEXT() REPRESENTATION_CONTEXT('2D SPACE',''
  ) );
#10220 = PCURVE('',#6201,#10221);
#10221 = DEFINITIONAL_REPRESENTATION('',(#10222),#10226);
#10222 = LINE('',#10223,#10224);
#10223 = CARTESIAN_POINT('',(0.,0.));
#10224 = VECTOR('',#10225,1.);
#10225 = DIRECTION('',(1.,0.));
#10226 = ( GEOMETRIC_REPRESENTATION_CONTEXT(2) 
PARAMETRIC_REPRESENTATION_CONTEXT() REPRESENTATION_CONTEXT('2D SPACE',''
  ) );
#10227 = ORIENTED_EDGE('',*,*,#6215,.F.);
#10228 = ORIENTED_EDGE('',*,*,#10108,.T.);
#10229 = ADVANCED_FACE('',(#10230),#6201,.T.);
#10230 = FACE_BOUND('',#10231,.T.);
#10231 = EDGE_LOOP('',(#10232,#10255,#10256,#10257));
#10232 = ORIENTED_EDGE('',*,*,#10233,.F.);
#10233 = EDGE_CURVE('',#6153,#10234,#10236,.T.);
#10234 = VERTEX_POINT('',#10235);
#10235 = CARTESIAN_POINT('',(-59.1974861347,-22.72378589162,105.));
#10236 = SURFACE_CURVE('',#10237,(#10241,#10248),.PCURVE_S1.);
#10237 = LINE('',#10238,#10239);
#10238 = CARTESIAN_POINT('',(0.,0.,105.));
#10239 = VECTOR('',#10240,1.);
#10240 = DIRECTION('',(-0.933580426497,-0.358367949545,0.));
#10241 = PCURVE('',#6201,#10242);
#10242 = DEFINITIONAL_REPRESENTATION('',(#10243),#10247);
#10243 = LINE('',#10244,#10245);
#10244 = CARTESIAN_POINT('',(0.,100.));
#10245 = VECTOR('',#10246,1.);
#10246 = DIRECTION('',(1.,0.));
#10247 = ( GEOMETRIC_REPRESENTATION_CONTEXT(2) 
PARAMETRIC_REPRESENTATION_CONTEXT() REPRESENTATION_CONTEXT('2D SPACE',''
  ) );
#10248 = PCURVE('',#6169,#10249);
#10249 = DEFINITIONAL_REPRESENTATION('',(#10250),#10254);
#10250 = LINE('',#10251,#10252);
#10251 = CARTESIAN_POINT('',(0.,0.));
#10252 = VECTOR('',#10253,1.);
#10253 = DIRECTION('',(0.994521895368,0.104528463268));
#10254 = ( GEOMETRIC_REPRESENTATION_CONTEXT(2) 
PARAMETRIC_REPRESENTATION_CONTEXT() REPRESENTATION_CONTEXT('2D SPACE',''
  ) );
#10255 = ORIENTED_EDGE('',*,*,#6181,.F.);
#10256 = ORIENTED_EDGE('',*,*,#10207,.T.);
#10257 = ORIENTED_EDGE('',*,*,#10258,.T.);
#10258 = EDGE_CURVE('',#10184,#10234,#10259,.T.);
#10259 = SURFACE_CURVE('',#10260,(#10264,#10271),.PCURVE_S1.);
#10260 = LINE('',#10261,#10262);
#10261 = CARTESIAN_POINT('',(-57.50006717744,-22.07220780154,5.));
#10262 = VECTOR('',#10263,1.);
#10263 = DIRECTION('',(-1.697138461693E-02,-6.514704179193E-03,
    0.999834751713));
#10264 = PCURVE('',#6201,#10265);
#10265 = DEFINITIONAL_REPRESENTATION('',(#10266),#10270);
#10266 = LINE('',#10267,#10268);
#10267 = CARTESIAN_POINT('',(61.590909090909,0.));
#10268 = VECTOR('',#10269,1.);
#10269 = DIRECTION('',(1.817881366751E-02,0.999834751713));
#10270 = ( GEOMETRIC_REPRESENTATION_CONTEXT(2) 
PARAMETRIC_REPRESENTATION_CONTEXT() REPRESENTATION_CONTEXT('2D SPACE',''
  ) );
#10271 = PCURVE('',#10147,#10272);
#10272 = DEFINITIONAL_REPRESENTATION('',(#10273),#10277);
#10273 = LINE('',#10274,#10275);
#10274 = CARTESIAN_POINT('',(0.10471975512,-0.));
#10275 = VECTOR('',#10276,1.);
#10276 = DIRECTION('',(0.,1.));
#10277 = ( GEOMETRIC_REPRESENTATION_CONTEXT(2) 
PARAMETRIC_REPRESENTATION_CONTEXT() REPRESENTATION_CONTEXT('2D SPACE',''
  ) );
#10278 = ADVANCED_FACE('',(#10279),#6169,.F.);
#10279 = FACE_BOUND('',#10280,.F.);
#10280 = EDGE_LOOP('',(#10281,#10303,#10304,#10305));
#10281 = ORIENTED_EDGE('',*,*,#10282,.T.);
#10282 = EDGE_CURVE('',#10132,#10234,#10283,.T.);
#10283 = SURFACE_CURVE('',#10284,(#10289,#10296),.PCURVE_S1.);
#10284 = CIRCLE('',#10285,63.409090909091);
#10285 = AXIS2_PLACEMENT_3D('',#10286,#10287,#10288);
#10286 = CARTESIAN_POINT('',(0.,0.,105.));
#10287 = DIRECTION('',(0.,0.,1.));
#10288 = DIRECTION('',(-0.965925826289,-0.258819045103,0.));
#10289 = PCURVE('',#6169,#10290);
#10290 = DEFINITIONAL_REPRESENTATION('',(#10291),#10295);
#10291 = CIRCLE('',#10292,63.409090909091);
#10292 = AXIS2_PLACEMENT_2D('',#10293,#10294);
#10293 = CARTESIAN_POINT('',(0.,0.));
#10294 = DIRECTION('',(1.,0.));
#10295 = ( GEOMETRIC_REPRESENTATION_CONTEXT(2) 
PARAMETRIC_REPRESENTATION_CONTEXT() REPRESENTATION_CONTEXT('2D SPACE',''
  ) );
#10296 = PCURVE('',#10147,#10297);
#10297 = DEFINITIONAL_REPRESENTATION('',(#10298),#10302);
#10298 = LINE('',#10299,#10300);
#10299 = CARTESIAN_POINT('',(0.,100.));
#10300 = VECTOR('',#10301,1.);
#10301 = DIRECTION('',(1.,0.));
#10302 = ( GEOMETRIC_REPRESENTATION_CONTEXT(2) 
PARAMETRIC_REPRESENTATION_CONTEXT() REPRESENTATION_CONTEXT('2D SPACE',''
  ) );
#10303 = ORIENTED_EDGE('',*,*,#10233,.F.);
#10304 = ORIENTED_EDGE('',*,*,#6152,.F.);
#10305 = ORIENTED_EDGE('',*,*,#10159,.T.);
#10306 = ADVANCED_FACE('',(#10307),#6266,.F.);
#10307 = FACE_BOUND('',#10308,.F.);
#10308 = EDGE_LOOP('',(#10309,#10310,#10333,#10361));
#10309 = ORIENTED_EDGE('',*,*,#6244,.F.);
#10310 = ORIENTED_EDGE('',*,*,#10311,.T.);
#10311 = EDGE_CURVE('',#6245,#10312,#10314,.T.);
#10312 = VERTEX_POINT('',#10313);
#10313 = CARTESIAN_POINT('',(-53.3392919149,-30.79545454545,5.));
#10314 = SURFACE_CURVE('',#10315,(#10319,#10326),.PCURVE_S1.);
#10315 = LINE('',#10316,#10317);
#10316 = CARTESIAN_POINT('',(0.,0.,5.));
#10317 = VECTOR('',#10318,1.);
#10318 = DIRECTION('',(-0.866025403784,-0.5,0.));
#10319 = PCURVE('',#6266,#10320);
#10320 = DEFINITIONAL_REPRESENTATION('',(#10321),#10325);
#10321 = LINE('',#10322,#10323);
#10322 = CARTESIAN_POINT('',(0.,0.));
#10323 = VECTOR('',#10324,1.);
#10324 = DIRECTION('',(1.,0.));
#10325 = ( GEOMETRIC_REPRESENTATION_CONTEXT(2) 
PARAMETRIC_REPRESENTATION_CONTEXT() REPRESENTATION_CONTEXT('2D SPACE',''
  ) );
#10326 = PCURVE('',#6358,#10327);
#10327 = DEFINITIONAL_REPRESENTATION('',(#10328),#10332);
#10328 = LINE('',#10329,#10330);
#10329 = CARTESIAN_POINT('',(0.,0.));
#10330 = VECTOR('',#10331,1.);
#10331 = DIRECTION('',(1.,0.));
#10332 = ( GEOMETRIC_REPRESENTATION_CONTEXT(2) 
PARAMETRIC_REPRESENTATION_CONTEXT() REPRESENTATION_CONTEXT('2D SPACE',''
  ) );
#10333 = ORIENTED_EDGE('',*,*,#10334,.T.);
#10334 = EDGE_CURVE('',#10312,#10335,#10337,.T.);
#10335 = VERTEX_POINT('',#10336);
#10336 = CARTESIAN_POINT('',(-54.91388355815,-31.70454545454,105.));
#10337 = SURFACE_CURVE('',#10338,(#10342,#10349),.PCURVE_S1.);
#10338 = LINE('',#10339,#10340);
#10339 = CARTESIAN_POINT('',(-53.3392919149,-30.79545454545,5.));
#10340 = VECTOR('',#10341,1.);
#10341 = DIRECTION('',(-1.574331444673E-02,-9.089406833757E-03,
    0.999834751713));
#10342 = PCURVE('',#6266,#10343);
#10343 = DEFINITIONAL_REPRESENTATION('',(#10344),#10348);
#10344 = LINE('',#10345,#10346);
#10345 = CARTESIAN_POINT('',(61.590909090909,0.));
#10346 = VECTOR('',#10347,1.);
#10347 = DIRECTION('',(1.817881366751E-02,0.999834751713));
#10348 = ( GEOMETRIC_REPRESENTATION_CONTEXT(2) 
PARAMETRIC_REPRESENTATION_CONTEXT() REPRESENTATION_CONTEXT('2D SPACE',''
  ) );
#10349 = PCURVE('',#10350,#10355);
#10350 = CONICAL_SURFACE('',#10351,61.590909090909,1.817981507298E-02);
#10351 = AXIS2_PLACEMENT_3D('',#10352,#10353,#10354);
#10352 = CARTESIAN_POINT('',(0.,0.,5.));
#10353 = DIRECTION('',(0.,0.,1.));
#10354 = DIRECTION('',(-0.866025403784,-0.5,0.));
#10355 = DEFINITIONAL_REPRESENTATION('',(#10356),#10360);
#10356 = LINE('',#10357,#10358);
#10357 = CARTESIAN_POINT('',(0.,-0.));
#10358 = VECTOR('',#10359,1.);
#10359 = DIRECTION('',(0.,1.));
#10360 = ( GEOMETRIC_REPRESENTATION_CONTEXT(2) 
PARAMETRIC_REPRESENTATION_CONTEXT() REPRESENTATION_CONTEXT('2D SPACE',''
  ) );
#10361 = ORIENTED_EDGE('',*,*,#10362,.F.);
#10362 = EDGE_CURVE('',#6247,#10335,#10363,.T.);
#10363 = SURFACE_CURVE('',#10364,(#10368,#10375),.PCURVE_S1.);
#10364 = LINE('',#10365,#10366);
#10365 = CARTESIAN_POINT('',(0.,0.,105.));
#10366 = VECTOR('',#10367,1.);
#10367 = DIRECTION('',(-0.866025403784,-0.5,0.));
#10368 = PCURVE('',#6266,#10369);
#10369 = DEFINITIONAL_REPRESENTATION('',(#10370),#10374);
#10370 = LINE('',#10371,#10372);
#10371 = CARTESIAN_POINT('',(0.,100.));
#10372 = VECTOR('',#10373,1.);
#10373 = DIRECTION('',(1.,0.));
#10374 = ( GEOMETRIC_REPRESENTATION_CONTEXT(2) 
PARAMETRIC_REPRESENTATION_CONTEXT() REPRESENTATION_CONTEXT('2D SPACE',''
  ) );
#10375 = PCURVE('',#6297,#10376);
#10376 = DEFINITIONAL_REPRESENTATION('',(#10377),#10381);
#10377 = LINE('',#10378,#10379);
#10378 = CARTESIAN_POINT('',(0.,0.));
#10379 = VECTOR('',#10380,1.);
#10380 = DIRECTION('',(1.,0.));
#10381 = ( GEOMETRIC_REPRESENTATION_CONTEXT(2) 
PARAMETRIC_REPRESENTATION_CONTEXT() REPRESENTATION_CONTEXT('2D SPACE',''
  ) );
#10382 = ADVANCED_FACE('',(#10383),#6358,.T.);
#10383 = FACE_BOUND('',#10384,.T.);
#10384 = EDGE_LOOP('',(#10385,#10409,#10430,#10431));
#10385 = ORIENTED_EDGE('',*,*,#10386,.T.);
#10386 = EDGE_CURVE('',#10312,#10387,#10389,.T.);
#10387 = VERTEX_POINT('',#10388);
#10388 = CARTESIAN_POINT('',(-49.82809215354,-36.20222803892,5.));
#10389 = SURFACE_CURVE('',#10390,(#10395,#10402),.PCURVE_S1.);
#10390 = CIRCLE('',#10391,61.590909090909);
#10391 = AXIS2_PLACEMENT_3D('',#10392,#10393,#10394);
#10392 = CARTESIAN_POINT('',(0.,0.,5.));
#10393 = DIRECTION('',(0.,0.,1.));
#10394 = DIRECTION('',(-0.866025403784,-0.5,0.));
#10395 = PCURVE('',#6358,#10396);
#10396 = DEFINITIONAL_REPRESENTATION('',(#10397),#10401);
#10397 = CIRCLE('',#10398,61.590909090909);
#10398 = AXIS2_PLACEMENT_2D('',#10399,#10400);
#10399 = CARTESIAN_POINT('',(0.,0.));
#10400 = DIRECTION('',(1.,0.));
#10401 = ( GEOMETRIC_REPRESENTATION_CONTEXT(2) 
PARAMETRIC_REPRESENTATION_CONTEXT() REPRESENTATION_CONTEXT('2D SPACE',''
  ) );
#10402 = PCURVE('',#10350,#10403);
#10403 = DEFINITIONAL_REPRESENTATION('',(#10404),#10408);
#10404 = LINE('',#10405,#10406);
#10405 = CARTESIAN_POINT('',(0.,0.));
#10406 = VECTOR('',#10407,1.);
#10407 = DIRECTION('',(1.,0.));
#10408 = ( GEOMETRIC_REPRESENTATION_CONTEXT(2) 
PARAMETRIC_REPRESENTATION_CONTEXT() REPRESENTATION_CONTEXT('2D SPACE',''
  ) );
#10409 = ORIENTED_EDGE('',*,*,#10410,.F.);
#10410 = EDGE_CURVE('',#6310,#10387,#10411,.T.);
#10411 = SURFACE_CURVE('',#10412,(#10416,#10423),.PCURVE_S1.);
#10412 = LINE('',#10413,#10414);
#10413 = CARTESIAN_POINT('',(0.,0.,5.));
#10414 = VECTOR('',#10415,1.);
#10415 = DIRECTION('',(-0.809016994375,-0.587785252292,0.));
#10416 = PCURVE('',#6358,#10417);
#10417 = DEFINITIONAL_REPRESENTATION('',(#10418),#10422);
#10418 = LINE('',#10419,#10420);
#10419 = CARTESIAN_POINT('',(0.,0.));
#10420 = VECTOR('',#10421,1.);
#10421 = DIRECTION('',(0.994521895368,0.104528463268));
#10422 = ( GEOMETRIC_REPRESENTATION_CONTEXT(2) 
PARAMETRIC_REPRESENTATION_CONTEXT() REPRESENTATION_CONTEXT('2D SPACE',''
  ) );
#10423 = PCURVE('',#6329,#10424);
#10424 = DEFINITIONAL_REPRESENTATION('',(#10425),#10429);
#10425 = LINE('',#10426,#10427);
#10426 = CARTESIAN_POINT('',(0.,0.));
#10427 = VECTOR('',#10428,1.);
#10428 = DIRECTION('',(1.,0.));
#10429 = ( GEOMETRIC_REPRESENTATION_CONTEXT(2) 
PARAMETRIC_REPRESENTATION_CONTEXT() REPRESENTATION_CONTEXT('2D SPACE',''
  ) );
#10430 = ORIENTED_EDGE('',*,*,#6343,.F.);
#10431 = ORIENTED_EDGE('',*,*,#10311,.T.);
#10432 = ADVANCED_FACE('',(#10433),#6329,.T.);
#10433 = FACE_BOUND('',#10434,.T.);
#10434 = EDGE_LOOP('',(#10435,#10458,#10459,#10460));
#10435 = ORIENTED_EDGE('',*,*,#10436,.F.);
#10436 = EDGE_CURVE('',#6281,#10437,#10439,.T.);
#10437 = VERTEX_POINT('',#10438);
#10438 = CARTESIAN_POINT('',(-51.29903214332,-37.27092849763,105.));
#10439 = SURFACE_CURVE('',#10440,(#10444,#10451),.PCURVE_S1.);
#10440 = LINE('',#10441,#10442);
#10441 = CARTESIAN_POINT('',(0.,0.,105.));
#10442 = VECTOR('',#10443,1.);
#10443 = DIRECTION('',(-0.809016994375,-0.587785252292,0.));
#10444 = PCURVE('',#6329,#10445);
#10445 = DEFINITIONAL_REPRESENTATION('',(#10446),#10450);
#10446 = LINE('',#10447,#10448);
#10447 = CARTESIAN_POINT('',(0.,100.));
#10448 = VECTOR('',#10449,1.);
#10449 = DIRECTION('',(1.,0.));
#10450 = ( GEOMETRIC_REPRESENTATION_CONTEXT(2) 
PARAMETRIC_REPRESENTATION_CONTEXT() REPRESENTATION_CONTEXT('2D SPACE',''
  ) );
#10451 = PCURVE('',#6297,#10452);
#10452 = DEFINITIONAL_REPRESENTATION('',(#10453),#10457);
#10453 = LINE('',#10454,#10455);
#10454 = CARTESIAN_POINT('',(0.,0.));
#10455 = VECTOR('',#10456,1.);
#10456 = DIRECTION('',(0.994521895368,0.104528463268));
#10457 = ( GEOMETRIC_REPRESENTATION_CONTEXT(2) 
PARAMETRIC_REPRESENTATION_CONTEXT() REPRESENTATION_CONTEXT('2D SPACE',''
  ) );
#10458 = ORIENTED_EDGE('',*,*,#6309,.F.);
#10459 = ORIENTED_EDGE('',*,*,#10410,.T.);
#10460 = ORIENTED_EDGE('',*,*,#10461,.T.);
#10461 = EDGE_CURVE('',#10387,#10437,#10462,.T.);
#10462 = SURFACE_CURVE('',#10463,(#10467,#10474),.PCURVE_S1.);
#10463 = LINE('',#10464,#10465);
#10464 = CARTESIAN_POINT('',(-49.82809215354,-36.20222803892,5.));
#10465 = VECTOR('',#10466,1.);
#10466 = DIRECTION('',(-1.47069691946E-02,-1.068523857794E-02,
    0.999834751713));
#10467 = PCURVE('',#6329,#10468);
#10468 = DEFINITIONAL_REPRESENTATION('',(#10469),#10473);
#10469 = LINE('',#10470,#10471);
#10470 = CARTESIAN_POINT('',(61.590909090909,0.));
#10471 = VECTOR('',#10472,1.);
#10472 = DIRECTION('',(1.817881366751E-02,0.999834751713));
#10473 = ( GEOMETRIC_REPRESENTATION_CONTEXT(2) 
PARAMETRIC_REPRESENTATION_CONTEXT() REPRESENTATION_CONTEXT('2D SPACE',''
  ) );
#10474 = PCURVE('',#10350,#10475);
#10475 = DEFINITIONAL_REPRESENTATION('',(#10476),#10480);
#10476 = LINE('',#10477,#10478);
#10477 = CARTESIAN_POINT('',(0.10471975512,-0.));
#10478 = VECTOR('',#10479,1.);
#10479 = DIRECTION('',(0.,1.));
#10480 = ( GEOMETRIC_REPRESENTATION_CONTEXT(2) 
PARAMETRIC_REPRESENTATION_CONTEXT() REPRESENTATION_CONTEXT('2D SPACE',''
  ) );
#10481 = ADVANCED_FACE('',(#10482),#6297,.F.);
#10482 = FACE_BOUND('',#10483,.F.);
#10483 = EDGE_LOOP('',(#10484,#10506,#10507,#10508));
#10484 = ORIENTED_EDGE('',*,*,#10485,.T.);
#10485 = EDGE_CURVE('',#10335,#10437,#10486,.T.);
#10486 = SURFACE_CURVE('',#10487,(#10492,#10499),.PCURVE_S1.);
#10487 = CIRCLE('',#10488,63.409090909091);
#10488 = AXIS2_PLACEMENT_3D('',#10489,#10490,#10491);
#10489 = CARTESIAN_POINT('',(0.,0.,105.));
#10490 = DIRECTION('',(0.,0.,1.));
#10491 = DIRECTION('',(-0.866025403784,-0.5,0.));
#10492 = PCURVE('',#6297,#10493);
#10493 = DEFINITIONAL_REPRESENTATION('',(#10494),#10498);
#10494 = CIRCLE('',#10495,63.409090909091);
#10495 = AXIS2_PLACEMENT_2D('',#10496,#10497);
#10496 = CARTESIAN_POINT('',(0.,0.));
#10497 = DIRECTION('',(1.,0.));
#10498 = ( GEOMETRIC_REPRESENTATION_CONTEXT(2) 
PARAMETRIC_REPRESENTATION_CONTEXT() REPRESENTATION_CONTEXT('2D SPACE',''
  ) );
#10499 = PCURVE('',#10350,#10500);
#10500 = DEFINITIONAL_REPRESENTATION('',(#10501),#10505);
#10501 = LINE('',#10502,#10503);
#10502 = CARTESIAN_POINT('',(0.,100.));
#10503 = VECTOR('',#10504,1.);
#10504 = DIRECTION('',(1.,0.));
#10505 = ( GEOMETRIC_REPRESENTATION_CONTEXT(2) 
PARAMETRIC_REPRESENTATION_CONTEXT() REPRESENTATION_CONTEXT('2D SPACE',''
  ) );
#10506 = ORIENTED_EDGE('',*,*,#10436,.F.);
#10507 = ORIENTED_EDGE('',*,*,#6280,.F.);
#10508 = ORIENTED_EDGE('',*,*,#10362,.T.);
#10509 = ADVANCED_FACE('',(#10510),#6394,.F.);
#10510 = FACE_BOUND('',#10511,.F.);
#10511 = EDGE_LOOP('',(#10512,#10513,#10536,#10564));
#10512 = ORIENTED_EDGE('',*,*,#6372,.F.);
#10513 = ORIENTED_EDGE('',*,*,#10514,.T.);
#10514 = EDGE_CURVE('',#6373,#10515,#10517,.T.);
#10515 = VERTEX_POINT('',#10516);
#10516 = CARTESIAN_POINT('',(-43.55134947762,-43.55134947762,5.));
#10517 = SURFACE_CURVE('',#10518,(#10522,#10529),.PCURVE_S1.);
#10518 = LINE('',#10519,#10520);
#10519 = CARTESIAN_POINT('',(0.,0.,5.));
#10520 = VECTOR('',#10521,1.);
#10521 = DIRECTION('',(-0.707106781187,-0.707106781187,0.));
#10522 = PCURVE('',#6394,#10523);
#10523 = DEFINITIONAL_REPRESENTATION('',(#10524),#10528);
#10524 = LINE('',#10525,#10526);
#10525 = CARTESIAN_POINT('',(0.,0.));
#10526 = VECTOR('',#10527,1.);
#10527 = DIRECTION('',(1.,0.));
#10528 = ( GEOMETRIC_REPRESENTATION_CONTEXT(2) 
PARAMETRIC_REPRESENTATION_CONTEXT() REPRESENTATION_CONTEXT('2D SPACE',''
  ) );
#10529 = PCURVE('',#6486,#10530);
#10530 = DEFINITIONAL_REPRESENTATION('',(#10531),#10535);
#10531 = LINE('',#10532,#10533);
#10532 = CARTESIAN_POINT('',(0.,0.));
#10533 = VECTOR('',#10534,1.);
#10534 = DIRECTION('',(1.,0.));
#10535 = ( GEOMETRIC_REPRESENTATION_CONTEXT(2) 
PARAMETRIC_REPRESENTATION_CONTEXT() REPRESENTATION_CONTEXT('2D SPACE',''
  ) );
#10536 = ORIENTED_EDGE('',*,*,#10537,.T.);
#10537 = EDGE_CURVE('',#10515,#10538,#10540,.T.);
#10538 = VERTEX_POINT('',#10539);
#10539 = CARTESIAN_POINT('',(-44.83699817069,-44.83699817069,105.));
#10540 = SURFACE_CURVE('',#10541,(#10545,#10552),.PCURVE_S1.);
#10541 = LINE('',#10542,#10543);
#10542 = CARTESIAN_POINT('',(-43.55134947762,-43.55134947762,5.));
#10543 = VECTOR('',#10544,1.);
#10544 = DIRECTION('',(-1.285436241823E-02,-1.285436241823E-02,
    0.999834751713));
#10545 = PCURVE('',#6394,#10546);
#10546 = DEFINITIONAL_REPRESENTATION('',(#10547),#10551);
#10547 = LINE('',#10548,#10549);
#10548 = CARTESIAN_POINT('',(61.590909090909,0.));
#10549 = VECTOR('',#10550,1.);
#10550 = DIRECTION('',(1.817881366751E-02,0.999834751713));
#10551 = ( GEOMETRIC_REPRESENTATION_CONTEXT(2) 
PARAMETRIC_REPRESENTATION_CONTEXT() REPRESENTATION_CONTEXT('2D SPACE',''
  ) );
#10552 = PCURVE('',#10553,#10558);
#10553 = CONICAL_SURFACE('',#10554,61.590909090909,1.817981507298E-02);
#10554 = AXIS2_PLACEMENT_3D('',#10555,#10556,#10557);
#10555 = CARTESIAN_POINT('',(0.,0.,5.));
#10556 = DIRECTION('',(0.,0.,1.));
#10557 = DIRECTION('',(-0.707106781187,-0.707106781187,0.));
#10558 = DEFINITIONAL_REPRESENTATION('',(#10559),#10563);
#10559 = LINE('',#10560,#10561);
#10560 = CARTESIAN_POINT('',(0.,-0.));
#10561 = VECTOR('',#10562,1.);
#10562 = DIRECTION('',(0.,1.));
#10563 = ( GEOMETRIC_REPRESENTATION_CONTEXT(2) 
PARAMETRIC_REPRESENTATION_CONTEXT() REPRESENTATION_CONTEXT('2D SPACE',''
  ) );
#10564 = ORIENTED_EDGE('',*,*,#10565,.F.);
#10565 = EDGE_CURVE('',#6375,#10538,#10566,.T.);
#10566 = SURFACE_CURVE('',#10567,(#10571,#10578),.PCURVE_S1.);
#10567 = LINE('',#10568,#10569);
#10568 = CARTESIAN_POINT('',(0.,0.,105.));
#10569 = VECTOR('',#10570,1.);
#10570 = DIRECTION('',(-0.707106781187,-0.707106781187,0.));
#10571 = PCURVE('',#6394,#10572);
#10572 = DEFINITIONAL_REPRESENTATION('',(#10573),#10577);
#10573 = LINE('',#10574,#10575);
#10574 = CARTESIAN_POINT('',(0.,100.));
#10575 = VECTOR('',#10576,1.);
#10576 = DIRECTION('',(1.,0.));
#10577 = ( GEOMETRIC_REPRESENTATION_CONTEXT(2) 
PARAMETRIC_REPRESENTATION_CONTEXT() REPRESENTATION_CONTEXT('2D SPACE',''
  ) );
#10578 = PCURVE('',#6425,#10579);
#10579 = DEFINITIONAL_REPRESENTATION('',(#10580),#10584);
#10580 = LINE('',#10581,#10582);
#10581 = CARTESIAN_POINT('',(0.,0.));
#10582 = VECTOR('',#10583,1.);
#10583 = DIRECTION('',(1.,0.));
#10584 = ( GEOMETRIC_REPRESENTATION_CONTEXT(2) 
PARAMETRIC_REPRESENTATION_CONTEXT() REPRESENTATION_CONTEXT('2D SPACE',''
  ) );
#10585 = ADVANCED_FACE('',(#10586),#6486,.T.);
#10586 = FACE_BOUND('',#10587,.T.);
#10587 = EDGE_LOOP('',(#10588,#10612,#10633,#10634));
#10588 = ORIENTED_EDGE('',*,*,#10589,.T.);
#10589 = EDGE_CURVE('',#10515,#10590,#10592,.T.);
#10590 = VERTEX_POINT('',#10591);
#10591 = CARTESIAN_POINT('',(-38.7604149942,-47.86512626246,5.));
#10592 = SURFACE_CURVE('',#10593,(#10598,#10605),.PCURVE_S1.);
#10593 = CIRCLE('',#10594,61.590909090909);
#10594 = AXIS2_PLACEMENT_3D('',#10595,#10596,#10597);
#10595 = CARTESIAN_POINT('',(0.,0.,5.));
#10596 = DIRECTION('',(0.,0.,1.));
#10597 = DIRECTION('',(-0.707106781187,-0.707106781187,0.));
#10598 = PCURVE('',#6486,#10599);
#10599 = DEFINITIONAL_REPRESENTATION('',(#10600),#10604);
#10600 = CIRCLE('',#10601,61.590909090909);
#10601 = AXIS2_PLACEMENT_2D('',#10602,#10603);
#10602 = CARTESIAN_POINT('',(0.,0.));
#10603 = DIRECTION('',(1.,0.));
#10604 = ( GEOMETRIC_REPRESENTATION_CONTEXT(2) 
PARAMETRIC_REPRESENTATION_CONTEXT() REPRESENTATION_CONTEXT('2D SPACE',''
  ) );
#10605 = PCURVE('',#10553,#10606);
#10606 = DEFINITIONAL_REPRESENTATION('',(#10607),#10611);
#10607 = LINE('',#10608,#10609);
#10608 = CARTESIAN_POINT('',(0.,0.));
#10609 = VECTOR('',#10610,1.);
#10610 = DIRECTION('',(1.,0.));
#10611 = ( GEOMETRIC_REPRESENTATION_CONTEXT(2) 
PARAMETRIC_REPRESENTATION_CONTEXT() REPRESENTATION_CONTEXT('2D SPACE',''
  ) );
#10612 = ORIENTED_EDGE('',*,*,#10613,.F.);
#10613 = EDGE_CURVE('',#6438,#10590,#10614,.T.);
#10614 = SURFACE_CURVE('',#10615,(#10619,#10626),.PCURVE_S1.);
#10615 = LINE('',#10616,#10617);
#10616 = CARTESIAN_POINT('',(0.,0.,5.));
#10617 = VECTOR('',#10618,1.);
#10618 = DIRECTION('',(-0.62932039105,-0.777145961457,0.));
#10619 = PCURVE('',#6486,#10620);
#10620 = DEFINITIONAL_REPRESENTATION('',(#10621),#10625);
#10621 = LINE('',#10622,#10623);
#10622 = CARTESIAN_POINT('',(0.,0.));
#10623 = VECTOR('',#10624,1.);
#10624 = DIRECTION('',(0.994521895368,0.104528463268));
#10625 = ( GEOMETRIC_REPRESENTATION_CONTEXT(2) 
PARAMETRIC_REPRESENTATION_CONTEXT() REPRESENTATION_CONTEXT('2D SPACE',''
  ) );
#10626 = PCURVE('',#6457,#10627);
#10627 = DEFINITIONAL_REPRESENTATION('',(#10628),#10632);
#10628 = LINE('',#10629,#10630);
#10629 = CARTESIAN_POINT('',(0.,0.));
#10630 = VECTOR('',#10631,1.);
#10631 = DIRECTION('',(1.,0.));
#10632 = ( GEOMETRIC_REPRESENTATION_CONTEXT(2) 
PARAMETRIC_REPRESENTATION_CONTEXT() REPRESENTATION_CONTEXT('2D SPACE',''
  ) );
#10633 = ORIENTED_EDGE('',*,*,#6471,.F.);
#10634 = ORIENTED_EDGE('',*,*,#10514,.T.);
#10635 = ADVANCED_FACE('',(#10636),#6457,.T.);
#10636 = FACE_BOUND('',#10637,.T.);
#10637 = EDGE_LOOP('',(#10638,#10661,#10662,#10663));
#10638 = ORIENTED_EDGE('',*,*,#10639,.F.);
#10639 = EDGE_CURVE('',#6409,#10640,#10642,.T.);
#10640 = VERTEX_POINT('',#10641);
#10641 = CARTESIAN_POINT('',(-39.90463388702,-49.27811891965,105.));
#10642 = SURFACE_CURVE('',#10643,(#10647,#10654),.PCURVE_S1.);
#10643 = LINE('',#10644,#10645);
#10644 = CARTESIAN_POINT('',(0.,0.,105.));
#10645 = VECTOR('',#10646,1.);
#10646 = DIRECTION('',(-0.62932039105,-0.777145961457,0.));
#10647 = PCURVE('',#6457,#10648);
#10648 = DEFINITIONAL_REPRESENTATION('',(#10649),#10653);
#10649 = LINE('',#10650,#10651);
#10650 = CARTESIAN_POINT('',(0.,100.));
#10651 = VECTOR('',#10652,1.);
#10652 = DIRECTION('',(1.,0.));
#10653 = ( GEOMETRIC_REPRESENTATION_CONTEXT(2) 
PARAMETRIC_REPRESENTATION_CONTEXT() REPRESENTATION_CONTEXT('2D SPACE',''
  ) );
#10654 = PCURVE('',#6425,#10655);
#10655 = DEFINITIONAL_REPRESENTATION('',(#10656),#10660);
#10656 = LINE('',#10657,#10658);
#10657 = CARTESIAN_POINT('',(0.,0.));
#10658 = VECTOR('',#10659,1.);
#10659 = DIRECTION('',(0.994521895368,0.104528463268));
#10660 = ( GEOMETRIC_REPRESENTATION_CONTEXT(2) 
PARAMETRIC_REPRESENTATION_CONTEXT() REPRESENTATION_CONTEXT('2D SPACE',''
  ) );
#10661 = ORIENTED_EDGE('',*,*,#6437,.F.);
#10662 = ORIENTED_EDGE('',*,*,#10613,.T.);
#10663 = ORIENTED_EDGE('',*,*,#10664,.T.);
#10664 = EDGE_CURVE('',#10590,#10640,#10665,.T.);
#10665 = SURFACE_CURVE('',#10666,(#10670,#10677),.PCURVE_S1.);
#10666 = LINE('',#10667,#10668);
#10667 = CARTESIAN_POINT('',(-38.7604149942,-47.86512626246,5.));
#10668 = VECTOR('',#10669,1.);
#10669 = DIRECTION('',(-1.144029812606E-02,-1.412759162579E-02,
    0.999834751713));
#10670 = PCURVE('',#6457,#10671);
#10671 = DEFINITIONAL_REPRESENTATION('',(#10672),#10676);
#10672 = LINE('',#10673,#10674);
#10673 = CARTESIAN_POINT('',(61.590909090909,0.));
#10674 = VECTOR('',#10675,1.);
#10675 = DIRECTION('',(1.817881366751E-02,0.999834751713));
#10676 = ( GEOMETRIC_REPRESENTATION_CONTEXT(2) 
PARAMETRIC_REPRESENTATION_CONTEXT() REPRESENTATION_CONTEXT('2D SPACE',''
  ) );
#10677 = PCURVE('',#10553,#10678);
#10678 = DEFINITIONAL_REPRESENTATION('',(#10679),#10683);
#10679 = LINE('',#10680,#10681);
#10680 = CARTESIAN_POINT('',(0.10471975512,-0.));
#10681 = VECTOR('',#10682,1.);
#10682 = DIRECTION('',(0.,1.));
#10683 = ( GEOMETRIC_REPRESENTATION_CONTEXT(2) 
PARAMETRIC_REPRESENTATION_CONTEXT() REPRESENTATION_CONTEXT('2D SPACE',''
  ) );
#10684 = ADVANCED_FACE('',(#10685),#6425,.F.);
#10685 = FACE_BOUND('',#10686,.F.);
#10686 = EDGE_LOOP('',(#10687,#10709,#10710,#10711));
#10687 = ORIENTED_EDGE('',*,*,#10688,.T.);
#10688 = EDGE_CURVE('',#10538,#10640,#10689,.T.);
#10689 = SURFACE_CURVE('',#10690,(#10695,#10702),.PCURVE_S1.);
#10690 = CIRCLE('',#10691,63.409090909091);
#10691 = AXIS2_PLACEMENT_3D('',#10692,#10693,#10694);
#10692 = CARTESIAN_POINT('',(0.,0.,105.));
#10693 = DIRECTION('',(0.,0.,1.));
#10694 = DIRECTION('',(-0.707106781187,-0.707106781187,0.));
#10695 = PCURVE('',#6425,#10696);
#10696 = DEFINITIONAL_REPRESENTATION('',(#10697),#10701);
#10697 = CIRCLE('',#10698,63.409090909091);
#10698 = AXIS2_PLACEMENT_2D('',#10699,#10700);
#10699 = CARTESIAN_POINT('',(0.,0.));
#10700 = DIRECTION('',(1.,0.));
#10701 = ( GEOMETRIC_REPRESENTATION_CONTEXT(2) 
PARAMETRIC_REPRESENTATION_CONTEXT() REPRESENTATION_CONTEXT('2D SPACE',''
  ) );
#10702 = PCURVE('',#10553,#10703);
#10703 = DEFINITIONAL_REPRESENTATION('',(#10704),#10708);
#10704 = LINE('',#10705,#10706);
#10705 = CARTESIAN_POINT('',(0.,100.));
#10706 = VECTOR('',#10707,1.);
#10707 = DIRECTION('',(1.,0.));
#10708 = ( GEOMETRIC_REPRESENTATION_CONTEXT(2) 
PARAMETRIC_REPRESENTATION_CONTEXT() REPRESENTATION_CONTEXT('2D SPACE',''
  ) );
#10709 = ORIENTED_EDGE('',*,*,#10639,.F.);
#10710 = ORIENTED_EDGE('',*,*,#6408,.F.);
#10711 = ORIENTED_EDGE('',*,*,#10565,.T.);
#10712 = ADVANCED_FACE('',(#10713),#6524,.F.);
#10713 = FACE_BOUND('',#10714,.F.);
#10714 = EDGE_LOOP('',(#10715,#10716,#10739,#10767));
#10715 = ORIENTED_EDGE('',*,*,#6500,.F.);
#10716 = ORIENTED_EDGE('',*,*,#10717,.T.);
#10717 = EDGE_CURVE('',#6501,#10718,#10720,.T.);
#10718 = VERTEX_POINT('',#10719);
#10719 = CARTESIAN_POINT('',(-30.79545454545,-53.3392919149,5.));
#10720 = SURFACE_CURVE('',#10721,(#10725,#10732),.PCURVE_S1.);
#10721 = LINE('',#10722,#10723);
#10722 = CARTESIAN_POINT('',(0.,0.,5.));
#10723 = VECTOR('',#10724,1.);
#10724 = DIRECTION('',(-0.5,-0.866025403784,0.));
#10725 = PCURVE('',#6524,#10726);
#10726 = DEFINITIONAL_REPRESENTATION('',(#10727),#10731);
#10727 = LINE('',#10728,#10729);
#10728 = CARTESIAN_POINT('',(0.,0.));
#10729 = VECTOR('',#10730,1.);
#10730 = DIRECTION('',(1.,0.));
#10731 = ( GEOMETRIC_REPRESENTATION_CONTEXT(2) 
PARAMETRIC_REPRESENTATION_CONTEXT() REPRESENTATION_CONTEXT('2D SPACE',''
  ) );
#10732 = PCURVE('',#6617,#10733);
#10733 = DEFINITIONAL_REPRESENTATION('',(#10734),#10738);
#10734 = LINE('',#10735,#10736);
#10735 = CARTESIAN_POINT('',(0.,0.));
#10736 = VECTOR('',#10737,1.);
#10737 = DIRECTION('',(1.,0.));
#10738 = ( GEOMETRIC_REPRESENTATION_CONTEXT(2) 
PARAMETRIC_REPRESENTATION_CONTEXT() REPRESENTATION_CONTEXT('2D SPACE',''
  ) );
#10739 = ORIENTED_EDGE('',*,*,#10740,.T.);
#10740 = EDGE_CURVE('',#10718,#10741,#10743,.T.);
#10741 = VERTEX_POINT('',#10742);
#10742 = CARTESIAN_POINT('',(-31.70454545454,-54.91388355815,105.));
#10743 = SURFACE_CURVE('',#10744,(#10748,#10755),.PCURVE_S1.);
#10744 = LINE('',#10745,#10746);
#10745 = CARTESIAN_POINT('',(-30.79545454545,-53.3392919149,5.));
#10746 = VECTOR('',#10747,1.);
#10747 = DIRECTION('',(-9.089406833757E-03,-1.574331444673E-02,
    0.999834751713));
#10748 = PCURVE('',#6524,#10749);
#10749 = DEFINITIONAL_REPRESENTATION('',(#10750),#10754);
#10750 = LINE('',#10751,#10752);
#10751 = CARTESIAN_POINT('',(61.590909090909,0.));
#10752 = VECTOR('',#10753,1.);
#10753 = DIRECTION('',(1.817881366751E-02,0.999834751713));
#10754 = ( GEOMETRIC_REPRESENTATION_CONTEXT(2) 
PARAMETRIC_REPRESENTATION_CONTEXT() REPRESENTATION_CONTEXT('2D SPACE',''
  ) );
#10755 = PCURVE('',#10756,#10761);
#10756 = CONICAL_SURFACE('',#10757,61.590909090909,1.817981507298E-02);
#10757 = AXIS2_PLACEMENT_3D('',#10758,#10759,#10760);
#10758 = CARTESIAN_POINT('',(0.,0.,5.));
#10759 = DIRECTION('',(0.,0.,1.));
#10760 = DIRECTION('',(-0.5,-0.866025403784,0.));
#10761 = DEFINITIONAL_REPRESENTATION('',(#10762),#10766);
#10762 = LINE('',#10763,#10764);
#10763 = CARTESIAN_POINT('',(0.,-0.));
#10764 = VECTOR('',#10765,1.);
#10765 = DIRECTION('',(0.,1.));
#10766 = ( GEOMETRIC_REPRESENTATION_CONTEXT(2) 
PARAMETRIC_REPRESENTATION_CONTEXT() REPRESENTATION_CONTEXT('2D SPACE',''
  ) );
#10767 = ORIENTED_EDGE('',*,*,#10768,.F.);
#10768 = EDGE_CURVE('',#6503,#10741,#10769,.T.);
#10769 = SURFACE_CURVE('',#10770,(#10774,#10781),.PCURVE_S1.);
#10770 = LINE('',#10771,#10772);
#10771 = CARTESIAN_POINT('',(0.,0.,105.));
#10772 = VECTOR('',#10773,1.);
#10773 = DIRECTION('',(-0.5,-0.866025403784,0.));
#10774 = PCURVE('',#6524,#10775);
#10775 = DEFINITIONAL_REPRESENTATION('',(#10776),#10780);
#10776 = LINE('',#10777,#10778);
#10777 = CARTESIAN_POINT('',(0.,100.));
#10778 = VECTOR('',#10779,1.);
#10779 = DIRECTION('',(1.,0.));
#10780 = ( GEOMETRIC_REPRESENTATION_CONTEXT(2) 
PARAMETRIC_REPRESENTATION_CONTEXT() REPRESENTATION_CONTEXT('2D SPACE',''
  ) );
#10781 = PCURVE('',#6556,#10782);
#10782 = DEFINITIONAL_REPRESENTATION('',(#10783),#10787);
#10783 = LINE('',#10784,#10785);
#10784 = CARTESIAN_POINT('',(0.,0.));
#10785 = VECTOR('',#10786,1.);
#10786 = DIRECTION('',(1.,0.));
#10787 = ( GEOMETRIC_REPRESENTATION_CONTEXT(2) 
PARAMETRIC_REPRESENTATION_CONTEXT() REPRESENTATION_CONTEXT('2D SPACE',''
  ) );
#10788 = ADVANCED_FACE('',(#10789),#6617,.T.);
#10789 = FACE_BOUND('',#10790,.T.);
#10790 = EDGE_LOOP('',(#10791,#10815,#10836,#10837));
#10791 = ORIENTED_EDGE('',*,*,#10792,.T.);
#10792 = EDGE_CURVE('',#10718,#10793,#10795,.T.);
#10793 = VERTEX_POINT('',#10794);
#10794 = CARTESIAN_POINT('',(-25.05127960762,-56.26609523207,5.));
#10795 = SURFACE_CURVE('',#10796,(#10801,#10808),.PCURVE_S1.);
#10796 = CIRCLE('',#10797,61.590909090909);
#10797 = AXIS2_PLACEMENT_3D('',#10798,#10799,#10800);
#10798 = CARTESIAN_POINT('',(0.,0.,5.));
#10799 = DIRECTION('',(0.,0.,1.));
#10800 = DIRECTION('',(-0.5,-0.866025403784,0.));
#10801 = PCURVE('',#6617,#10802);
#10802 = DEFINITIONAL_REPRESENTATION('',(#10803),#10807);
#10803 = CIRCLE('',#10804,61.590909090909);
#10804 = AXIS2_PLACEMENT_2D('',#10805,#10806);
#10805 = CARTESIAN_POINT('',(0.,0.));
#10806 = DIRECTION('',(1.,0.));
#10807 = ( GEOMETRIC_REPRESENTATION_CONTEXT(2) 
PARAMETRIC_REPRESENTATION_CONTEXT() REPRESENTATION_CONTEXT('2D SPACE',''
  ) );
#10808 = PCURVE('',#10756,#10809);
#10809 = DEFINITIONAL_REPRESENTATION('',(#10810),#10814);
#10810 = LINE('',#10811,#10812);
#10811 = CARTESIAN_POINT('',(0.,0.));
#10812 = VECTOR('',#10813,1.);
#10813 = DIRECTION('',(1.,0.));
#10814 = ( GEOMETRIC_REPRESENTATION_CONTEXT(2) 
PARAMETRIC_REPRESENTATION_CONTEXT() REPRESENTATION_CONTEXT('2D SPACE',''
  ) );
#10815 = ORIENTED_EDGE('',*,*,#10816,.F.);
#10816 = EDGE_CURVE('',#6569,#10793,#10817,.T.);
#10817 = SURFACE_CURVE('',#10818,(#10822,#10829),.PCURVE_S1.);
#10818 = LINE('',#10819,#10820);
#10819 = CARTESIAN_POINT('',(0.,0.,5.));
#10820 = VECTOR('',#10821,1.);
#10821 = DIRECTION('',(-0.406736643076,-0.913545457643,0.));
#10822 = PCURVE('',#6617,#10823);
#10823 = DEFINITIONAL_REPRESENTATION('',(#10824),#10828);
#10824 = LINE('',#10825,#10826);
#10825 = CARTESIAN_POINT('',(0.,0.));
#10826 = VECTOR('',#10827,1.);
#10827 = DIRECTION('',(0.994521895368,0.104528463268));
#10828 = ( GEOMETRIC_REPRESENTATION_CONTEXT(2) 
PARAMETRIC_REPRESENTATION_CONTEXT() REPRESENTATION_CONTEXT('2D SPACE',''
  ) );
#10829 = PCURVE('',#6588,#10830);
#10830 = DEFINITIONAL_REPRESENTATION('',(#10831),#10835);
#10831 = LINE('',#10832,#10833);
#10832 = CARTESIAN_POINT('',(0.,0.));
#10833 = VECTOR('',#10834,1.);
#10834 = DIRECTION('',(1.,0.));
#10835 = ( GEOMETRIC_REPRESENTATION_CONTEXT(2) 
PARAMETRIC_REPRESENTATION_CONTEXT() REPRESENTATION_CONTEXT('2D SPACE',''
  ) );
#10836 = ORIENTED_EDGE('',*,*,#6602,.F.);
#10837 = ORIENTED_EDGE('',*,*,#10717,.T.);
#10838 = ADVANCED_FACE('',(#10839),#6588,.T.);
#10839 = FACE_BOUND('',#10840,.T.);
#10840 = EDGE_LOOP('',(#10841,#10864,#10865,#10866));
#10841 = ORIENTED_EDGE('',*,*,#10842,.F.);
#10842 = EDGE_CURVE('',#6540,#10843,#10845,.T.);
#10843 = VERTEX_POINT('',#10844);
#10844 = CARTESIAN_POINT('',(-25.79080077685,-57.92708697324,105.));
#10845 = SURFACE_CURVE('',#10846,(#10850,#10857),.PCURVE_S1.);
#10846 = LINE('',#10847,#10848);
#10847 = CARTESIAN_POINT('',(0.,0.,105.));
#10848 = VECTOR('',#10849,1.);
#10849 = DIRECTION('',(-0.406736643076,-0.913545457643,0.));
#10850 = PCURVE('',#6588,#10851);
#10851 = DEFINITIONAL_REPRESENTATION('',(#10852),#10856);
#10852 = LINE('',#10853,#10854);
#10853 = CARTESIAN_POINT('',(0.,100.));
#10854 = VECTOR('',#10855,1.);
#10855 = DIRECTION('',(1.,0.));
#10856 = ( GEOMETRIC_REPRESENTATION_CONTEXT(2) 
PARAMETRIC_REPRESENTATION_CONTEXT() REPRESENTATION_CONTEXT('2D SPACE',''
  ) );
#10857 = PCURVE('',#6556,#10858);
#10858 = DEFINITIONAL_REPRESENTATION('',(#10859),#10863);
#10859 = LINE('',#10860,#10861);
#10860 = CARTESIAN_POINT('',(0.,0.));
#10861 = VECTOR('',#10862,1.);
#10862 = DIRECTION('',(0.994521895368,0.104528463268));
#10863 = ( GEOMETRIC_REPRESENTATION_CONTEXT(2) 
PARAMETRIC_REPRESENTATION_CONTEXT() REPRESENTATION_CONTEXT('2D SPACE',''
  ) );
#10864 = ORIENTED_EDGE('',*,*,#6568,.F.);
#10865 = ORIENTED_EDGE('',*,*,#10816,.T.);
#10866 = ORIENTED_EDGE('',*,*,#10867,.T.);
#10867 = EDGE_CURVE('',#10793,#10843,#10868,.T.);
#10868 = SURFACE_CURVE('',#10869,(#10873,#10880),.PCURVE_S1.);
#10869 = LINE('',#10870,#10871);
#10870 = CARTESIAN_POINT('',(-25.05127960762,-56.26609523207,5.));
#10871 = VECTOR('',#10872,1.);
#10872 = DIRECTION('',(-7.393989646226E-03,-1.660717265129E-02,
    0.999834751713));
#10873 = PCURVE('',#6588,#10874);
#10874 = DEFINITIONAL_REPRESENTATION('',(#10875),#10879);
#10875 = LINE('',#10876,#10877);
#10876 = CARTESIAN_POINT('',(61.590909090909,0.));
#10877 = VECTOR('',#10878,1.);
#10878 = DIRECTION('',(1.817881366751E-02,0.999834751713));
#10879 = ( GEOMETRIC_REPRESENTATION_CONTEXT(2) 
PARAMETRIC_REPRESENTATION_CONTEXT() REPRESENTATION_CONTEXT('2D SPACE',''
  ) );
#10880 = PCURVE('',#10756,#10881);
#10881 = DEFINITIONAL_REPRESENTATION('',(#10882),#10886);
#10882 = LINE('',#10883,#10884);
#10883 = CARTESIAN_POINT('',(0.10471975512,-0.));
#10884 = VECTOR('',#10885,1.);
#10885 = DIRECTION('',(0.,1.));
#10886 = ( GEOMETRIC_REPRESENTATION_CONTEXT(2) 
PARAMETRIC_REPRESENTATION_CONTEXT() REPRESENTATION_CONTEXT('2D SPACE',''
  ) );
#10887 = ADVANCED_FACE('',(#10888),#6556,.F.);
#10888 = FACE_BOUND('',#10889,.F.);
#10889 = EDGE_LOOP('',(#10890,#10912,#10913,#10914));
#10890 = ORIENTED_EDGE('',*,*,#10891,.T.);
#10891 = EDGE_CURVE('',#10741,#10843,#10892,.T.);
#10892 = SURFACE_CURVE('',#10893,(#10898,#10905),.PCURVE_S1.);
#10893 = CIRCLE('',#10894,63.409090909091);
#10894 = AXIS2_PLACEMENT_3D('',#10895,#10896,#10897);
#10895 = CARTESIAN_POINT('',(0.,0.,105.));
#10896 = DIRECTION('',(0.,0.,1.));
#10897 = DIRECTION('',(-0.5,-0.866025403784,0.));
#10898 = PCURVE('',#6556,#10899);
#10899 = DEFINITIONAL_REPRESENTATION('',(#10900),#10904);
#10900 = CIRCLE('',#10901,63.409090909091);
#10901 = AXIS2_PLACEMENT_2D('',#10902,#10903);
#10902 = CARTESIAN_POINT('',(0.,0.));
#10903 = DIRECTION('',(1.,0.));
#10904 = ( GEOMETRIC_REPRESENTATION_CONTEXT(2) 
PARAMETRIC_REPRESENTATION_CONTEXT() REPRESENTATION_CONTEXT('2D SPACE',''
  ) );
#10905 = PCURVE('',#10756,#10906);
#10906 = DEFINITIONAL_REPRESENTATION('',(#10907),#10911);
#10907 = LINE('',#10908,#10909);
#10908 = CARTESIAN_POINT('',(0.,100.));
#10909 = VECTOR('',#10910,1.);
#10910 = DIRECTION('',(1.,0.));
#10911 = ( GEOMETRIC_REPRESENTATION_CONTEXT(2) 
PARAMETRIC_REPRESENTATION_CONTEXT() REPRESENTATION_CONTEXT('2D SPACE',''
  ) );
#10912 = ORIENTED_EDGE('',*,*,#10842,.F.);
#10913 = ORIENTED_EDGE('',*,*,#6539,.F.);
#10914 = ORIENTED_EDGE('',*,*,#10768,.T.);
#10915 = ADVANCED_FACE('',(#10916),#6653,.F.);
#10916 = FACE_BOUND('',#10917,.F.);
#10917 = EDGE_LOOP('',(#10918,#10919,#10942,#10970));
#10918 = ORIENTED_EDGE('',*,*,#6631,.F.);
#10919 = ORIENTED_EDGE('',*,*,#10920,.T.);
#10920 = EDGE_CURVE('',#6632,#10921,#10923,.T.);
#10921 = VERTEX_POINT('',#10922);
#10922 = CARTESIAN_POINT('',(-15.9409002779,-59.49224975553,5.));
#10923 = SURFACE_CURVE('',#10924,(#10928,#10935),.PCURVE_S1.);
#10924 = LINE('',#10925,#10926);
#10925 = CARTESIAN_POINT('',(0.,0.,5.));
#10926 = VECTOR('',#10927,1.);
#10927 = DIRECTION('',(-0.258819045103,-0.965925826289,0.));
#10928 = PCURVE('',#6653,#10929);
#10929 = DEFINITIONAL_REPRESENTATION('',(#10930),#10934);
#10930 = LINE('',#10931,#10932);
#10931 = CARTESIAN_POINT('',(0.,0.));
#10932 = VECTOR('',#10933,1.);
#10933 = DIRECTION('',(1.,0.));
#10934 = ( GEOMETRIC_REPRESENTATION_CONTEXT(2) 
PARAMETRIC_REPRESENTATION_CONTEXT() REPRESENTATION_CONTEXT('2D SPACE',''
  ) );
#10935 = PCURVE('',#6745,#10936);
#10936 = DEFINITIONAL_REPRESENTATION('',(#10937),#10941);
#10937 = LINE('',#10938,#10939);
#10938 = CARTESIAN_POINT('',(0.,0.));
#10939 = VECTOR('',#10940,1.);
#10940 = DIRECTION('',(1.,0.));
#10941 = ( GEOMETRIC_REPRESENTATION_CONTEXT(2) 
PARAMETRIC_REPRESENTATION_CONTEXT() REPRESENTATION_CONTEXT('2D SPACE',''
  ) );
#10942 = ORIENTED_EDGE('',*,*,#10943,.T.);
#10943 = EDGE_CURVE('',#10921,#10944,#10946,.T.);
#10944 = VERTEX_POINT('',#10945);
#10945 = CARTESIAN_POINT('',(-16.41148035991,-61.2484785306,105.));
#10946 = SURFACE_CURVE('',#10947,(#10951,#10958),.PCURVE_S1.);
#10947 = LINE('',#10948,#10949);
#10948 = CARTESIAN_POINT('',(-15.9409002779,-59.49224975553,5.));
#10949 = VECTOR('',#10950,1.);
#10950 = DIRECTION('',(-4.705023194523E-03,-1.755938561275E-02,
    0.999834751713));
#10951 = PCURVE('',#6653,#10952);
#10952 = DEFINITIONAL_REPRESENTATION('',(#10953),#10957);
#10953 = LINE('',#10954,#10955);
#10954 = CARTESIAN_POINT('',(61.590909090909,0.));
#10955 = VECTOR('',#10956,1.);
#10956 = DIRECTION('',(1.817881366751E-02,0.999834751713));
#10957 = ( GEOMETRIC_REPRESENTATION_CONTEXT(2) 
PARAMETRIC_REPRESENTATION_CONTEXT() REPRESENTATION_CONTEXT('2D SPACE',''
  ) );
#10958 = PCURVE('',#10959,#10964);
#10959 = CONICAL_SURFACE('',#10960,61.590909090909,1.817981507298E-02);
#10960 = AXIS2_PLACEMENT_3D('',#10961,#10962,#10963);
#10961 = CARTESIAN_POINT('',(0.,0.,5.));
#10962 = DIRECTION('',(0.,0.,1.));
#10963 = DIRECTION('',(-0.258819045103,-0.965925826289,0.));
#10964 = DEFINITIONAL_REPRESENTATION('',(#10965),#10969);
#10965 = LINE('',#10966,#10967);
#10966 = CARTESIAN_POINT('',(0.,-0.));
#10967 = VECTOR('',#10968,1.);
#10968 = DIRECTION('',(0.,1.));
#10969 = ( GEOMETRIC_REPRESENTATION_CONTEXT(2) 
PARAMETRIC_REPRESENTATION_CONTEXT() REPRESENTATION_CONTEXT('2D SPACE',''
  ) );
#10970 = ORIENTED_EDGE('',*,*,#10971,.F.);
#10971 = EDGE_CURVE('',#6634,#10944,#10972,.T.);
#10972 = SURFACE_CURVE('',#10973,(#10977,#10984),.PCURVE_S1.);
#10973 = LINE('',#10974,#10975);
#10974 = CARTESIAN_POINT('',(0.,0.,105.));
#10975 = VECTOR('',#10976,1.);
#10976 = DIRECTION('',(-0.258819045103,-0.965925826289,0.));
#10977 = PCURVE('',#6653,#10978);
#10978 = DEFINITIONAL_REPRESENTATION('',(#10979),#10983);
#10979 = LINE('',#10980,#10981);
#10980 = CARTESIAN_POINT('',(0.,100.));
#10981 = VECTOR('',#10982,1.);
#10982 = DIRECTION('',(1.,0.));
#10983 = ( GEOMETRIC_REPRESENTATION_CONTEXT(2) 
PARAMETRIC_REPRESENTATION_CONTEXT() REPRESENTATION_CONTEXT('2D SPACE',''
  ) );
#10984 = PCURVE('',#6684,#10985);
#10985 = DEFINITIONAL_REPRESENTATION('',(#10986),#10990);
#10986 = LINE('',#10987,#10988);
#10987 = CARTESIAN_POINT('',(0.,0.));
#10988 = VECTOR('',#10989,1.);
#10989 = DIRECTION('',(1.,0.));
#10990 = ( GEOMETRIC_REPRESENTATION_CONTEXT(2) 
PARAMETRIC_REPRESENTATION_CONTEXT() REPRESENTATION_CONTEXT('2D SPACE',''
  ) );
#10991 = ADVANCED_FACE('',(#10992),#6745,.T.);
#10992 = FACE_BOUND('',#10993,.T.);
#10993 = EDGE_LOOP('',(#10994,#11018,#11039,#11040));
#10994 = ORIENTED_EDGE('',*,*,#10995,.T.);
#10995 = EDGE_CURVE('',#10921,#10996,#10998,.T.);
#10996 = VERTEX_POINT('',#10997);
#10997 = CARTESIAN_POINT('',(-9.634940914978,-60.83262279574,5.));
#10998 = SURFACE_CURVE('',#10999,(#11004,#11011),.PCURVE_S1.);
#10999 = CIRCLE('',#11000,61.590909090909);
#11000 = AXIS2_PLACEMENT_3D('',#11001,#11002,#11003);
#11001 = CARTESIAN_POINT('',(0.,0.,5.));
#11002 = DIRECTION('',(0.,0.,1.));
#11003 = DIRECTION('',(-0.258819045103,-0.965925826289,0.));
#11004 = PCURVE('',#6745,#11005);
#11005 = DEFINITIONAL_REPRESENTATION('',(#11006),#11010);
#11006 = CIRCLE('',#11007,61.590909090909);
#11007 = AXIS2_PLACEMENT_2D('',#11008,#11009);
#11008 = CARTESIAN_POINT('',(0.,0.));
#11009 = DIRECTION('',(1.,0.));
#11010 = ( GEOMETRIC_REPRESENTATION_CONTEXT(2) 
PARAMETRIC_REPRESENTATION_CONTEXT() REPRESENTATION_CONTEXT('2D SPACE',''
  ) );
#11011 = PCURVE('',#10959,#11012);
#11012 = DEFINITIONAL_REPRESENTATION('',(#11013),#11017);
#11013 = LINE('',#11014,#11015);
#11014 = CARTESIAN_POINT('',(0.,0.));
#11015 = VECTOR('',#11016,1.);
#11016 = DIRECTION('',(1.,0.));
#11017 = ( GEOMETRIC_REPRESENTATION_CONTEXT(2) 
PARAMETRIC_REPRESENTATION_CONTEXT() REPRESENTATION_CONTEXT('2D SPACE',''
  ) );
#11018 = ORIENTED_EDGE('',*,*,#11019,.F.);
#11019 = EDGE_CURVE('',#6697,#10996,#11020,.T.);
#11020 = SURFACE_CURVE('',#11021,(#11025,#11032),.PCURVE_S1.);
#11021 = LINE('',#11022,#11023);
#11022 = CARTESIAN_POINT('',(0.,0.,5.));
#11023 = VECTOR('',#11024,1.);
#11024 = DIRECTION('',(-0.15643446504,-0.987688340595,0.));
#11025 = PCURVE('',#6745,#11026);
#11026 = DEFINITIONAL_REPRESENTATION('',(#11027),#11031);
#11027 = LINE('',#11028,#11029);
#11028 = CARTESIAN_POINT('',(0.,0.));
#11029 = VECTOR('',#11030,1.);
#11030 = DIRECTION('',(0.994521895368,0.104528463268));
#11031 = ( GEOMETRIC_REPRESENTATION_CONTEXT(2) 
PARAMETRIC_REPRESENTATION_CONTEXT() REPRESENTATION_CONTEXT('2D SPACE',''
  ) );
#11032 = PCURVE('',#6716,#11033);
#11033 = DEFINITIONAL_REPRESENTATION('',(#11034),#11038);
#11034 = LINE('',#11035,#11036);
#11035 = CARTESIAN_POINT('',(0.,0.));
#11036 = VECTOR('',#11037,1.);
#11037 = DIRECTION('',(1.,0.));
#11038 = ( GEOMETRIC_REPRESENTATION_CONTEXT(2) 
PARAMETRIC_REPRESENTATION_CONTEXT() REPRESENTATION_CONTEXT('2D SPACE',''
  ) );
#11039 = ORIENTED_EDGE('',*,*,#6730,.F.);
#11040 = ORIENTED_EDGE('',*,*,#10920,.T.);
#11041 = ADVANCED_FACE('',(#11042),#6716,.T.);
#11042 = FACE_BOUND('',#11043,.T.);
#11043 = EDGE_LOOP('',(#11044,#11067,#11068,#11069));
#11044 = ORIENTED_EDGE('',*,*,#11045,.F.);
#11045 = EDGE_CURVE('',#6668,#11046,#11048,.T.);
#11046 = VERTEX_POINT('',#11047);
#11047 = CARTESIAN_POINT('',(-9.919367215051,-62.62841977864,105.));
#11048 = SURFACE_CURVE('',#11049,(#11053,#11060),.PCURVE_S1.);
#11049 = LINE('',#11050,#11051);
#11050 = CARTESIAN_POINT('',(0.,0.,105.));
#11051 = VECTOR('',#11052,1.);
#11052 = DIRECTION('',(-0.15643446504,-0.987688340595,0.));
#11053 = PCURVE('',#6716,#11054);
#11054 = DEFINITIONAL_REPRESENTATION('',(#11055),#11059);
#11055 = LINE('',#11056,#11057);
#11056 = CARTESIAN_POINT('',(0.,100.));
#11057 = VECTOR('',#11058,1.);
#11058 = DIRECTION('',(1.,0.));
#11059 = ( GEOMETRIC_REPRESENTATION_CONTEXT(2) 
PARAMETRIC_REPRESENTATION_CONTEXT() REPRESENTATION_CONTEXT('2D SPACE',''
  ) );
#11060 = PCURVE('',#6684,#11061);
#11061 = DEFINITIONAL_REPRESENTATION('',(#11062),#11066);
#11062 = LINE('',#11063,#11064);
#11063 = CARTESIAN_POINT('',(0.,0.));
#11064 = VECTOR('',#11065,1.);
#11065 = DIRECTION('',(0.994521895368,0.104528463268));
#11066 = ( GEOMETRIC_REPRESENTATION_CONTEXT(2) 
PARAMETRIC_REPRESENTATION_CONTEXT() REPRESENTATION_CONTEXT('2D SPACE',''
  ) );
#11067 = ORIENTED_EDGE('',*,*,#6696,.F.);
#11068 = ORIENTED_EDGE('',*,*,#11019,.T.);
#11069 = ORIENTED_EDGE('',*,*,#11070,.T.);
#11070 = EDGE_CURVE('',#10996,#11046,#11071,.T.);
#11071 = SURFACE_CURVE('',#11072,(#11076,#11083),.PCURVE_S1.);
#11072 = LINE('',#11073,#11074);
#11073 = CARTESIAN_POINT('',(-9.634940914978,-60.83262279574,5.));
#11074 = VECTOR('',#11075,1.);
#11075 = DIRECTION('',(-2.843792991144E-03,-1.795500230526E-02,
    0.999834751713));
#11076 = PCURVE('',#6716,#11077);
#11077 = DEFINITIONAL_REPRESENTATION('',(#11078),#11082);
#11078 = LINE('',#11079,#11080);
#11079 = CARTESIAN_POINT('',(61.590909090909,0.));
#11080 = VECTOR('',#11081,1.);
#11081 = DIRECTION('',(1.817881366751E-02,0.999834751713));
#11082 = ( GEOMETRIC_REPRESENTATION_CONTEXT(2) 
PARAMETRIC_REPRESENTATION_CONTEXT() REPRESENTATION_CONTEXT('2D SPACE',''
  ) );
#11083 = PCURVE('',#10959,#11084);
#11084 = DEFINITIONAL_REPRESENTATION('',(#11085),#11089);
#11085 = LINE('',#11086,#11087);
#11086 = CARTESIAN_POINT('',(0.10471975512,-0.));
#11087 = VECTOR('',#11088,1.);
#11088 = DIRECTION('',(0.,1.));
#11089 = ( GEOMETRIC_REPRESENTATION_CONTEXT(2) 
PARAMETRIC_REPRESENTATION_CONTEXT() REPRESENTATION_CONTEXT('2D SPACE',''
  ) );
#11090 = ADVANCED_FACE('',(#11091),#6684,.F.);
#11091 = FACE_BOUND('',#11092,.F.);
#11092 = EDGE_LOOP('',(#11093,#11115,#11116,#11117));
#11093 = ORIENTED_EDGE('',*,*,#11094,.T.);
#11094 = EDGE_CURVE('',#10944,#11046,#11095,.T.);
#11095 = SURFACE_CURVE('',#11096,(#11101,#11108),.PCURVE_S1.);
#11096 = CIRCLE('',#11097,63.409090909091);
#11097 = AXIS2_PLACEMENT_3D('',#11098,#11099,#11100);
#11098 = CARTESIAN_POINT('',(0.,0.,105.));
#11099 = DIRECTION('',(0.,0.,1.));
#11100 = DIRECTION('',(-0.258819045103,-0.965925826289,0.));
#11101 = PCURVE('',#6684,#11102);
#11102 = DEFINITIONAL_REPRESENTATION('',(#11103),#11107);
#11103 = CIRCLE('',#11104,63.409090909091);
#11104 = AXIS2_PLACEMENT_2D('',#11105,#11106);
#11105 = CARTESIAN_POINT('',(0.,0.));
#11106 = DIRECTION('',(1.,0.));
#11107 = ( GEOMETRIC_REPRESENTATION_CONTEXT(2) 
PARAMETRIC_REPRESENTATION_CONTEXT() REPRESENTATION_CONTEXT('2D SPACE',''
  ) );
#11108 = PCURVE('',#10959,#11109);
#11109 = DEFINITIONAL_REPRESENTATION('',(#11110),#11114);
#11110 = LINE('',#11111,#11112);
#11111 = CARTESIAN_POINT('',(0.,100.));
#11112 = VECTOR('',#11113,1.);
#11113 = DIRECTION('',(1.,0.));
#11114 = ( GEOMETRIC_REPRESENTATION_CONTEXT(2) 
PARAMETRIC_REPRESENTATION_CONTEXT() REPRESENTATION_CONTEXT('2D SPACE',''
  ) );
#11115 = ORIENTED_EDGE('',*,*,#11045,.F.);
#11116 = ORIENTED_EDGE('',*,*,#6667,.F.);
#11117 = ORIENTED_EDGE('',*,*,#10971,.T.);
#11118 = ADVANCED_FACE('',(#11119),#6781,.F.);
#11119 = FACE_BOUND('',#11120,.F.);
#11120 = EDGE_LOOP('',(#11121,#11122,#11145,#11173));
#11121 = ORIENTED_EDGE('',*,*,#6759,.F.);
#11122 = ORIENTED_EDGE('',*,*,#11123,.T.);
#11123 = EDGE_CURVE('',#6760,#11124,#11126,.T.);
#11124 = VERTEX_POINT('',#11125);
#11125 = CARTESIAN_POINT('',(15.940900277905,-59.49224975553,5.));
#11126 = SURFACE_CURVE('',#11127,(#11131,#11138),.PCURVE_S1.);
#11127 = LINE('',#11128,#11129);
#11128 = CARTESIAN_POINT('',(0.,0.,5.));
#11129 = VECTOR('',#11130,1.);
#11130 = DIRECTION('',(0.258819045103,-0.965925826289,0.));
#11131 = PCURVE('',#6781,#11132);
#11132 = DEFINITIONAL_REPRESENTATION('',(#11133),#11137);
#11133 = LINE('',#11134,#11135);
#11134 = CARTESIAN_POINT('',(0.,0.));
#11135 = VECTOR('',#11136,1.);
#11136 = DIRECTION('',(1.,0.));
#11137 = ( GEOMETRIC_REPRESENTATION_CONTEXT(2) 
PARAMETRIC_REPRESENTATION_CONTEXT() REPRESENTATION_CONTEXT('2D SPACE',''
  ) );
#11138 = PCURVE('',#6873,#11139);
#11139 = DEFINITIONAL_REPRESENTATION('',(#11140),#11144);
#11140 = LINE('',#11141,#11142);
#11141 = CARTESIAN_POINT('',(0.,0.));
#11142 = VECTOR('',#11143,1.);
#11143 = DIRECTION('',(1.,0.));
#11144 = ( GEOMETRIC_REPRESENTATION_CONTEXT(2) 
PARAMETRIC_REPRESENTATION_CONTEXT() REPRESENTATION_CONTEXT('2D SPACE',''
  ) );
#11145 = ORIENTED_EDGE('',*,*,#11146,.T.);
#11146 = EDGE_CURVE('',#11124,#11147,#11149,.T.);
#11147 = VERTEX_POINT('',#11148);
#11148 = CARTESIAN_POINT('',(16.41148035991,-61.2484785306,105.));
#11149 = SURFACE_CURVE('',#11150,(#11154,#11161),.PCURVE_S1.);
#11150 = LINE('',#11151,#11152);
#11151 = CARTESIAN_POINT('',(15.940900277905,-59.49224975553,5.));
#11152 = VECTOR('',#11153,1.);
#11153 = DIRECTION('',(4.705023194523E-03,-1.755938561275E-02,
    0.999834751713));
#11154 = PCURVE('',#6781,#11155);
#11155 = DEFINITIONAL_REPRESENTATION('',(#11156),#11160);
#11156 = LINE('',#11157,#11158);
#11157 = CARTESIAN_POINT('',(61.590909090909,0.));
#11158 = VECTOR('',#11159,1.);
#11159 = DIRECTION('',(1.817881366751E-02,0.999834751713));
#11160 = ( GEOMETRIC_REPRESENTATION_CONTEXT(2) 
PARAMETRIC_REPRESENTATION_CONTEXT() REPRESENTATION_CONTEXT('2D SPACE',''
  ) );
#11161 = PCURVE('',#11162,#11167);
#11162 = CONICAL_SURFACE('',#11163,61.590909090909,1.817981507298E-02);
#11163 = AXIS2_PLACEMENT_3D('',#11164,#11165,#11166);
#11164 = CARTESIAN_POINT('',(0.,0.,5.));
#11165 = DIRECTION('',(0.,0.,1.));
#11166 = DIRECTION('',(0.258819045103,-0.965925826289,0.));
#11167 = DEFINITIONAL_REPRESENTATION('',(#11168),#11172);
#11168 = LINE('',#11169,#11170);
#11169 = CARTESIAN_POINT('',(0.,-0.));
#11170 = VECTOR('',#11171,1.);
#11171 = DIRECTION('',(0.,1.));
#11172 = ( GEOMETRIC_REPRESENTATION_CONTEXT(2) 
PARAMETRIC_REPRESENTATION_CONTEXT() REPRESENTATION_CONTEXT('2D SPACE',''
  ) );
#11173 = ORIENTED_EDGE('',*,*,#11174,.F.);
#11174 = EDGE_CURVE('',#6762,#11147,#11175,.T.);
#11175 = SURFACE_CURVE('',#11176,(#11180,#11187),.PCURVE_S1.);
#11176 = LINE('',#11177,#11178);
#11177 = CARTESIAN_POINT('',(0.,0.,105.));
#11178 = VECTOR('',#11179,1.);
#11179 = DIRECTION('',(0.258819045103,-0.965925826289,0.));
#11180 = PCURVE('',#6781,#11181);
#11181 = DEFINITIONAL_REPRESENTATION('',(#11182),#11186);
#11182 = LINE('',#11183,#11184);
#11183 = CARTESIAN_POINT('',(0.,100.));
#11184 = VECTOR('',#11185,1.);
#11185 = DIRECTION('',(1.,0.));
#11186 = ( GEOMETRIC_REPRESENTATION_CONTEXT(2) 
PARAMETRIC_REPRESENTATION_CONTEXT() REPRESENTATION_CONTEXT('2D SPACE',''
  ) );
#11187 = PCURVE('',#6812,#11188);
#11188 = DEFINITIONAL_REPRESENTATION('',(#11189),#11193);
#11189 = LINE('',#11190,#11191);
#11190 = CARTESIAN_POINT('',(0.,0.));
#11191 = VECTOR('',#11192,1.);
#11192 = DIRECTION('',(1.,0.));
#11193 = ( GEOMETRIC_REPRESENTATION_CONTEXT(2) 
PARAMETRIC_REPRESENTATION_CONTEXT() REPRESENTATION_CONTEXT('2D SPACE',''
  ) );
#11194 = ADVANCED_FACE('',(#11195),#6873,.T.);
#11195 = FACE_BOUND('',#11196,.T.);
#11196 = EDGE_LOOP('',(#11197,#11221,#11242,#11243));
#11197 = ORIENTED_EDGE('',*,*,#11198,.T.);
#11198 = EDGE_CURVE('',#11124,#11199,#11201,.T.);
#11199 = VERTEX_POINT('',#11200);
#11200 = CARTESIAN_POINT('',(22.07220780154,-57.50006717744,5.));
#11201 = SURFACE_CURVE('',#11202,(#11207,#11214),.PCURVE_S1.);
#11202 = CIRCLE('',#11203,61.590909090909);
#11203 = AXIS2_PLACEMENT_3D('',#11204,#11205,#11206);
#11204 = CARTESIAN_POINT('',(0.,0.,5.));
#11205 = DIRECTION('',(-0.,0.,1.));
#11206 = DIRECTION('',(0.258819045103,-0.965925826289,0.));
#11207 = PCURVE('',#6873,#11208);
#11208 = DEFINITIONAL_REPRESENTATION('',(#11209),#11213);
#11209 = CIRCLE('',#11210,61.590909090909);
#11210 = AXIS2_PLACEMENT_2D('',#11211,#11212);
#11211 = CARTESIAN_POINT('',(0.,0.));
#11212 = DIRECTION('',(1.,0.));
#11213 = ( GEOMETRIC_REPRESENTATION_CONTEXT(2) 
PARAMETRIC_REPRESENTATION_CONTEXT() REPRESENTATION_CONTEXT('2D SPACE',''
  ) );
#11214 = PCURVE('',#11162,#11215);
#11215 = DEFINITIONAL_REPRESENTATION('',(#11216),#11220);
#11216 = LINE('',#11217,#11218);
#11217 = CARTESIAN_POINT('',(0.,0.));
#11218 = VECTOR('',#11219,1.);
#11219 = DIRECTION('',(1.,0.));
#11220 = ( GEOMETRIC_REPRESENTATION_CONTEXT(2) 
PARAMETRIC_REPRESENTATION_CONTEXT() REPRESENTATION_CONTEXT('2D SPACE',''
  ) );
#11221 = ORIENTED_EDGE('',*,*,#11222,.F.);
#11222 = EDGE_CURVE('',#6825,#11199,#11223,.T.);
#11223 = SURFACE_CURVE('',#11224,(#11228,#11235),.PCURVE_S1.);
#11224 = LINE('',#11225,#11226);
#11225 = CARTESIAN_POINT('',(0.,0.,5.));
#11226 = VECTOR('',#11227,1.);
#11227 = DIRECTION('',(0.358367949545,-0.933580426497,0.));
#11228 = PCURVE('',#6873,#11229);
#11229 = DEFINITIONAL_REPRESENTATION('',(#11230),#11234);
#11230 = LINE('',#11231,#11232);
#11231 = CARTESIAN_POINT('',(0.,0.));
#11232 = VECTOR('',#11233,1.);
#11233 = DIRECTION('',(0.994521895368,0.104528463268));
#11234 = ( GEOMETRIC_REPRESENTATION_CONTEXT(2) 
PARAMETRIC_REPRESENTATION_CONTEXT() REPRESENTATION_CONTEXT('2D SPACE',''
  ) );
#11235 = PCURVE('',#6844,#11236);
#11236 = DEFINITIONAL_REPRESENTATION('',(#11237),#11241);
#11237 = LINE('',#11238,#11239);
#11238 = CARTESIAN_POINT('',(0.,0.));
#11239 = VECTOR('',#11240,1.);
#11240 = DIRECTION('',(1.,0.));
#11241 = ( GEOMETRIC_REPRESENTATION_CONTEXT(2) 
PARAMETRIC_REPRESENTATION_CONTEXT() REPRESENTATION_CONTEXT('2D SPACE',''
  ) );
#11242 = ORIENTED_EDGE('',*,*,#6858,.F.);
#11243 = ORIENTED_EDGE('',*,*,#11123,.T.);
#11244 = ADVANCED_FACE('',(#11245),#6844,.T.);
#11245 = FACE_BOUND('',#11246,.T.);
#11246 = EDGE_LOOP('',(#11247,#11270,#11271,#11272));
#11247 = ORIENTED_EDGE('',*,*,#11248,.F.);
#11248 = EDGE_CURVE('',#6796,#11249,#11251,.T.);
#11249 = VERTEX_POINT('',#11250);
#11250 = CARTESIAN_POINT('',(22.723785891622,-59.1974861347,105.));
#11251 = SURFACE_CURVE('',#11252,(#11256,#11263),.PCURVE_S1.);
#11252 = LINE('',#11253,#11254);
#11253 = CARTESIAN_POINT('',(0.,0.,105.));
#11254 = VECTOR('',#11255,1.);
#11255 = DIRECTION('',(0.358367949545,-0.933580426497,0.));
#11256 = PCURVE('',#6844,#11257);
#11257 = DEFINITIONAL_REPRESENTATION('',(#11258),#11262);
#11258 = LINE('',#11259,#11260);
#11259 = CARTESIAN_POINT('',(0.,100.));
#11260 = VECTOR('',#11261,1.);
#11261 = DIRECTION('',(1.,0.));
#11262 = ( GEOMETRIC_REPRESENTATION_CONTEXT(2) 
PARAMETRIC_REPRESENTATION_CONTEXT() REPRESENTATION_CONTEXT('2D SPACE',''
  ) );
#11263 = PCURVE('',#6812,#11264);
#11264 = DEFINITIONAL_REPRESENTATION('',(#11265),#11269);
#11265 = LINE('',#11266,#11267);
#11266 = CARTESIAN_POINT('',(0.,0.));
#11267 = VECTOR('',#11268,1.);
#11268 = DIRECTION('',(0.994521895368,0.104528463268));
#11269 = ( GEOMETRIC_REPRESENTATION_CONTEXT(2) 
PARAMETRIC_REPRESENTATION_CONTEXT() REPRESENTATION_CONTEXT('2D SPACE',''
  ) );
#11270 = ORIENTED_EDGE('',*,*,#6824,.F.);
#11271 = ORIENTED_EDGE('',*,*,#11222,.T.);
#11272 = ORIENTED_EDGE('',*,*,#11273,.T.);
#11273 = EDGE_CURVE('',#11199,#11249,#11274,.T.);
#11274 = SURFACE_CURVE('',#11275,(#11279,#11286),.PCURVE_S1.);
#11275 = LINE('',#11276,#11277);
#11276 = CARTESIAN_POINT('',(22.07220780154,-57.50006717744,5.));
#11277 = VECTOR('',#11278,1.);
#11278 = DIRECTION('',(6.514704179193E-03,-1.697138461693E-02,
    0.999834751713));
#11279 = PCURVE('',#6844,#11280);
#11280 = DEFINITIONAL_REPRESENTATION('',(#11281),#11285);
#11281 = LINE('',#11282,#11283);
#11282 = CARTESIAN_POINT('',(61.590909090909,0.));
#11283 = VECTOR('',#11284,1.);
#11284 = DIRECTION('',(1.817881366751E-02,0.999834751713));
#11285 = ( GEOMETRIC_REPRESENTATION_CONTEXT(2) 
PARAMETRIC_REPRESENTATION_CONTEXT() REPRESENTATION_CONTEXT('2D SPACE',''
  ) );
#11286 = PCURVE('',#11162,#11287);
#11287 = DEFINITIONAL_REPRESENTATION('',(#11288),#11292);
#11288 = LINE('',#11289,#11290);
#11289 = CARTESIAN_POINT('',(0.10471975512,-0.));
#11290 = VECTOR('',#11291,1.);
#11291 = DIRECTION('',(0.,1.));
#11292 = ( GEOMETRIC_REPRESENTATION_CONTEXT(2) 
PARAMETRIC_REPRESENTATION_CONTEXT() REPRESENTATION_CONTEXT('2D SPACE',''
  ) );
#11293 = ADVANCED_FACE('',(#11294),#6812,.F.);
#11294 = FACE_BOUND('',#11295,.F.);
#11295 = EDGE_LOOP('',(#11296,#11318,#11319,#11320));
#11296 = ORIENTED_EDGE('',*,*,#11297,.T.);
#11297 = EDGE_CURVE('',#11147,#11249,#11298,.T.);
#11298 = SURFACE_CURVE('',#11299,(#11304,#11311),.PCURVE_S1.);
#11299 = CIRCLE('',#11300,63.409090909091);
#11300 = AXIS2_PLACEMENT_3D('',#11301,#11302,#11303);
#11301 = CARTESIAN_POINT('',(0.,0.,105.));
#11302 = DIRECTION('',(-0.,0.,1.));
#11303 = DIRECTION('',(0.258819045103,-0.965925826289,0.));
#11304 = PCURVE('',#6812,#11305);
#11305 = DEFINITIONAL_REPRESENTATION('',(#11306),#11310);
#11306 = CIRCLE('',#11307,63.409090909091);
#11307 = AXIS2_PLACEMENT_2D('',#11308,#11309);
#11308 = CARTESIAN_POINT('',(0.,0.));
#11309 = DIRECTION('',(1.,0.));
#11310 = ( GEOMETRIC_REPRESENTATION_CONTEXT(2) 
PARAMETRIC_REPRESENTATION_CONTEXT() REPRESENTATION_CONTEXT('2D SPACE',''
  ) );
#11311 = PCURVE('',#11162,#11312);
#11312 = DEFINITIONAL_REPRESENTATION('',(#11313),#11317);
#11313 = LINE('',#11314,#11315);
#11314 = CARTESIAN_POINT('',(0.,100.));
#11315 = VECTOR('',#11316,1.);
#11316 = DIRECTION('',(1.,0.));
#11317 = ( GEOMETRIC_REPRESENTATION_CONTEXT(2) 
PARAMETRIC_REPRESENTATION_CONTEXT() REPRESENTATION_CONTEXT('2D SPACE',''
  ) );
#11318 = ORIENTED_EDGE('',*,*,#11248,.F.);
#11319 = ORIENTED_EDGE('',*,*,#6795,.F.);
#11320 = ORIENTED_EDGE('',*,*,#11174,.T.);
#11321 = ADVANCED_FACE('',(#11322),#6909,.F.);
#11322 = FACE_BOUND('',#11323,.F.);
#11323 = EDGE_LOOP('',(#11324,#11325,#11348,#11376));
#11324 = ORIENTED_EDGE('',*,*,#6887,.F.);
#11325 = ORIENTED_EDGE('',*,*,#11326,.T.);
#11326 = EDGE_CURVE('',#6888,#11327,#11329,.T.);
#11327 = VERTEX_POINT('',#11328);
#11328 = CARTESIAN_POINT('',(30.795454545455,-53.3392919149,5.));
#11329 = SURFACE_CURVE('',#11330,(#11334,#11341),.PCURVE_S1.);
#11330 = LINE('',#11331,#11332);
#11331 = CARTESIAN_POINT('',(0.,0.,5.));
#11332 = VECTOR('',#11333,1.);
#11333 = DIRECTION('',(0.5,-0.866025403784,0.));
#11334 = PCURVE('',#6909,#11335);
#11335 = DEFINITIONAL_REPRESENTATION('',(#11336),#11340);
#11336 = LINE('',#11337,#11338);
#11337 = CARTESIAN_POINT('',(0.,0.));
#11338 = VECTOR('',#11339,1.);
#11339 = DIRECTION('',(1.,0.));
#11340 = ( GEOMETRIC_REPRESENTATION_CONTEXT(2) 
PARAMETRIC_REPRESENTATION_CONTEXT() REPRESENTATION_CONTEXT('2D SPACE',''
  ) );
#11341 = PCURVE('',#7001,#11342);
#11342 = DEFINITIONAL_REPRESENTATION('',(#11343),#11347);
#11343 = LINE('',#11344,#11345);
#11344 = CARTESIAN_POINT('',(0.,0.));
#11345 = VECTOR('',#11346,1.);
#11346 = DIRECTION('',(1.,0.));
#11347 = ( GEOMETRIC_REPRESENTATION_CONTEXT(2) 
PARAMETRIC_REPRESENTATION_CONTEXT() REPRESENTATION_CONTEXT('2D SPACE',''
  ) );
#11348 = ORIENTED_EDGE('',*,*,#11349,.T.);
#11349 = EDGE_CURVE('',#11327,#11350,#11352,.T.);
#11350 = VERTEX_POINT('',#11351);
#11351 = CARTESIAN_POINT('',(31.704545454545,-54.91388355815,105.));
#11352 = SURFACE_CURVE('',#11353,(#11357,#11364),.PCURVE_S1.);
#11353 = LINE('',#11354,#11355);
#11354 = CARTESIAN_POINT('',(30.795454545455,-53.3392919149,5.));
#11355 = VECTOR('',#11356,1.);
#11356 = DIRECTION('',(9.089406833757E-03,-1.574331444673E-02,
    0.999834751713));
#11357 = PCURVE('',#6909,#11358);
#11358 = DEFINITIONAL_REPRESENTATION('',(#11359),#11363);
#11359 = LINE('',#11360,#11361);
#11360 = CARTESIAN_POINT('',(61.590909090909,0.));
#11361 = VECTOR('',#11362,1.);
#11362 = DIRECTION('',(1.817881366751E-02,0.999834751713));
#11363 = ( GEOMETRIC_REPRESENTATION_CONTEXT(2) 
PARAMETRIC_REPRESENTATION_CONTEXT() REPRESENTATION_CONTEXT('2D SPACE',''
  ) );
#11364 = PCURVE('',#11365,#11370);
#11365 = CONICAL_SURFACE('',#11366,61.590909090909,1.817981507298E-02);
#11366 = AXIS2_PLACEMENT_3D('',#11367,#11368,#11369);
#11367 = CARTESIAN_POINT('',(0.,0.,5.));
#11368 = DIRECTION('',(0.,0.,1.));
#11369 = DIRECTION('',(0.5,-0.866025403784,0.));
#11370 = DEFINITIONAL_REPRESENTATION('',(#11371),#11375);
#11371 = LINE('',#11372,#11373);
#11372 = CARTESIAN_POINT('',(0.,-0.));
#11373 = VECTOR('',#11374,1.);
#11374 = DIRECTION('',(0.,1.));
#11375 = ( GEOMETRIC_REPRESENTATION_CONTEXT(2) 
PARAMETRIC_REPRESENTATION_CONTEXT() REPRESENTATION_CONTEXT('2D SPACE',''
  ) );
#11376 = ORIENTED_EDGE('',*,*,#11377,.F.);
#11377 = EDGE_CURVE('',#6890,#11350,#11378,.T.);
#11378 = SURFACE_CURVE('',#11379,(#11383,#11390),.PCURVE_S1.);
#11379 = LINE('',#11380,#11381);
#11380 = CARTESIAN_POINT('',(0.,0.,105.));
#11381 = VECTOR('',#11382,1.);
#11382 = DIRECTION('',(0.5,-0.866025403784,0.));
#11383 = PCURVE('',#6909,#11384);
#11384 = DEFINITIONAL_REPRESENTATION('',(#11385),#11389);
#11385 = LINE('',#11386,#11387);
#11386 = CARTESIAN_POINT('',(0.,100.));
#11387 = VECTOR('',#11388,1.);
#11388 = DIRECTION('',(1.,0.));
#11389 = ( GEOMETRIC_REPRESENTATION_CONTEXT(2) 
PARAMETRIC_REPRESENTATION_CONTEXT() REPRESENTATION_CONTEXT('2D SPACE',''
  ) );
#11390 = PCURVE('',#6940,#11391);
#11391 = DEFINITIONAL_REPRESENTATION('',(#11392),#11396);
#11392 = LINE('',#11393,#11394);
#11393 = CARTESIAN_POINT('',(0.,0.));
#11394 = VECTOR('',#11395,1.);
#11395 = DIRECTION('',(1.,0.));
#11396 = ( GEOMETRIC_REPRESENTATION_CONTEXT(2) 
PARAMETRIC_REPRESENTATION_CONTEXT() REPRESENTATION_CONTEXT('2D SPACE',''
  ) );
#11397 = ADVANCED_FACE('',(#11398),#7001,.T.);
#11398 = FACE_BOUND('',#11399,.T.);
#11399 = EDGE_LOOP('',(#11400,#11424,#11445,#11446));
#11400 = ORIENTED_EDGE('',*,*,#11401,.T.);
#11401 = EDGE_CURVE('',#11327,#11402,#11404,.T.);
#11402 = VERTEX_POINT('',#11403);
#11403 = CARTESIAN_POINT('',(36.202228038923,-49.82809215354,5.));
#11404 = SURFACE_CURVE('',#11405,(#11410,#11417),.PCURVE_S1.);
#11405 = CIRCLE('',#11406,61.590909090909);
#11406 = AXIS2_PLACEMENT_3D('',#11407,#11408,#11409);
#11407 = CARTESIAN_POINT('',(0.,0.,5.));
#11408 = DIRECTION('',(-0.,0.,1.));
#11409 = DIRECTION('',(0.5,-0.866025403784,0.));
#11410 = PCURVE('',#7001,#11411);
#11411 = DEFINITIONAL_REPRESENTATION('',(#11412),#11416);
#11412 = CIRCLE('',#11413,61.590909090909);
#11413 = AXIS2_PLACEMENT_2D('',#11414,#11415);
#11414 = CARTESIAN_POINT('',(0.,0.));
#11415 = DIRECTION('',(1.,0.));
#11416 = ( GEOMETRIC_REPRESENTATION_CONTEXT(2) 
PARAMETRIC_REPRESENTATION_CONTEXT() REPRESENTATION_CONTEXT('2D SPACE',''
  ) );
#11417 = PCURVE('',#11365,#11418);
#11418 = DEFINITIONAL_REPRESENTATION('',(#11419),#11423);
#11419 = LINE('',#11420,#11421);
#11420 = CARTESIAN_POINT('',(0.,0.));
#11421 = VECTOR('',#11422,1.);
#11422 = DIRECTION('',(1.,0.));
#11423 = ( GEOMETRIC_REPRESENTATION_CONTEXT(2) 
PARAMETRIC_REPRESENTATION_CONTEXT() REPRESENTATION_CONTEXT('2D SPACE',''
  ) );
#11424 = ORIENTED_EDGE('',*,*,#11425,.F.);
#11425 = EDGE_CURVE('',#6953,#11402,#11426,.T.);
#11426 = SURFACE_CURVE('',#11427,(#11431,#11438),.PCURVE_S1.);
#11427 = LINE('',#11428,#11429);
#11428 = CARTESIAN_POINT('',(0.,0.,5.));
#11429 = VECTOR('',#11430,1.);
#11430 = DIRECTION('',(0.587785252292,-0.809016994375,0.));
#11431 = PCURVE('',#7001,#11432);
#11432 = DEFINITIONAL_REPRESENTATION('',(#11433),#11437);
#11433 = LINE('',#11434,#11435);
#11434 = CARTESIAN_POINT('',(0.,0.));
#11435 = VECTOR('',#11436,1.);
#11436 = DIRECTION('',(0.994521895368,0.104528463268));
#11437 = ( GEOMETRIC_REPRESENTATION_CONTEXT(2) 
PARAMETRIC_REPRESENTATION_CONTEXT() REPRESENTATION_CONTEXT('2D SPACE',''
  ) );
#11438 = PCURVE('',#6972,#11439);
#11439 = DEFINITIONAL_REPRESENTATION('',(#11440),#11444);
#11440 = LINE('',#11441,#11442);
#11441 = CARTESIAN_POINT('',(0.,0.));
#11442 = VECTOR('',#11443,1.);
#11443 = DIRECTION('',(1.,0.));
#11444 = ( GEOMETRIC_REPRESENTATION_CONTEXT(2) 
PARAMETRIC_REPRESENTATION_CONTEXT() REPRESENTATION_CONTEXT('2D SPACE',''
  ) );
#11445 = ORIENTED_EDGE('',*,*,#6986,.F.);
#11446 = ORIENTED_EDGE('',*,*,#11326,.T.);
#11447 = ADVANCED_FACE('',(#11448),#6972,.T.);
#11448 = FACE_BOUND('',#11449,.T.);
#11449 = EDGE_LOOP('',(#11450,#11473,#11474,#11475));
#11450 = ORIENTED_EDGE('',*,*,#11451,.F.);
#11451 = EDGE_CURVE('',#6924,#11452,#11454,.T.);
#11452 = VERTEX_POINT('',#11453);
#11453 = CARTESIAN_POINT('',(37.270928497636,-51.29903214332,105.));
#11454 = SURFACE_CURVE('',#11455,(#11459,#11466),.PCURVE_S1.);
#11455 = LINE('',#11456,#11457);
#11456 = CARTESIAN_POINT('',(0.,0.,105.));
#11457 = VECTOR('',#11458,1.);
#11458 = DIRECTION('',(0.587785252292,-0.809016994375,0.));
#11459 = PCURVE('',#6972,#11460);
#11460 = DEFINITIONAL_REPRESENTATION('',(#11461),#11465);
#11461 = LINE('',#11462,#11463);
#11462 = CARTESIAN_POINT('',(0.,100.));
#11463 = VECTOR('',#11464,1.);
#11464 = DIRECTION('',(1.,0.));
#11465 = ( GEOMETRIC_REPRESENTATION_CONTEXT(2) 
PARAMETRIC_REPRESENTATION_CONTEXT() REPRESENTATION_CONTEXT('2D SPACE',''
  ) );
#11466 = PCURVE('',#6940,#11467);
#11467 = DEFINITIONAL_REPRESENTATION('',(#11468),#11472);
#11468 = LINE('',#11469,#11470);
#11469 = CARTESIAN_POINT('',(0.,0.));
#11470 = VECTOR('',#11471,1.);
#11471 = DIRECTION('',(0.994521895368,0.104528463268));
#11472 = ( GEOMETRIC_REPRESENTATION_CONTEXT(2) 
PARAMETRIC_REPRESENTATION_CONTEXT() REPRESENTATION_CONTEXT('2D SPACE',''
  ) );
#11473 = ORIENTED_EDGE('',*,*,#6952,.F.);
#11474 = ORIENTED_EDGE('',*,*,#11425,.T.);
#11475 = ORIENTED_EDGE('',*,*,#11476,.T.);
#11476 = EDGE_CURVE('',#11402,#11452,#11477,.T.);
#11477 = SURFACE_CURVE('',#11478,(#11482,#11489),.PCURVE_S1.);
#11478 = LINE('',#11479,#11480);
#11479 = CARTESIAN_POINT('',(36.202228038923,-49.82809215354,5.));
#11480 = VECTOR('',#11481,1.);
#11481 = DIRECTION('',(1.068523857794E-02,-1.47069691946E-02,
    0.999834751713));
#11482 = PCURVE('',#6972,#11483);
#11483 = DEFINITIONAL_REPRESENTATION('',(#11484),#11488);
#11484 = LINE('',#11485,#11486);
#11485 = CARTESIAN_POINT('',(61.590909090909,0.));
#11486 = VECTOR('',#11487,1.);
#11487 = DIRECTION('',(1.817881366751E-02,0.999834751713));
#11488 = ( GEOMETRIC_REPRESENTATION_CONTEXT(2) 
PARAMETRIC_REPRESENTATION_CONTEXT() REPRESENTATION_CONTEXT('2D SPACE',''
  ) );
#11489 = PCURVE('',#11365,#11490);
#11490 = DEFINITIONAL_REPRESENTATION('',(#11491),#11495);
#11491 = LINE('',#11492,#11493);
#11492 = CARTESIAN_POINT('',(0.10471975512,-0.));
#11493 = VECTOR('',#11494,1.);
#11494 = DIRECTION('',(0.,1.));
#11495 = ( GEOMETRIC_REPRESENTATION_CONTEXT(2) 
PARAMETRIC_REPRESENTATION_CONTEXT() REPRESENTATION_CONTEXT('2D SPACE',''
  ) );
#11496 = ADVANCED_FACE('',(#11497),#6940,.F.);
#11497 = FACE_BOUND('',#11498,.F.);
#11498 = EDGE_LOOP('',(#11499,#11521,#11522,#11523));
#11499 = ORIENTED_EDGE('',*,*,#11500,.T.);
#11500 = EDGE_CURVE('',#11350,#11452,#11501,.T.);
#11501 = SURFACE_CURVE('',#11502,(#11507,#11514),.PCURVE_S1.);
#11502 = CIRCLE('',#11503,63.409090909091);
#11503 = AXIS2_PLACEMENT_3D('',#11504,#11505,#11506);
#11504 = CARTESIAN_POINT('',(0.,0.,105.));
#11505 = DIRECTION('',(-0.,0.,1.));
#11506 = DIRECTION('',(0.5,-0.866025403784,0.));
#11507 = PCURVE('',#6940,#11508);
#11508 = DEFINITIONAL_REPRESENTATION('',(#11509),#11513);
#11509 = CIRCLE('',#11510,63.409090909091);
#11510 = AXIS2_PLACEMENT_2D('',#11511,#11512);
#11511 = CARTESIAN_POINT('',(0.,0.));
#11512 = DIRECTION('',(1.,0.));
#11513 = ( GEOMETRIC_REPRESENTATION_CONTEXT(2) 
PARAMETRIC_REPRESENTATION_CONTEXT() REPRESENTATION_CONTEXT('2D SPACE',''
  ) );
#11514 = PCURVE('',#11365,#11515);
#11515 = DEFINITIONAL_REPRESENTATION('',(#11516),#11520);
#11516 = LINE('',#11517,#11518);
#11517 = CARTESIAN_POINT('',(0.,100.));
#11518 = VECTOR('',#11519,1.);
#11519 = DIRECTION('',(1.,0.));
#11520 = ( GEOMETRIC_REPRESENTATION_CONTEXT(2) 
PARAMETRIC_REPRESENTATION_CONTEXT() REPRESENTATION_CONTEXT('2D SPACE',''
  ) );
#11521 = ORIENTED_EDGE('',*,*,#11451,.F.);
#11522 = ORIENTED_EDGE('',*,*,#6923,.F.);
#11523 = ORIENTED_EDGE('',*,*,#11377,.T.);
#11524 = ADVANCED_FACE('',(#11525),#7037,.F.);
#11525 = FACE_BOUND('',#11526,.F.);
#11526 = EDGE_LOOP('',(#11527,#11528,#11551,#11579));
#11527 = ORIENTED_EDGE('',*,*,#7015,.F.);
#11528 = ORIENTED_EDGE('',*,*,#11529,.T.);
#11529 = EDGE_CURVE('',#7016,#11530,#11532,.T.);
#11530 = VERTEX_POINT('',#11531);
#11531 = CARTESIAN_POINT('',(43.551349477626,-43.55134947762,5.));
#11532 = SURFACE_CURVE('',#11533,(#11537,#11544),.PCURVE_S1.);
#11533 = LINE('',#11534,#11535);
#11534 = CARTESIAN_POINT('',(0.,0.,5.));
#11535 = VECTOR('',#11536,1.);
#11536 = DIRECTION('',(0.707106781187,-0.707106781187,0.));
#11537 = PCURVE('',#7037,#11538);
#11538 = DEFINITIONAL_REPRESENTATION('',(#11539),#11543);
#11539 = LINE('',#11540,#11541);
#11540 = CARTESIAN_POINT('',(0.,0.));
#11541 = VECTOR('',#11542,1.);
#11542 = DIRECTION('',(1.,0.));
#11543 = ( GEOMETRIC_REPRESENTATION_CONTEXT(2) 
PARAMETRIC_REPRESENTATION_CONTEXT() REPRESENTATION_CONTEXT('2D SPACE',''
  ) );
#11544 = PCURVE('',#7129,#11545);
#11545 = DEFINITIONAL_REPRESENTATION('',(#11546),#11550);
#11546 = LINE('',#11547,#11548);
#11547 = CARTESIAN_POINT('',(0.,0.));
#11548 = VECTOR('',#11549,1.);
#11549 = DIRECTION('',(1.,0.));
#11550 = ( GEOMETRIC_REPRESENTATION_CONTEXT(2) 
PARAMETRIC_REPRESENTATION_CONTEXT() REPRESENTATION_CONTEXT('2D SPACE',''
  ) );
#11551 = ORIENTED_EDGE('',*,*,#11552,.T.);
#11552 = EDGE_CURVE('',#11530,#11553,#11555,.T.);
#11553 = VERTEX_POINT('',#11554);
#11554 = CARTESIAN_POINT('',(44.836998170692,-44.83699817069,105.));
#11555 = SURFACE_CURVE('',#11556,(#11560,#11567),.PCURVE_S1.);
#11556 = LINE('',#11557,#11558);
#11557 = CARTESIAN_POINT('',(43.551349477626,-43.55134947762,5.));
#11558 = VECTOR('',#11559,1.);
#11559 = DIRECTION('',(1.285436241823E-02,-1.285436241823E-02,
    0.999834751713));
#11560 = PCURVE('',#7037,#11561);
#11561 = DEFINITIONAL_REPRESENTATION('',(#11562),#11566);
#11562 = LINE('',#11563,#11564);
#11563 = CARTESIAN_POINT('',(61.590909090909,0.));
#11564 = VECTOR('',#11565,1.);
#11565 = DIRECTION('',(1.817881366751E-02,0.999834751713));
#11566 = ( GEOMETRIC_REPRESENTATION_CONTEXT(2) 
PARAMETRIC_REPRESENTATION_CONTEXT() REPRESENTATION_CONTEXT('2D SPACE',''
  ) );
#11567 = PCURVE('',#11568,#11573);
#11568 = CONICAL_SURFACE('',#11569,61.590909090909,1.817981507298E-02);
#11569 = AXIS2_PLACEMENT_3D('',#11570,#11571,#11572);
#11570 = CARTESIAN_POINT('',(0.,0.,5.));
#11571 = DIRECTION('',(0.,0.,1.));
#11572 = DIRECTION('',(0.707106781187,-0.707106781187,0.));
#11573 = DEFINITIONAL_REPRESENTATION('',(#11574),#11578);
#11574 = LINE('',#11575,#11576);
#11575 = CARTESIAN_POINT('',(0.,-0.));
#11576 = VECTOR('',#11577,1.);
#11577 = DIRECTION('',(0.,1.));
#11578 = ( GEOMETRIC_REPRESENTATION_CONTEXT(2) 
PARAMETRIC_REPRESENTATION_CONTEXT() REPRESENTATION_CONTEXT('2D SPACE',''
  ) );
#11579 = ORIENTED_EDGE('',*,*,#11580,.F.);
#11580 = EDGE_CURVE('',#7018,#11553,#11581,.T.);
#11581 = SURFACE_CURVE('',#11582,(#11586,#11593),.PCURVE_S1.);
#11582 = LINE('',#11583,#11584);
#11583 = CARTESIAN_POINT('',(0.,0.,105.));
#11584 = VECTOR('',#11585,1.);
#11585 = DIRECTION('',(0.707106781187,-0.707106781187,0.));
#11586 = PCURVE('',#7037,#11587);
#11587 = DEFINITIONAL_REPRESENTATION('',(#11588),#11592);
#11588 = LINE('',#11589,#11590);
#11589 = CARTESIAN_POINT('',(0.,100.));
#11590 = VECTOR('',#11591,1.);
#11591 = DIRECTION('',(1.,0.));
#11592 = ( GEOMETRIC_REPRESENTATION_CONTEXT(2) 
PARAMETRIC_REPRESENTATION_CONTEXT() REPRESENTATION_CONTEXT('2D SPACE',''
  ) );
#11593 = PCURVE('',#7068,#11594);
#11594 = DEFINITIONAL_REPRESENTATION('',(#11595),#11599);
#11595 = LINE('',#11596,#11597);
#11596 = CARTESIAN_POINT('',(0.,0.));
#11597 = VECTOR('',#11598,1.);
#11598 = DIRECTION('',(1.,0.));
#11599 = ( GEOMETRIC_REPRESENTATION_CONTEXT(2) 
PARAMETRIC_REPRESENTATION_CONTEXT() REPRESENTATION_CONTEXT('2D SPACE',''
  ) );
#11600 = ADVANCED_FACE('',(#11601),#7129,.T.);
#11601 = FACE_BOUND('',#11602,.T.);
#11602 = EDGE_LOOP('',(#11603,#11627,#11648,#11649));
#11603 = ORIENTED_EDGE('',*,*,#11604,.T.);
#11604 = EDGE_CURVE('',#11530,#11605,#11607,.T.);
#11605 = VERTEX_POINT('',#11606);
#11606 = CARTESIAN_POINT('',(47.865126262463,-38.7604149942,5.));
#11607 = SURFACE_CURVE('',#11608,(#11613,#11620),.PCURVE_S1.);
#11608 = CIRCLE('',#11609,61.590909090909);
#11609 = AXIS2_PLACEMENT_3D('',#11610,#11611,#11612);
#11610 = CARTESIAN_POINT('',(0.,0.,5.));
#11611 = DIRECTION('',(-0.,0.,1.));
#11612 = DIRECTION('',(0.707106781187,-0.707106781187,0.));
#11613 = PCURVE('',#7129,#11614);
#11614 = DEFINITIONAL_REPRESENTATION('',(#11615),#11619);
#11615 = CIRCLE('',#11616,61.590909090909);
#11616 = AXIS2_PLACEMENT_2D('',#11617,#11618);
#11617 = CARTESIAN_POINT('',(0.,0.));
#11618 = DIRECTION('',(1.,0.));
#11619 = ( GEOMETRIC_REPRESENTATION_CONTEXT(2) 
PARAMETRIC_REPRESENTATION_CONTEXT() REPRESENTATION_CONTEXT('2D SPACE',''
  ) );
#11620 = PCURVE('',#11568,#11621);
#11621 = DEFINITIONAL_REPRESENTATION('',(#11622),#11626);
#11622 = LINE('',#11623,#11624);
#11623 = CARTESIAN_POINT('',(0.,0.));
#11624 = VECTOR('',#11625,1.);
#11625 = DIRECTION('',(1.,0.));
#11626 = ( GEOMETRIC_REPRESENTATION_CONTEXT(2) 
PARAMETRIC_REPRESENTATION_CONTEXT() REPRESENTATION_CONTEXT('2D SPACE',''
  ) );
#11627 = ORIENTED_EDGE('',*,*,#11628,.F.);
#11628 = EDGE_CURVE('',#7081,#11605,#11629,.T.);
#11629 = SURFACE_CURVE('',#11630,(#11634,#11641),.PCURVE_S1.);
#11630 = LINE('',#11631,#11632);
#11631 = CARTESIAN_POINT('',(0.,0.,5.));
#11632 = VECTOR('',#11633,1.);
#11633 = DIRECTION('',(0.777145961457,-0.62932039105,0.));
#11634 = PCURVE('',#7129,#11635);
#11635 = DEFINITIONAL_REPRESENTATION('',(#11636),#11640);
#11636 = LINE('',#11637,#11638);
#11637 = CARTESIAN_POINT('',(0.,0.));
#11638 = VECTOR('',#11639,1.);
#11639 = DIRECTION('',(0.994521895368,0.104528463268));
#11640 = ( GEOMETRIC_REPRESENTATION_CONTEXT(2) 
PARAMETRIC_REPRESENTATION_CONTEXT() REPRESENTATION_CONTEXT('2D SPACE',''
  ) );
#11641 = PCURVE('',#7100,#11642);
#11642 = DEFINITIONAL_REPRESENTATION('',(#11643),#11647);
#11643 = LINE('',#11644,#11645);
#11644 = CARTESIAN_POINT('',(0.,0.));
#11645 = VECTOR('',#11646,1.);
#11646 = DIRECTION('',(1.,0.));
#11647 = ( GEOMETRIC_REPRESENTATION_CONTEXT(2) 
PARAMETRIC_REPRESENTATION_CONTEXT() REPRESENTATION_CONTEXT('2D SPACE',''
  ) );
#11648 = ORIENTED_EDGE('',*,*,#7114,.F.);
#11649 = ORIENTED_EDGE('',*,*,#11529,.T.);
#11650 = ADVANCED_FACE('',(#11651),#7100,.T.);
#11651 = FACE_BOUND('',#11652,.T.);
#11652 = EDGE_LOOP('',(#11653,#11676,#11677,#11678));
#11653 = ORIENTED_EDGE('',*,*,#11654,.F.);
#11654 = EDGE_CURVE('',#7052,#11655,#11657,.T.);
#11655 = VERTEX_POINT('',#11656);
#11656 = CARTESIAN_POINT('',(49.278118919658,-39.90463388702,105.));
#11657 = SURFACE_CURVE('',#11658,(#11662,#11669),.PCURVE_S1.);
#11658 = LINE('',#11659,#11660);
#11659 = CARTESIAN_POINT('',(0.,0.,105.));
#11660 = VECTOR('',#11661,1.);
#11661 = DIRECTION('',(0.777145961457,-0.62932039105,0.));
#11662 = PCURVE('',#7100,#11663);
#11663 = DEFINITIONAL_REPRESENTATION('',(#11664),#11668);
#11664 = LINE('',#11665,#11666);
#11665 = CARTESIAN_POINT('',(0.,100.));
#11666 = VECTOR('',#11667,1.);
#11667 = DIRECTION('',(1.,0.));
#11668 = ( GEOMETRIC_REPRESENTATION_CONTEXT(2) 
PARAMETRIC_REPRESENTATION_CONTEXT() REPRESENTATION_CONTEXT('2D SPACE',''
  ) );
#11669 = PCURVE('',#7068,#11670);
#11670 = DEFINITIONAL_REPRESENTATION('',(#11671),#11675);
#11671 = LINE('',#11672,#11673);
#11672 = CARTESIAN_POINT('',(0.,0.));
#11673 = VECTOR('',#11674,1.);
#11674 = DIRECTION('',(0.994521895368,0.104528463268));
#11675 = ( GEOMETRIC_REPRESENTATION_CONTEXT(2) 
PARAMETRIC_REPRESENTATION_CONTEXT() REPRESENTATION_CONTEXT('2D SPACE',''
  ) );
#11676 = ORIENTED_EDGE('',*,*,#7080,.F.);
#11677 = ORIENTED_EDGE('',*,*,#11628,.T.);
#11678 = ORIENTED_EDGE('',*,*,#11679,.T.);
#11679 = EDGE_CURVE('',#11605,#11655,#11680,.T.);
#11680 = SURFACE_CURVE('',#11681,(#11685,#11692),.PCURVE_S1.);
#11681 = LINE('',#11682,#11683);
#11682 = CARTESIAN_POINT('',(47.865126262463,-38.7604149942,5.));
#11683 = VECTOR('',#11684,1.);
#11684 = DIRECTION('',(1.412759162579E-02,-1.144029812606E-02,
    0.999834751713));
#11685 = PCURVE('',#7100,#11686);
#11686 = DEFINITIONAL_REPRESENTATION('',(#11687),#11691);
#11687 = LINE('',#11688,#11689);
#11688 = CARTESIAN_POINT('',(61.590909090909,0.));
#11689 = VECTOR('',#11690,1.);
#11690 = DIRECTION('',(1.817881366751E-02,0.999834751713));
#11691 = ( GEOMETRIC_REPRESENTATION_CONTEXT(2) 
PARAMETRIC_REPRESENTATION_CONTEXT() REPRESENTATION_CONTEXT('2D SPACE',''
  ) );
#11692 = PCURVE('',#11568,#11693);
#11693 = DEFINITIONAL_REPRESENTATION('',(#11694),#11698);
#11694 = LINE('',#11695,#11696);
#11695 = CARTESIAN_POINT('',(0.10471975512,-0.));
#11696 = VECTOR('',#11697,1.);
#11697 = DIRECTION('',(0.,1.));
#11698 = ( GEOMETRIC_REPRESENTATION_CONTEXT(2) 
PARAMETRIC_REPRESENTATION_CONTEXT() REPRESENTATION_CONTEXT('2D SPACE',''
  ) );
#11699 = ADVANCED_FACE('',(#11700),#7068,.F.);
#11700 = FACE_BOUND('',#11701,.F.);
#11701 = EDGE_LOOP('',(#11702,#11724,#11725,#11726));
#11702 = ORIENTED_EDGE('',*,*,#11703,.T.);
#11703 = EDGE_CURVE('',#11553,#11655,#11704,.T.);
#11704 = SURFACE_CURVE('',#11705,(#11710,#11717),.PCURVE_S1.);
#11705 = CIRCLE('',#11706,63.409090909091);
#11706 = AXIS2_PLACEMENT_3D('',#11707,#11708,#11709);
#11707 = CARTESIAN_POINT('',(0.,0.,105.));
#11708 = DIRECTION('',(-0.,0.,1.));
#11709 = DIRECTION('',(0.707106781187,-0.707106781187,0.));
#11710 = PCURVE('',#7068,#11711);
#11711 = DEFINITIONAL_REPRESENTATION('',(#11712),#11716);
#11712 = CIRCLE('',#11713,63.409090909091);
#11713 = AXIS2_PLACEMENT_2D('',#11714,#11715);
#11714 = CARTESIAN_POINT('',(0.,0.));
#11715 = DIRECTION('',(1.,0.));
#11716 = ( GEOMETRIC_REPRESENTATION_CONTEXT(2) 
PARAMETRIC_REPRESENTATION_CONTEXT() REPRESENTATION_CONTEXT('2D SPACE',''
  ) );
#11717 = PCURVE('',#11568,#11718);
#11718 = DEFINITIONAL_REPRESENTATION('',(#11719),#11723);
#11719 = LINE('',#11720,#11721);
#11720 = CARTESIAN_POINT('',(0.,100.));
#11721 = VECTOR('',#11722,1.);
#11722 = DIRECTION('',(1.,0.));
#11723 = ( GEOMETRIC_REPRESENTATION_CONTEXT(2) 
PARAMETRIC_REPRESENTATION_CONTEXT() REPRESENTATION_CONTEXT('2D SPACE',''
  ) );
#11724 = ORIENTED_EDGE('',*,*,#11654,.F.);
#11725 = ORIENTED_EDGE('',*,*,#7051,.F.);
#11726 = ORIENTED_EDGE('',*,*,#11580,.T.);
#11727 = ADVANCED_FACE('',(#11728),#7165,.F.);
#11728 = FACE_BOUND('',#11729,.F.);
#11729 = EDGE_LOOP('',(#11730,#11731,#11754,#11782));
#11730 = ORIENTED_EDGE('',*,*,#7143,.F.);
#11731 = ORIENTED_EDGE('',*,*,#11732,.T.);
#11732 = EDGE_CURVE('',#7144,#11733,#11735,.T.);
#11733 = VERTEX_POINT('',#11734);
#11734 = CARTESIAN_POINT('',(53.339291914905,-30.79545454545,5.));
#11735 = SURFACE_CURVE('',#11736,(#11740,#11747),.PCURVE_S1.);
#11736 = LINE('',#11737,#11738);
#11737 = CARTESIAN_POINT('',(0.,0.,5.));
#11738 = VECTOR('',#11739,1.);
#11739 = DIRECTION('',(0.866025403784,-0.5,0.));
#11740 = PCURVE('',#7165,#11741);
#11741 = DEFINITIONAL_REPRESENTATION('',(#11742),#11746);
#11742 = LINE('',#11743,#11744);
#11743 = CARTESIAN_POINT('',(0.,0.));
#11744 = VECTOR('',#11745,1.);
#11745 = DIRECTION('',(1.,0.));
#11746 = ( GEOMETRIC_REPRESENTATION_CONTEXT(2) 
PARAMETRIC_REPRESENTATION_CONTEXT() REPRESENTATION_CONTEXT('2D SPACE',''
  ) );
#11747 = PCURVE('',#7257,#11748);
#11748 = DEFINITIONAL_REPRESENTATION('',(#11749),#11753);
#11749 = LINE('',#11750,#11751);
#11750 = CARTESIAN_POINT('',(0.,0.));
#11751 = VECTOR('',#11752,1.);
#11752 = DIRECTION('',(1.,0.));
#11753 = ( GEOMETRIC_REPRESENTATION_CONTEXT(2) 
PARAMETRIC_REPRESENTATION_CONTEXT() REPRESENTATION_CONTEXT('2D SPACE',''
  ) );
#11754 = ORIENTED_EDGE('',*,*,#11755,.T.);
#11755 = EDGE_CURVE('',#11733,#11756,#11758,.T.);
#11756 = VERTEX_POINT('',#11757);
#11757 = CARTESIAN_POINT('',(54.91388355815,-31.70454545454,105.));
#11758 = SURFACE_CURVE('',#11759,(#11763,#11770),.PCURVE_S1.);
#11759 = LINE('',#11760,#11761);
#11760 = CARTESIAN_POINT('',(53.339291914905,-30.79545454545,5.));
#11761 = VECTOR('',#11762,1.);
#11762 = DIRECTION('',(1.574331444673E-02,-9.089406833757E-03,
    0.999834751713));
#11763 = PCURVE('',#7165,#11764);
#11764 = DEFINITIONAL_REPRESENTATION('',(#11765),#11769);
#11765 = LINE('',#11766,#11767);
#11766 = CARTESIAN_POINT('',(61.590909090909,0.));
#11767 = VECTOR('',#11768,1.);
#11768 = DIRECTION('',(1.817881366751E-02,0.999834751713));
#11769 = ( GEOMETRIC_REPRESENTATION_CONTEXT(2) 
PARAMETRIC_REPRESENTATION_CONTEXT() REPRESENTATION_CONTEXT('2D SPACE',''
  ) );
#11770 = PCURVE('',#11771,#11776);
#11771 = CONICAL_SURFACE('',#11772,61.590909090909,1.817981507298E-02);
#11772 = AXIS2_PLACEMENT_3D('',#11773,#11774,#11775);
#11773 = CARTESIAN_POINT('',(0.,0.,5.));
#11774 = DIRECTION('',(0.,0.,1.));
#11775 = DIRECTION('',(0.866025403784,-0.5,0.));
#11776 = DEFINITIONAL_REPRESENTATION('',(#11777),#11781);
#11777 = LINE('',#11778,#11779);
#11778 = CARTESIAN_POINT('',(0.,-0.));
#11779 = VECTOR('',#11780,1.);
#11780 = DIRECTION('',(0.,1.));
#11781 = ( GEOMETRIC_REPRESENTATION_CONTEXT(2) 
PARAMETRIC_REPRESENTATION_CONTEXT() REPRESENTATION_CONTEXT('2D SPACE',''
  ) );
#11782 = ORIENTED_EDGE('',*,*,#11783,.F.);
#11783 = EDGE_CURVE('',#7146,#11756,#11784,.T.);
#11784 = SURFACE_CURVE('',#11785,(#11789,#11796),.PCURVE_S1.);
#11785 = LINE('',#11786,#11787);
#11786 = CARTESIAN_POINT('',(0.,0.,105.));
#11787 = VECTOR('',#11788,1.);
#11788 = DIRECTION('',(0.866025403784,-0.5,0.));
#11789 = PCURVE('',#7165,#11790);
#11790 = DEFINITIONAL_REPRESENTATION('',(#11791),#11795);
#11791 = LINE('',#11792,#11793);
#11792 = CARTESIAN_POINT('',(0.,100.));
#11793 = VECTOR('',#11794,1.);
#11794 = DIRECTION('',(1.,0.));
#11795 = ( GEOMETRIC_REPRESENTATION_CONTEXT(2) 
PARAMETRIC_REPRESENTATION_CONTEXT() REPRESENTATION_CONTEXT('2D SPACE',''
  ) );
#11796 = PCURVE('',#7196,#11797);
#11797 = DEFINITIONAL_REPRESENTATION('',(#11798),#11802);
#11798 = LINE('',#11799,#11800);
#11799 = CARTESIAN_POINT('',(0.,0.));
#11800 = VECTOR('',#11801,1.);
#11801 = DIRECTION('',(1.,0.));
#11802 = ( GEOMETRIC_REPRESENTATION_CONTEXT(2) 
PARAMETRIC_REPRESENTATION_CONTEXT() REPRESENTATION_CONTEXT('2D SPACE',''
  ) );
#11803 = ADVANCED_FACE('',(#11804),#7257,.T.);
#11804 = FACE_BOUND('',#11805,.T.);
#11805 = EDGE_LOOP('',(#11806,#11830,#11851,#11852));
#11806 = ORIENTED_EDGE('',*,*,#11807,.T.);
#11807 = EDGE_CURVE('',#11733,#11808,#11810,.T.);
#11808 = VERTEX_POINT('',#11809);
#11809 = CARTESIAN_POINT('',(56.266095232078,-25.05127960762,5.));
#11810 = SURFACE_CURVE('',#11811,(#11816,#11823),.PCURVE_S1.);
#11811 = CIRCLE('',#11812,61.590909090909);
#11812 = AXIS2_PLACEMENT_3D('',#11813,#11814,#11815);
#11813 = CARTESIAN_POINT('',(0.,0.,5.));
#11814 = DIRECTION('',(-0.,0.,1.));
#11815 = DIRECTION('',(0.866025403784,-0.5,0.));
#11816 = PCURVE('',#7257,#11817);
#11817 = DEFINITIONAL_REPRESENTATION('',(#11818),#11822);
#11818 = CIRCLE('',#11819,61.590909090909);
#11819 = AXIS2_PLACEMENT_2D('',#11820,#11821);
#11820 = CARTESIAN_POINT('',(0.,0.));
#11821 = DIRECTION('',(1.,0.));
#11822 = ( GEOMETRIC_REPRESENTATION_CONTEXT(2) 
PARAMETRIC_REPRESENTATION_CONTEXT() REPRESENTATION_CONTEXT('2D SPACE',''
  ) );
#11823 = PCURVE('',#11771,#11824);
#11824 = DEFINITIONAL_REPRESENTATION('',(#11825),#11829);
#11825 = LINE('',#11826,#11827);
#11826 = CARTESIAN_POINT('',(0.,0.));
#11827 = VECTOR('',#11828,1.);
#11828 = DIRECTION('',(1.,0.));
#11829 = ( GEOMETRIC_REPRESENTATION_CONTEXT(2) 
PARAMETRIC_REPRESENTATION_CONTEXT() REPRESENTATION_CONTEXT('2D SPACE',''
  ) );
#11830 = ORIENTED_EDGE('',*,*,#11831,.F.);
#11831 = EDGE_CURVE('',#7209,#11808,#11832,.T.);
#11832 = SURFACE_CURVE('',#11833,(#11837,#11844),.PCURVE_S1.);
#11833 = LINE('',#11834,#11835);
#11834 = CARTESIAN_POINT('',(0.,0.,5.));
#11835 = VECTOR('',#11836,1.);
#11836 = DIRECTION('',(0.913545457643,-0.406736643076,0.));
#11837 = PCURVE('',#7257,#11838);
#11838 = DEFINITIONAL_REPRESENTATION('',(#11839),#11843);
#11839 = LINE('',#11840,#11841);
#11840 = CARTESIAN_POINT('',(0.,0.));
#11841 = VECTOR('',#11842,1.);
#11842 = DIRECTION('',(0.994521895368,0.104528463268));
#11843 = ( GEOMETRIC_REPRESENTATION_CONTEXT(2) 
PARAMETRIC_REPRESENTATION_CONTEXT() REPRESENTATION_CONTEXT('2D SPACE',''
  ) );
#11844 = PCURVE('',#7228,#11845);
#11845 = DEFINITIONAL_REPRESENTATION('',(#11846),#11850);
#11846 = LINE('',#11847,#11848);
#11847 = CARTESIAN_POINT('',(0.,0.));
#11848 = VECTOR('',#11849,1.);
#11849 = DIRECTION('',(1.,0.));
#11850 = ( GEOMETRIC_REPRESENTATION_CONTEXT(2) 
PARAMETRIC_REPRESENTATION_CONTEXT() REPRESENTATION_CONTEXT('2D SPACE',''
  ) );
#11851 = ORIENTED_EDGE('',*,*,#7242,.F.);
#11852 = ORIENTED_EDGE('',*,*,#11732,.T.);
#11853 = ADVANCED_FACE('',(#11854),#7228,.T.);
#11854 = FACE_BOUND('',#11855,.T.);
#11855 = EDGE_LOOP('',(#11856,#11879,#11880,#11881));
#11856 = ORIENTED_EDGE('',*,*,#11857,.F.);
#11857 = EDGE_CURVE('',#7180,#11858,#11860,.T.);
#11858 = VERTEX_POINT('',#11859);
#11859 = CARTESIAN_POINT('',(57.927086973247,-25.79080077685,105.));
#11860 = SURFACE_CURVE('',#11861,(#11865,#11872),.PCURVE_S1.);
#11861 = LINE('',#11862,#11863);
#11862 = CARTESIAN_POINT('',(0.,0.,105.));
#11863 = VECTOR('',#11864,1.);
#11864 = DIRECTION('',(0.913545457643,-0.406736643076,0.));
#11865 = PCURVE('',#7228,#11866);
#11866 = DEFINITIONAL_REPRESENTATION('',(#11867),#11871);
#11867 = LINE('',#11868,#11869);
#11868 = CARTESIAN_POINT('',(0.,100.));
#11869 = VECTOR('',#11870,1.);
#11870 = DIRECTION('',(1.,0.));
#11871 = ( GEOMETRIC_REPRESENTATION_CONTEXT(2) 
PARAMETRIC_REPRESENTATION_CONTEXT() REPRESENTATION_CONTEXT('2D SPACE',''
  ) );
#11872 = PCURVE('',#7196,#11873);
#11873 = DEFINITIONAL_REPRESENTATION('',(#11874),#11878);
#11874 = LINE('',#11875,#11876);
#11875 = CARTESIAN_POINT('',(0.,0.));
#11876 = VECTOR('',#11877,1.);
#11877 = DIRECTION('',(0.994521895368,0.104528463268));
#11878 = ( GEOMETRIC_REPRESENTATION_CONTEXT(2) 
PARAMETRIC_REPRESENTATION_CONTEXT() REPRESENTATION_CONTEXT('2D SPACE',''
  ) );
#11879 = ORIENTED_EDGE('',*,*,#7208,.F.);
#11880 = ORIENTED_EDGE('',*,*,#11831,.T.);
#11881 = ORIENTED_EDGE('',*,*,#11882,.T.);
#11882 = EDGE_CURVE('',#11808,#11858,#11883,.T.);
#11883 = SURFACE_CURVE('',#11884,(#11888,#11895),.PCURVE_S1.);
#11884 = LINE('',#11885,#11886);
#11885 = CARTESIAN_POINT('',(56.266095232078,-25.05127960762,5.));
#11886 = VECTOR('',#11887,1.);
#11887 = DIRECTION('',(1.660717265129E-02,-7.393989646226E-03,
    0.999834751713));
#11888 = PCURVE('',#7228,#11889);
#11889 = DEFINITIONAL_REPRESENTATION('',(#11890),#11894);
#11890 = LINE('',#11891,#11892);
#11891 = CARTESIAN_POINT('',(61.590909090909,0.));
#11892 = VECTOR('',#11893,1.);
#11893 = DIRECTION('',(1.817881366751E-02,0.999834751713));
#11894 = ( GEOMETRIC_REPRESENTATION_CONTEXT(2) 
PARAMETRIC_REPRESENTATION_CONTEXT() REPRESENTATION_CONTEXT('2D SPACE',''
  ) );
#11895 = PCURVE('',#11771,#11896);
#11896 = DEFINITIONAL_REPRESENTATION('',(#11897),#11901);
#11897 = LINE('',#11898,#11899);
#11898 = CARTESIAN_POINT('',(0.10471975512,-0.));
#11899 = VECTOR('',#11900,1.);
#11900 = DIRECTION('',(0.,1.));
#11901 = ( GEOMETRIC_REPRESENTATION_CONTEXT(2) 
PARAMETRIC_REPRESENTATION_CONTEXT() REPRESENTATION_CONTEXT('2D SPACE',''
  ) );
#11902 = ADVANCED_FACE('',(#11903),#7196,.F.);
#11903 = FACE_BOUND('',#11904,.F.);
#11904 = EDGE_LOOP('',(#11905,#11927,#11928,#11929));
#11905 = ORIENTED_EDGE('',*,*,#11906,.T.);
#11906 = EDGE_CURVE('',#11756,#11858,#11907,.T.);
#11907 = SURFACE_CURVE('',#11908,(#11913,#11920),.PCURVE_S1.);
#11908 = CIRCLE('',#11909,63.409090909091);
#11909 = AXIS2_PLACEMENT_3D('',#11910,#11911,#11912);
#11910 = CARTESIAN_POINT('',(0.,0.,105.));
#11911 = DIRECTION('',(-0.,0.,1.));
#11912 = DIRECTION('',(0.866025403784,-0.5,0.));
#11913 = PCURVE('',#7196,#11914);
#11914 = DEFINITIONAL_REPRESENTATION('',(#11915),#11919);
#11915 = CIRCLE('',#11916,63.409090909091);
#11916 = AXIS2_PLACEMENT_2D('',#11917,#11918);
#11917 = CARTESIAN_POINT('',(0.,0.));
#11918 = DIRECTION('',(1.,0.));
#11919 = ( GEOMETRIC_REPRESENTATION_CONTEXT(2) 
PARAMETRIC_REPRESENTATION_CONTEXT() REPRESENTATION_CONTEXT('2D SPACE',''
  ) );
#11920 = PCURVE('',#11771,#11921);
#11921 = DEFINITIONAL_REPRESENTATION('',(#11922),#11926);
#11922 = LINE('',#11923,#11924);
#11923 = CARTESIAN_POINT('',(0.,100.));
#11924 = VECTOR('',#11925,1.);
#11925 = DIRECTION('',(1.,0.));
#11926 = ( GEOMETRIC_REPRESENTATION_CONTEXT(2) 
PARAMETRIC_REPRESENTATION_CONTEXT() REPRESENTATION_CONTEXT('2D SPACE',''
  ) );
#11927 = ORIENTED_EDGE('',*,*,#11857,.F.);
#11928 = ORIENTED_EDGE('',*,*,#7179,.F.);
#11929 = ORIENTED_EDGE('',*,*,#11783,.T.);
#11930 = ADVANCED_FACE('',(#11931),#7293,.F.);
#11931 = FACE_BOUND('',#11932,.F.);
#11932 = EDGE_LOOP('',(#11933,#11934,#11957,#11985));
#11933 = ORIENTED_EDGE('',*,*,#7271,.F.);
#11934 = ORIENTED_EDGE('',*,*,#11935,.T.);
#11935 = EDGE_CURVE('',#7272,#11936,#11938,.T.);
#11936 = VERTEX_POINT('',#11937);
#11937 = CARTESIAN_POINT('',(59.492249755531,-15.9409002779,5.));
#11938 = SURFACE_CURVE('',#11939,(#11943,#11950),.PCURVE_S1.);
#11939 = LINE('',#11940,#11941);
#11940 = CARTESIAN_POINT('',(0.,0.,5.));
#11941 = VECTOR('',#11942,1.);
#11942 = DIRECTION('',(0.965925826289,-0.258819045103,0.));
#11943 = PCURVE('',#7293,#11944);
#11944 = DEFINITIONAL_REPRESENTATION('',(#11945),#11949);
#11945 = LINE('',#11946,#11947);
#11946 = CARTESIAN_POINT('',(0.,0.));
#11947 = VECTOR('',#11948,1.);
#11948 = DIRECTION('',(1.,0.));
#11949 = ( GEOMETRIC_REPRESENTATION_CONTEXT(2) 
PARAMETRIC_REPRESENTATION_CONTEXT() REPRESENTATION_CONTEXT('2D SPACE',''
  ) );
#11950 = PCURVE('',#7385,#11951);
#11951 = DEFINITIONAL_REPRESENTATION('',(#11952),#11956);
#11952 = LINE('',#11953,#11954);
#11953 = CARTESIAN_POINT('',(0.,0.));
#11954 = VECTOR('',#11955,1.);
#11955 = DIRECTION('',(1.,0.));
#11956 = ( GEOMETRIC_REPRESENTATION_CONTEXT(2) 
PARAMETRIC_REPRESENTATION_CONTEXT() REPRESENTATION_CONTEXT('2D SPACE',''
  ) );
#11957 = ORIENTED_EDGE('',*,*,#11958,.T.);
#11958 = EDGE_CURVE('',#11936,#11959,#11961,.T.);
#11959 = VERTEX_POINT('',#11960);
#11960 = CARTESIAN_POINT('',(61.248478530602,-16.41148035991,105.));
#11961 = SURFACE_CURVE('',#11962,(#11966,#11973),.PCURVE_S1.);
#11962 = LINE('',#11963,#11964);
#11963 = CARTESIAN_POINT('',(59.492249755531,-15.9409002779,5.));
#11964 = VECTOR('',#11965,1.);
#11965 = DIRECTION('',(1.755938561275E-02,-4.705023194523E-03,
    0.999834751713));
#11966 = PCURVE('',#7293,#11967);
#11967 = DEFINITIONAL_REPRESENTATION('',(#11968),#11972);
#11968 = LINE('',#11969,#11970);
#11969 = CARTESIAN_POINT('',(61.590909090909,0.));
#11970 = VECTOR('',#11971,1.);
#11971 = DIRECTION('',(1.817881366751E-02,0.999834751713));
#11972 = ( GEOMETRIC_REPRESENTATION_CONTEXT(2) 
PARAMETRIC_REPRESENTATION_CONTEXT() REPRESENTATION_CONTEXT('2D SPACE',''
  ) );
#11973 = PCURVE('',#11974,#11979);
#11974 = CONICAL_SURFACE('',#11975,61.590909090909,1.817981507298E-02);
#11975 = AXIS2_PLACEMENT_3D('',#11976,#11977,#11978);
#11976 = CARTESIAN_POINT('',(0.,0.,5.));
#11977 = DIRECTION('',(0.,0.,1.));
#11978 = DIRECTION('',(0.965925826289,-0.258819045103,0.));
#11979 = DEFINITIONAL_REPRESENTATION('',(#11980),#11984);
#11980 = LINE('',#11981,#11982);
#11981 = CARTESIAN_POINT('',(0.,-0.));
#11982 = VECTOR('',#11983,1.);
#11983 = DIRECTION('',(0.,1.));
#11984 = ( GEOMETRIC_REPRESENTATION_CONTEXT(2) 
PARAMETRIC_REPRESENTATION_CONTEXT() REPRESENTATION_CONTEXT('2D SPACE',''
  ) );
#11985 = ORIENTED_EDGE('',*,*,#11986,.F.);
#11986 = EDGE_CURVE('',#7274,#11959,#11987,.T.);
#11987 = SURFACE_CURVE('',#11988,(#11992,#11999),.PCURVE_S1.);
#11988 = LINE('',#11989,#11990);
#11989 = CARTESIAN_POINT('',(0.,0.,105.));
#11990 = VECTOR('',#11991,1.);
#11991 = DIRECTION('',(0.965925826289,-0.258819045103,0.));
#11992 = PCURVE('',#7293,#11993);
#11993 = DEFINITIONAL_REPRESENTATION('',(#11994),#11998);
#11994 = LINE('',#11995,#11996);
#11995 = CARTESIAN_POINT('',(0.,100.));
#11996 = VECTOR('',#11997,1.);
#11997 = DIRECTION('',(1.,0.));
#11998 = ( GEOMETRIC_REPRESENTATION_CONTEXT(2) 
PARAMETRIC_REPRESENTATION_CONTEXT() REPRESENTATION_CONTEXT('2D SPACE',''
  ) );
#11999 = PCURVE('',#7324,#12000);
#12000 = DEFINITIONAL_REPRESENTATION('',(#12001),#12005);
#12001 = LINE('',#12002,#12003);
#12002 = CARTESIAN_POINT('',(0.,0.));
#12003 = VECTOR('',#12004,1.);
#12004 = DIRECTION('',(1.,0.));
#12005 = ( GEOMETRIC_REPRESENTATION_CONTEXT(2) 
PARAMETRIC_REPRESENTATION_CONTEXT() REPRESENTATION_CONTEXT('2D SPACE',''
  ) );
#12006 = ADVANCED_FACE('',(#12007),#7385,.T.);
#12007 = FACE_BOUND('',#12008,.T.);
#12008 = EDGE_LOOP('',(#12009,#12033,#12054,#12055));
#12009 = ORIENTED_EDGE('',*,*,#12010,.T.);
#12010 = EDGE_CURVE('',#11936,#12011,#12013,.T.);
#12011 = VERTEX_POINT('',#12012);
#12012 = CARTESIAN_POINT('',(60.832622795746,-9.634940914978,5.));
#12013 = SURFACE_CURVE('',#12014,(#12019,#12026),.PCURVE_S1.);
#12014 = CIRCLE('',#12015,61.590909090909);
#12015 = AXIS2_PLACEMENT_3D('',#12016,#12017,#12018);
#12016 = CARTESIAN_POINT('',(0.,0.,5.));
#12017 = DIRECTION('',(-0.,0.,1.));
#12018 = DIRECTION('',(0.965925826289,-0.258819045103,0.));
#12019 = PCURVE('',#7385,#12020);
#12020 = DEFINITIONAL_REPRESENTATION('',(#12021),#12025);
#12021 = CIRCLE('',#12022,61.590909090909);
#12022 = AXIS2_PLACEMENT_2D('',#12023,#12024);
#12023 = CARTESIAN_POINT('',(0.,0.));
#12024 = DIRECTION('',(1.,0.));
#12025 = ( GEOMETRIC_REPRESENTATION_CONTEXT(2) 
PARAMETRIC_REPRESENTATION_CONTEXT() REPRESENTATION_CONTEXT('2D SPACE',''
  ) );
#12026 = PCURVE('',#11974,#12027);
#12027 = DEFINITIONAL_REPRESENTATION('',(#12028),#12032);
#12028 = LINE('',#12029,#12030);
#12029 = CARTESIAN_POINT('',(0.,0.));
#12030 = VECTOR('',#12031,1.);
#12031 = DIRECTION('',(1.,0.));
#12032 = ( GEOMETRIC_REPRESENTATION_CONTEXT(2) 
PARAMETRIC_REPRESENTATION_CONTEXT() REPRESENTATION_CONTEXT('2D SPACE',''
  ) );
#12033 = ORIENTED_EDGE('',*,*,#12034,.F.);
#12034 = EDGE_CURVE('',#7337,#12011,#12035,.T.);
#12035 = SURFACE_CURVE('',#12036,(#12040,#12047),.PCURVE_S1.);
#12036 = LINE('',#12037,#12038);
#12037 = CARTESIAN_POINT('',(0.,0.,5.));
#12038 = VECTOR('',#12039,1.);
#12039 = DIRECTION('',(0.987688340595,-0.15643446504,0.));
#12040 = PCURVE('',#7385,#12041);
#12041 = DEFINITIONAL_REPRESENTATION('',(#12042),#12046);
#12042 = LINE('',#12043,#12044);
#12043 = CARTESIAN_POINT('',(0.,0.));
#12044 = VECTOR('',#12045,1.);
#12045 = DIRECTION('',(0.994521895368,0.104528463268));
#12046 = ( GEOMETRIC_REPRESENTATION_CONTEXT(2) 
PARAMETRIC_REPRESENTATION_CONTEXT() REPRESENTATION_CONTEXT('2D SPACE',''
  ) );
#12047 = PCURVE('',#7356,#12048);
#12048 = DEFINITIONAL_REPRESENTATION('',(#12049),#12053);
#12049 = LINE('',#12050,#12051);
#12050 = CARTESIAN_POINT('',(0.,0.));
#12051 = VECTOR('',#12052,1.);
#12052 = DIRECTION('',(1.,0.));
#12053 = ( GEOMETRIC_REPRESENTATION_CONTEXT(2) 
PARAMETRIC_REPRESENTATION_CONTEXT() REPRESENTATION_CONTEXT('2D SPACE',''
  ) );
#12054 = ORIENTED_EDGE('',*,*,#7370,.F.);
#12055 = ORIENTED_EDGE('',*,*,#11935,.T.);
#12056 = ADVANCED_FACE('',(#12057),#7356,.T.);
#12057 = FACE_BOUND('',#12058,.T.);
#12058 = EDGE_LOOP('',(#12059,#12082,#12083,#12084));
#12059 = ORIENTED_EDGE('',*,*,#12060,.F.);
#12060 = EDGE_CURVE('',#7308,#12061,#12063,.T.);
#12061 = VERTEX_POINT('',#12062);
#12062 = CARTESIAN_POINT('',(62.628419778646,-9.919367215051,105.));
#12063 = SURFACE_CURVE('',#12064,(#12068,#12075),.PCURVE_S1.);
#12064 = LINE('',#12065,#12066);
#12065 = CARTESIAN_POINT('',(0.,0.,105.));
#12066 = VECTOR('',#12067,1.);
#12067 = DIRECTION('',(0.987688340595,-0.15643446504,0.));
#12068 = PCURVE('',#7356,#12069);
#12069 = DEFINITIONAL_REPRESENTATION('',(#12070),#12074);
#12070 = LINE('',#12071,#12072);
#12071 = CARTESIAN_POINT('',(0.,100.));
#12072 = VECTOR('',#12073,1.);
#12073 = DIRECTION('',(1.,0.));
#12074 = ( GEOMETRIC_REPRESENTATION_CONTEXT(2) 
PARAMETRIC_REPRESENTATION_CONTEXT() REPRESENTATION_CONTEXT('2D SPACE',''
  ) );
#12075 = PCURVE('',#7324,#12076);
#12076 = DEFINITIONAL_REPRESENTATION('',(#12077),#12081);
#12077 = LINE('',#12078,#12079);
#12078 = CARTESIAN_POINT('',(0.,0.));
#12079 = VECTOR('',#12080,1.);
#12080 = DIRECTION('',(0.994521895368,0.104528463268));
#12081 = ( GEOMETRIC_REPRESENTATION_CONTEXT(2) 
PARAMETRIC_REPRESENTATION_CONTEXT() REPRESENTATION_CONTEXT('2D SPACE',''
  ) );
#12082 = ORIENTED_EDGE('',*,*,#7336,.F.);
#12083 = ORIENTED_EDGE('',*,*,#12034,.T.);
#12084 = ORIENTED_EDGE('',*,*,#12085,.T.);
#12085 = EDGE_CURVE('',#12011,#12061,#12086,.T.);
#12086 = SURFACE_CURVE('',#12087,(#12091,#12098),.PCURVE_S1.);
#12087 = LINE('',#12088,#12089);
#12088 = CARTESIAN_POINT('',(60.832622795746,-9.634940914978,5.));
#12089 = VECTOR('',#12090,1.);
#12090 = DIRECTION('',(1.795500230526E-02,-2.843792991144E-03,
    0.999834751713));
#12091 = PCURVE('',#7356,#12092);
#12092 = DEFINITIONAL_REPRESENTATION('',(#12093),#12097);
#12093 = LINE('',#12094,#12095);
#12094 = CARTESIAN_POINT('',(61.590909090909,0.));
#12095 = VECTOR('',#12096,1.);
#12096 = DIRECTION('',(1.817881366751E-02,0.999834751713));
#12097 = ( GEOMETRIC_REPRESENTATION_CONTEXT(2) 
PARAMETRIC_REPRESENTATION_CONTEXT() REPRESENTATION_CONTEXT('2D SPACE',''
  ) );
#12098 = PCURVE('',#11974,#12099);
#12099 = DEFINITIONAL_REPRESENTATION('',(#12100),#12104);
#12100 = LINE('',#12101,#12102);
#12101 = CARTESIAN_POINT('',(0.10471975512,-0.));
#12102 = VECTOR('',#12103,1.);
#12103 = DIRECTION('',(0.,1.));
#12104 = ( GEOMETRIC_REPRESENTATION_CONTEXT(2) 
PARAMETRIC_REPRESENTATION_CONTEXT() REPRESENTATION_CONTEXT('2D SPACE',''
  ) );
#12105 = ADVANCED_FACE('',(#12106),#7324,.F.);
#12106 = FACE_BOUND('',#12107,.F.);
#12107 = EDGE_LOOP('',(#12108,#12130,#12131,#12132));
#12108 = ORIENTED_EDGE('',*,*,#12109,.T.);
#12109 = EDGE_CURVE('',#11959,#12061,#12110,.T.);
#12110 = SURFACE_CURVE('',#12111,(#12116,#12123),.PCURVE_S1.);
#12111 = CIRCLE('',#12112,63.409090909091);
#12112 = AXIS2_PLACEMENT_3D('',#12113,#12114,#12115);
#12113 = CARTESIAN_POINT('',(0.,0.,105.));
#12114 = DIRECTION('',(-0.,0.,1.));
#12115 = DIRECTION('',(0.965925826289,-0.258819045103,0.));
#12116 = PCURVE('',#7324,#12117);
#12117 = DEFINITIONAL_REPRESENTATION('',(#12118),#12122);
#12118 = CIRCLE('',#12119,63.409090909091);
#12119 = AXIS2_PLACEMENT_2D('',#12120,#12121);
#12120 = CARTESIAN_POINT('',(0.,0.));
#12121 = DIRECTION('',(1.,0.));
#12122 = ( GEOMETRIC_REPRESENTATION_CONTEXT(2) 
PARAMETRIC_REPRESENTATION_CONTEXT() REPRESENTATION_CONTEXT('2D SPACE',''
  ) );
#12123 = PCURVE('',#11974,#12124);
#12124 = DEFINITIONAL_REPRESENTATION('',(#12125),#12129);
#12125 = LINE('',#12126,#12127);
#12126 = CARTESIAN_POINT('',(0.,100.));
#12127 = VECTOR('',#12128,1.);
#12128 = DIRECTION('',(1.,0.));
#12129 = ( GEOMETRIC_REPRESENTATION_CONTEXT(2) 
PARAMETRIC_REPRESENTATION_CONTEXT() REPRESENTATION_CONTEXT('2D SPACE',''
  ) );
#12130 = ORIENTED_EDGE('',*,*,#12060,.F.);
#12131 = ORIENTED_EDGE('',*,*,#7307,.F.);
#12132 = ORIENTED_EDGE('',*,*,#11986,.T.);
#12133 = ADVANCED_FACE('',(#12134),#7421,.F.);
#12134 = FACE_BOUND('',#12135,.F.);
#12135 = EDGE_LOOP('',(#12136,#12137,#12160,#12188));
#12136 = ORIENTED_EDGE('',*,*,#7399,.F.);
#12137 = ORIENTED_EDGE('',*,*,#12138,.T.);
#12138 = EDGE_CURVE('',#7400,#12139,#12141,.T.);
#12139 = VERTEX_POINT('',#12140);
#12140 = CARTESIAN_POINT('',(6.837964538032E-15,61.590909090909,5.));
#12141 = SURFACE_CURVE('',#12142,(#12146,#12153),.PCURVE_S1.);
#12142 = LINE('',#12143,#12144);
#12143 = CARTESIAN_POINT('',(0.,0.,5.));
#12144 = VECTOR('',#12145,1.);
#12145 = DIRECTION('',(1.110223024625E-16,1.,0.));
#12146 = PCURVE('',#7421,#12147);
#12147 = DEFINITIONAL_REPRESENTATION('',(#12148),#12152);
#12148 = LINE('',#12149,#12150);
#12149 = CARTESIAN_POINT('',(0.,0.));
#12150 = VECTOR('',#12151,1.);
#12151 = DIRECTION('',(1.,0.));
#12152 = ( GEOMETRIC_REPRESENTATION_CONTEXT(2) 
PARAMETRIC_REPRESENTATION_CONTEXT() REPRESENTATION_CONTEXT('2D SPACE',''
  ) );
#12153 = PCURVE('',#7513,#12154);
#12154 = DEFINITIONAL_REPRESENTATION('',(#12155),#12159);
#12155 = LINE('',#12156,#12157);
#12156 = CARTESIAN_POINT('',(0.,0.));
#12157 = VECTOR('',#12158,1.);
#12158 = DIRECTION('',(1.,0.));
#12159 = ( GEOMETRIC_REPRESENTATION_CONTEXT(2) 
PARAMETRIC_REPRESENTATION_CONTEXT() REPRESENTATION_CONTEXT('2D SPACE',''
  ) );
#12160 = ORIENTED_EDGE('',*,*,#12161,.T.);
#12161 = EDGE_CURVE('',#12139,#12162,#12164,.T.);
#12162 = VERTEX_POINT('',#12163);
#12163 = CARTESIAN_POINT('',(7.039823269782E-15,63.409090909091,105.));
#12164 = SURFACE_CURVE('',#12165,(#12169,#12176),.PCURVE_S1.);
#12165 = LINE('',#12166,#12167);
#12166 = CARTESIAN_POINT('',(6.837964538032E-15,61.590909090909,5.));
#12167 = VECTOR('',#12168,1.);
#12168 = DIRECTION('',(2.018253749405E-18,1.817881366751E-02,
    0.999834751713));
#12169 = PCURVE('',#7421,#12170);
#12170 = DEFINITIONAL_REPRESENTATION('',(#12171),#12175);
#12171 = LINE('',#12172,#12173);
#12172 = CARTESIAN_POINT('',(61.590909090909,0.));
#12173 = VECTOR('',#12174,1.);
#12174 = DIRECTION('',(1.817881366751E-02,0.999834751713));
#12175 = ( GEOMETRIC_REPRESENTATION_CONTEXT(2) 
PARAMETRIC_REPRESENTATION_CONTEXT() REPRESENTATION_CONTEXT('2D SPACE',''
  ) );
#12176 = PCURVE('',#12177,#12182);
#12177 = CONICAL_SURFACE('',#12178,61.590909090909,1.817981507298E-02);
#12178 = AXIS2_PLACEMENT_3D('',#12179,#12180,#12181);
#12179 = CARTESIAN_POINT('',(0.,0.,5.));
#12180 = DIRECTION('',(0.,0.,1.));
#12181 = DIRECTION('',(1.110223024625E-16,1.,0.));
#12182 = DEFINITIONAL_REPRESENTATION('',(#12183),#12187);
#12183 = LINE('',#12184,#12185);
#12184 = CARTESIAN_POINT('',(0.,-0.));
#12185 = VECTOR('',#12186,1.);
#12186 = DIRECTION('',(0.,1.));
#12187 = ( GEOMETRIC_REPRESENTATION_CONTEXT(2) 
PARAMETRIC_REPRESENTATION_CONTEXT() REPRESENTATION_CONTEXT('2D SPACE',''
  ) );
#12188 = ORIENTED_EDGE('',*,*,#12189,.F.);
#12189 = EDGE_CURVE('',#7402,#12162,#12190,.T.);
#12190 = SURFACE_CURVE('',#12191,(#12195,#12202),.PCURVE_S1.);
#12191 = LINE('',#12192,#12193);
#12192 = CARTESIAN_POINT('',(0.,0.,105.));
#12193 = VECTOR('',#12194,1.);
#12194 = DIRECTION('',(1.110223024625E-16,1.,0.));
#12195 = PCURVE('',#7421,#12196);
#12196 = DEFINITIONAL_REPRESENTATION('',(#12197),#12201);
#12197 = LINE('',#12198,#12199);
#12198 = CARTESIAN_POINT('',(0.,100.));
#12199 = VECTOR('',#12200,1.);
#12200 = DIRECTION('',(1.,0.));
#12201 = ( GEOMETRIC_REPRESENTATION_CONTEXT(2) 
PARAMETRIC_REPRESENTATION_CONTEXT() REPRESENTATION_CONTEXT('2D SPACE',''
  ) );
#12202 = PCURVE('',#7452,#12203);
#12203 = DEFINITIONAL_REPRESENTATION('',(#12204),#12208);
#12204 = LINE('',#12205,#12206);
#12205 = CARTESIAN_POINT('',(0.,0.));
#12206 = VECTOR('',#12207,1.);
#12207 = DIRECTION('',(1.,0.));
#12208 = ( GEOMETRIC_REPRESENTATION_CONTEXT(2) 
PARAMETRIC_REPRESENTATION_CONTEXT() REPRESENTATION_CONTEXT('2D SPACE',''
  ) );
#12209 = ADVANCED_FACE('',(#12210),#7513,.T.);
#12210 = FACE_BOUND('',#12211,.T.);
#12211 = EDGE_LOOP('',(#12212,#12236,#12257,#12258));
#12212 = ORIENTED_EDGE('',*,*,#12213,.T.);
#12213 = EDGE_CURVE('',#12139,#12214,#12216,.T.);
#12214 = VERTEX_POINT('',#12215);
#12215 = CARTESIAN_POINT('',(-6.43800307853,61.253507646546,5.));
#12216 = SURFACE_CURVE('',#12217,(#12222,#12229),.PCURVE_S1.);
#12217 = CIRCLE('',#12218,61.590909090909);
#12218 = AXIS2_PLACEMENT_3D('',#12219,#12220,#12221);
#12219 = CARTESIAN_POINT('',(0.,0.,5.));
#12220 = DIRECTION('',(0.,-0.,1.));
#12221 = DIRECTION('',(1.110223024625E-16,1.,0.));
#12222 = PCURVE('',#7513,#12223);
#12223 = DEFINITIONAL_REPRESENTATION('',(#12224),#12228);
#12224 = CIRCLE('',#12225,61.590909090909);
#12225 = AXIS2_PLACEMENT_2D('',#12226,#12227);
#12226 = CARTESIAN_POINT('',(0.,0.));
#12227 = DIRECTION('',(1.,0.));
#12228 = ( GEOMETRIC_REPRESENTATION_CONTEXT(2) 
PARAMETRIC_REPRESENTATION_CONTEXT() REPRESENTATION_CONTEXT('2D SPACE',''
  ) );
#12229 = PCURVE('',#12177,#12230);
#12230 = DEFINITIONAL_REPRESENTATION('',(#12231),#12235);
#12231 = LINE('',#12232,#12233);
#12232 = CARTESIAN_POINT('',(0.,0.));
#12233 = VECTOR('',#12234,1.);
#12234 = DIRECTION('',(1.,0.));
#12235 = ( GEOMETRIC_REPRESENTATION_CONTEXT(2) 
PARAMETRIC_REPRESENTATION_CONTEXT() REPRESENTATION_CONTEXT('2D SPACE',''
  ) );
#12236 = ORIENTED_EDGE('',*,*,#12237,.F.);
#12237 = EDGE_CURVE('',#7465,#12214,#12238,.T.);
#12238 = SURFACE_CURVE('',#12239,(#12243,#12250),.PCURVE_S1.);
#12239 = LINE('',#12240,#12241);
#12240 = CARTESIAN_POINT('',(0.,0.,5.));
#12241 = VECTOR('',#12242,1.);
#12242 = DIRECTION('',(-0.104528463268,0.994521895368,0.));
#12243 = PCURVE('',#7513,#12244);
#12244 = DEFINITIONAL_REPRESENTATION('',(#12245),#12249);
#12245 = LINE('',#12246,#12247);
#12246 = CARTESIAN_POINT('',(0.,0.));
#12247 = VECTOR('',#12248,1.);
#12248 = DIRECTION('',(0.994521895368,0.104528463268));
#12249 = ( GEOMETRIC_REPRESENTATION_CONTEXT(2) 
PARAMETRIC_REPRESENTATION_CONTEXT() REPRESENTATION_CONTEXT('2D SPACE',''
  ) );
#12250 = PCURVE('',#7484,#12251);
#12251 = DEFINITIONAL_REPRESENTATION('',(#12252),#12256);
#12252 = LINE('',#12253,#12254);
#12253 = CARTESIAN_POINT('',(0.,0.));
#12254 = VECTOR('',#12255,1.);
#12255 = DIRECTION('',(1.,0.));
#12256 = ( GEOMETRIC_REPRESENTATION_CONTEXT(2) 
PARAMETRIC_REPRESENTATION_CONTEXT() REPRESENTATION_CONTEXT('2D SPACE',''
  ) );
#12257 = ORIENTED_EDGE('',*,*,#7498,.F.);
#12258 = ORIENTED_EDGE('',*,*,#12138,.T.);
#12259 = ADVANCED_FACE('',(#12260),#7484,.T.);
#12260 = FACE_BOUND('',#12261,.T.);
#12261 = EDGE_LOOP('',(#12262,#12285,#12286,#12287));
#12262 = ORIENTED_EDGE('',*,*,#12263,.F.);
#12263 = EDGE_CURVE('',#7436,#12264,#12266,.T.);
#12264 = VERTEX_POINT('',#12265);
#12265 = CARTESIAN_POINT('',(-6.628054829926,63.061729274488,105.));
#12266 = SURFACE_CURVE('',#12267,(#12271,#12278),.PCURVE_S1.);
#12267 = LINE('',#12268,#12269);
#12268 = CARTESIAN_POINT('',(0.,0.,105.));
#12269 = VECTOR('',#12270,1.);
#12270 = DIRECTION('',(-0.104528463268,0.994521895368,0.));
#12271 = PCURVE('',#7484,#12272);
#12272 = DEFINITIONAL_REPRESENTATION('',(#12273),#12277);
#12273 = LINE('',#12274,#12275);
#12274 = CARTESIAN_POINT('',(0.,100.));
#12275 = VECTOR('',#12276,1.);
#12276 = DIRECTION('',(1.,0.));
#12277 = ( GEOMETRIC_REPRESENTATION_CONTEXT(2) 
PARAMETRIC_REPRESENTATION_CONTEXT() REPRESENTATION_CONTEXT('2D SPACE',''
  ) );
#12278 = PCURVE('',#7452,#12279);
#12279 = DEFINITIONAL_REPRESENTATION('',(#12280),#12284);
#12280 = LINE('',#12281,#12282);
#12281 = CARTESIAN_POINT('',(0.,0.));
#12282 = VECTOR('',#12283,1.);
#12283 = DIRECTION('',(0.994521895368,0.104528463268));
#12284 = ( GEOMETRIC_REPRESENTATION_CONTEXT(2) 
PARAMETRIC_REPRESENTATION_CONTEXT() REPRESENTATION_CONTEXT('2D SPACE',''
  ) );
#12285 = ORIENTED_EDGE('',*,*,#7464,.F.);
#12286 = ORIENTED_EDGE('',*,*,#12237,.T.);
#12287 = ORIENTED_EDGE('',*,*,#12288,.T.);
#12288 = EDGE_CURVE('',#12214,#12264,#12289,.T.);
#12289 = SURFACE_CURVE('',#12290,(#12294,#12301),.PCURVE_S1.);
#12290 = LINE('',#12291,#12292);
#12291 = CARTESIAN_POINT('',(-6.43800307853,61.253507646546,5.));
#12292 = VECTOR('',#12293,1.);
#12293 = DIRECTION('',(-1.900203456694E-03,1.807922822416E-02,
    0.999834751713));
#12294 = PCURVE('',#7484,#12295);
#12295 = DEFINITIONAL_REPRESENTATION('',(#12296),#12300);
#12296 = LINE('',#12297,#12298);
#12297 = CARTESIAN_POINT('',(61.590909090909,0.));
#12298 = VECTOR('',#12299,1.);
#12299 = DIRECTION('',(1.817881366751E-02,0.999834751713));
#12300 = ( GEOMETRIC_REPRESENTATION_CONTEXT(2) 
PARAMETRIC_REPRESENTATION_CONTEXT() REPRESENTATION_CONTEXT('2D SPACE',''
  ) );
#12301 = PCURVE('',#12177,#12302);
#12302 = DEFINITIONAL_REPRESENTATION('',(#12303),#12307);
#12303 = LINE('',#12304,#12305);
#12304 = CARTESIAN_POINT('',(0.10471975512,-0.));
#12305 = VECTOR('',#12306,1.);
#12306 = DIRECTION('',(0.,1.));
#12307 = ( GEOMETRIC_REPRESENTATION_CONTEXT(2) 
PARAMETRIC_REPRESENTATION_CONTEXT() REPRESENTATION_CONTEXT('2D SPACE',''
  ) );
#12308 = ADVANCED_FACE('',(#12309),#7452,.F.);
#12309 = FACE_BOUND('',#12310,.F.);
#12310 = EDGE_LOOP('',(#12311,#12333,#12334,#12335));
#12311 = ORIENTED_EDGE('',*,*,#12312,.T.);
#12312 = EDGE_CURVE('',#12162,#12264,#12313,.T.);
#12313 = SURFACE_CURVE('',#12314,(#12319,#12326),.PCURVE_S1.);
#12314 = CIRCLE('',#12315,63.409090909091);
#12315 = AXIS2_PLACEMENT_3D('',#12316,#12317,#12318);
#12316 = CARTESIAN_POINT('',(0.,0.,105.));
#12317 = DIRECTION('',(0.,-0.,1.));
#12318 = DIRECTION('',(1.110223024625E-16,1.,0.));
#12319 = PCURVE('',#7452,#12320);
#12320 = DEFINITIONAL_REPRESENTATION('',(#12321),#12325);
#12321 = CIRCLE('',#12322,63.409090909091);
#12322 = AXIS2_PLACEMENT_2D('',#12323,#12324);
#12323 = CARTESIAN_POINT('',(0.,0.));
#12324 = DIRECTION('',(1.,0.));
#12325 = ( GEOMETRIC_REPRESENTATION_CONTEXT(2) 
PARAMETRIC_REPRESENTATION_CONTEXT() REPRESENTATION_CONTEXT('2D SPACE',''
  ) );
#12326 = PCURVE('',#12177,#12327);
#12327 = DEFINITIONAL_REPRESENTATION('',(#12328),#12332);
#12328 = LINE('',#12329,#12330);
#12329 = CARTESIAN_POINT('',(0.,100.));
#12330 = VECTOR('',#12331,1.);
#12331 = DIRECTION('',(1.,0.));
#12332 = ( GEOMETRIC_REPRESENTATION_CONTEXT(2) 
PARAMETRIC_REPRESENTATION_CONTEXT() REPRESENTATION_CONTEXT('2D SPACE',''
  ) );
#12333 = ORIENTED_EDGE('',*,*,#12263,.F.);
#12334 = ORIENTED_EDGE('',*,*,#7435,.F.);
#12335 = ORIENTED_EDGE('',*,*,#12189,.T.);
#12336 = ADVANCED_FACE('',(#12337),#7549,.F.);
#12337 = FACE_BOUND('',#12338,.F.);
#12338 = EDGE_LOOP('',(#12339,#12340,#12363,#12391));
#12339 = ORIENTED_EDGE('',*,*,#7527,.F.);
#12340 = ORIENTED_EDGE('',*,*,#12341,.T.);
#12341 = EDGE_CURVE('',#7528,#12342,#12344,.T.);
#12342 = VERTEX_POINT('',#12343);
#12343 = CARTESIAN_POINT('',(-61.5909090909,7.542710967476E-15,5.));
#12344 = SURFACE_CURVE('',#12345,(#12349,#12356),.PCURVE_S1.);
#12345 = LINE('',#12346,#12347);
#12346 = CARTESIAN_POINT('',(0.,0.,5.));
#12347 = VECTOR('',#12348,1.);
#12348 = DIRECTION('',(-1.,1.224646799147E-16,0.));
#12349 = PCURVE('',#7549,#12350);
#12350 = DEFINITIONAL_REPRESENTATION('',(#12351),#12355);
#12351 = LINE('',#12352,#12353);
#12352 = CARTESIAN_POINT('',(0.,0.));
#12353 = VECTOR('',#12354,1.);
#12354 = DIRECTION('',(1.,0.));
#12355 = ( GEOMETRIC_REPRESENTATION_CONTEXT(2) 
PARAMETRIC_REPRESENTATION_CONTEXT() REPRESENTATION_CONTEXT('2D SPACE',''
  ) );
#12356 = PCURVE('',#7641,#12357);
#12357 = DEFINITIONAL_REPRESENTATION('',(#12358),#12362);
#12358 = LINE('',#12359,#12360);
#12359 = CARTESIAN_POINT('',(0.,0.));
#12360 = VECTOR('',#12361,1.);
#12361 = DIRECTION('',(1.,0.));
#12362 = ( GEOMETRIC_REPRESENTATION_CONTEXT(2) 
PARAMETRIC_REPRESENTATION_CONTEXT() REPRESENTATION_CONTEXT('2D SPACE',''
  ) );
#12363 = ORIENTED_EDGE('',*,*,#12364,.T.);
#12364 = EDGE_CURVE('',#12342,#12365,#12367,.T.);
#12365 = VERTEX_POINT('',#12366);
#12366 = CARTESIAN_POINT('',(-63.40909090909,7.765374021866E-15,105.));
#12367 = SURFACE_CURVE('',#12368,(#12372,#12379),.PCURVE_S1.);
#12368 = LINE('',#12369,#12370);
#12369 = CARTESIAN_POINT('',(-61.5909090909,7.542710967476E-15,5.));
#12370 = VECTOR('',#12371,1.);
#12371 = DIRECTION('',(-1.817881366751E-02,2.226262597022E-18,
    0.999834751713));
#12372 = PCURVE('',#7549,#12373);
#12373 = DEFINITIONAL_REPRESENTATION('',(#12374),#12378);
#12374 = LINE('',#12375,#12376);
#12375 = CARTESIAN_POINT('',(61.590909090909,0.));
#12376 = VECTOR('',#12377,1.);
#12377 = DIRECTION('',(1.817881366751E-02,0.999834751713));
#12378 = ( GEOMETRIC_REPRESENTATION_CONTEXT(2) 
PARAMETRIC_REPRESENTATION_CONTEXT() REPRESENTATION_CONTEXT('2D SPACE',''
  ) );
#12379 = PCURVE('',#12380,#12385);
#12380 = CONICAL_SURFACE('',#12381,61.590909090909,1.817981507298E-02);
#12381 = AXIS2_PLACEMENT_3D('',#12382,#12383,#12384);
#12382 = CARTESIAN_POINT('',(0.,0.,5.));
#12383 = DIRECTION('',(0.,0.,1.));
#12384 = DIRECTION('',(-1.,1.224646799147E-16,0.));
#12385 = DEFINITIONAL_REPRESENTATION('',(#12386),#12390);
#12386 = LINE('',#12387,#12388);
#12387 = CARTESIAN_POINT('',(0.,-0.));
#12388 = VECTOR('',#12389,1.);
#12389 = DIRECTION('',(0.,1.));
#12390 = ( GEOMETRIC_REPRESENTATION_CONTEXT(2) 
PARAMETRIC_REPRESENTATION_CONTEXT() REPRESENTATION_CONTEXT('2D SPACE',''
  ) );
#12391 = ORIENTED_EDGE('',*,*,#12392,.F.);
#12392 = EDGE_CURVE('',#7530,#12365,#12393,.T.);
#12393 = SURFACE_CURVE('',#12394,(#12398,#12405),.PCURVE_S1.);
#12394 = LINE('',#12395,#12396);
#12395 = CARTESIAN_POINT('',(0.,0.,105.));
#12396 = VECTOR('',#12397,1.);
#12397 = DIRECTION('',(-1.,1.224646799147E-16,0.));
#12398 = PCURVE('',#7549,#12399);
#12399 = DEFINITIONAL_REPRESENTATION('',(#12400),#12404);
#12400 = LINE('',#12401,#12402);
#12401 = CARTESIAN_POINT('',(0.,100.));
#12402 = VECTOR('',#12403,1.);
#12403 = DIRECTION('',(1.,0.));
#12404 = ( GEOMETRIC_REPRESENTATION_CONTEXT(2) 
PARAMETRIC_REPRESENTATION_CONTEXT() REPRESENTATION_CONTEXT('2D SPACE',''
  ) );
#12405 = PCURVE('',#7580,#12406);
#12406 = DEFINITIONAL_REPRESENTATION('',(#12407),#12411);
#12407 = LINE('',#12408,#12409);
#12408 = CARTESIAN_POINT('',(0.,0.));
#12409 = VECTOR('',#12410,1.);
#12410 = DIRECTION('',(1.,0.));
#12411 = ( GEOMETRIC_REPRESENTATION_CONTEXT(2) 
PARAMETRIC_REPRESENTATION_CONTEXT() REPRESENTATION_CONTEXT('2D SPACE',''
  ) );
#12412 = ADVANCED_FACE('',(#12413),#7641,.T.);
#12413 = FACE_BOUND('',#12414,.T.);
#12414 = EDGE_LOOP('',(#12415,#12439,#12460,#12461));
#12415 = ORIENTED_EDGE('',*,*,#12416,.T.);
#12416 = EDGE_CURVE('',#12342,#12417,#12419,.T.);
#12417 = VERTEX_POINT('',#12418);
#12418 = CARTESIAN_POINT('',(-61.25350764654,-6.43800307853,5.));
#12419 = SURFACE_CURVE('',#12420,(#12425,#12432),.PCURVE_S1.);
#12420 = CIRCLE('',#12421,61.590909090909);
#12421 = AXIS2_PLACEMENT_3D('',#12422,#12423,#12424);
#12422 = CARTESIAN_POINT('',(0.,0.,5.));
#12423 = DIRECTION('',(0.,0.,1.));
#12424 = DIRECTION('',(-1.,1.224646799147E-16,0.));
#12425 = PCURVE('',#7641,#12426);
#12426 = DEFINITIONAL_REPRESENTATION('',(#12427),#12431);
#12427 = CIRCLE('',#12428,61.590909090909);
#12428 = AXIS2_PLACEMENT_2D('',#12429,#12430);
#12429 = CARTESIAN_POINT('',(0.,0.));
#12430 = DIRECTION('',(1.,0.));
#12431 = ( GEOMETRIC_REPRESENTATION_CONTEXT(2) 
PARAMETRIC_REPRESENTATION_CONTEXT() REPRESENTATION_CONTEXT('2D SPACE',''
  ) );
#12432 = PCURVE('',#12380,#12433);
#12433 = DEFINITIONAL_REPRESENTATION('',(#12434),#12438);
#12434 = LINE('',#12435,#12436);
#12435 = CARTESIAN_POINT('',(0.,0.));
#12436 = VECTOR('',#12437,1.);
#12437 = DIRECTION('',(1.,0.));
#12438 = ( GEOMETRIC_REPRESENTATION_CONTEXT(2) 
PARAMETRIC_REPRESENTATION_CONTEXT() REPRESENTATION_CONTEXT('2D SPACE',''
  ) );
#12439 = ORIENTED_EDGE('',*,*,#12440,.F.);
#12440 = EDGE_CURVE('',#7593,#12417,#12441,.T.);
#12441 = SURFACE_CURVE('',#12442,(#12446,#12453),.PCURVE_S1.);
#12442 = LINE('',#12443,#12444);
#12443 = CARTESIAN_POINT('',(0.,0.,5.));
#12444 = VECTOR('',#12445,1.);
#12445 = DIRECTION('',(-0.994521895368,-0.104528463268,0.));
#12446 = PCURVE('',#7641,#12447);
#12447 = DEFINITIONAL_REPRESENTATION('',(#12448),#12452);
#12448 = LINE('',#12449,#12450);
#12449 = CARTESIAN_POINT('',(0.,0.));
#12450 = VECTOR('',#12451,1.);
#12451 = DIRECTION('',(0.994521895368,0.104528463268));
#12452 = ( GEOMETRIC_REPRESENTATION_CONTEXT(2) 
PARAMETRIC_REPRESENTATION_CONTEXT() REPRESENTATION_CONTEXT('2D SPACE',''
  ) );
#12453 = PCURVE('',#7612,#12454);
#12454 = DEFINITIONAL_REPRESENTATION('',(#12455),#12459);
#12455 = LINE('',#12456,#12457);
#12456 = CARTESIAN_POINT('',(0.,0.));
#12457 = VECTOR('',#12458,1.);
#12458 = DIRECTION('',(1.,0.));
#12459 = ( GEOMETRIC_REPRESENTATION_CONTEXT(2) 
PARAMETRIC_REPRESENTATION_CONTEXT() REPRESENTATION_CONTEXT('2D SPACE',''
  ) );
#12460 = ORIENTED_EDGE('',*,*,#7626,.F.);
#12461 = ORIENTED_EDGE('',*,*,#12341,.T.);
#12462 = ADVANCED_FACE('',(#12463),#7612,.T.);
#12463 = FACE_BOUND('',#12464,.T.);
#12464 = EDGE_LOOP('',(#12465,#12488,#12489,#12490));
#12465 = ORIENTED_EDGE('',*,*,#12466,.F.);
#12466 = EDGE_CURVE('',#7564,#12467,#12469,.T.);
#12467 = VERTEX_POINT('',#12468);
#12468 = CARTESIAN_POINT('',(-63.06172927448,-6.628054829926,105.));
#12469 = SURFACE_CURVE('',#12470,(#12474,#12481),.PCURVE_S1.);
#12470 = LINE('',#12471,#12472);
#12471 = CARTESIAN_POINT('',(0.,0.,105.));
#12472 = VECTOR('',#12473,1.);
#12473 = DIRECTION('',(-0.994521895368,-0.104528463268,0.));
#12474 = PCURVE('',#7612,#12475);
#12475 = DEFINITIONAL_REPRESENTATION('',(#12476),#12480);
#12476 = LINE('',#12477,#12478);
#12477 = CARTESIAN_POINT('',(0.,100.));
#12478 = VECTOR('',#12479,1.);
#12479 = DIRECTION('',(1.,0.));
#12480 = ( GEOMETRIC_REPRESENTATION_CONTEXT(2) 
PARAMETRIC_REPRESENTATION_CONTEXT() REPRESENTATION_CONTEXT('2D SPACE',''
  ) );
#12481 = PCURVE('',#7580,#12482);
#12482 = DEFINITIONAL_REPRESENTATION('',(#12483),#12487);
#12483 = LINE('',#12484,#12485);
#12484 = CARTESIAN_POINT('',(0.,0.));
#12485 = VECTOR('',#12486,1.);
#12486 = DIRECTION('',(0.994521895368,0.104528463268));
#12487 = ( GEOMETRIC_REPRESENTATION_CONTEXT(2) 
PARAMETRIC_REPRESENTATION_CONTEXT() REPRESENTATION_CONTEXT('2D SPACE',''
  ) );
#12488 = ORIENTED_EDGE('',*,*,#7592,.F.);
#12489 = ORIENTED_EDGE('',*,*,#12440,.T.);
#12490 = ORIENTED_EDGE('',*,*,#12491,.T.);
#12491 = EDGE_CURVE('',#12417,#12467,#12492,.T.);
#12492 = SURFACE_CURVE('',#12493,(#12497,#12504),.PCURVE_S1.);
#12493 = LINE('',#12494,#12495);
#12494 = CARTESIAN_POINT('',(-61.25350764654,-6.43800307853,5.));
#12495 = VECTOR('',#12496,1.);
#12496 = DIRECTION('',(-1.807922822416E-02,-1.900203456694E-03,
    0.999834751713));
#12497 = PCURVE('',#7612,#12498);
#12498 = DEFINITIONAL_REPRESENTATION('',(#12499),#12503);
#12499 = LINE('',#12500,#12501);
#12500 = CARTESIAN_POINT('',(61.590909090909,0.));
#12501 = VECTOR('',#12502,1.);
#12502 = DIRECTION('',(1.817881366751E-02,0.999834751713));
#12503 = ( GEOMETRIC_REPRESENTATION_CONTEXT(2) 
PARAMETRIC_REPRESENTATION_CONTEXT() REPRESENTATION_CONTEXT('2D SPACE',''
  ) );
#12504 = PCURVE('',#12380,#12505);
#12505 = DEFINITIONAL_REPRESENTATION('',(#12506),#12510);
#12506 = LINE('',#12507,#12508);
#12507 = CARTESIAN_POINT('',(0.10471975512,-0.));
#12508 = VECTOR('',#12509,1.);
#12509 = DIRECTION('',(0.,1.));
#12510 = ( GEOMETRIC_REPRESENTATION_CONTEXT(2) 
PARAMETRIC_REPRESENTATION_CONTEXT() REPRESENTATION_CONTEXT('2D SPACE',''
  ) );
#12511 = ADVANCED_FACE('',(#12512),#7580,.F.);
#12512 = FACE_BOUND('',#12513,.F.);
#12513 = EDGE_LOOP('',(#12514,#12536,#12537,#12538));
#12514 = ORIENTED_EDGE('',*,*,#12515,.T.);
#12515 = EDGE_CURVE('',#12365,#12467,#12516,.T.);
#12516 = SURFACE_CURVE('',#12517,(#12522,#12529),.PCURVE_S1.);
#12517 = CIRCLE('',#12518,63.409090909091);
#12518 = AXIS2_PLACEMENT_3D('',#12519,#12520,#12521);
#12519 = CARTESIAN_POINT('',(0.,0.,105.));
#12520 = DIRECTION('',(0.,0.,1.));
#12521 = DIRECTION('',(-1.,1.224646799147E-16,0.));
#12522 = PCURVE('',#7580,#12523);
#12523 = DEFINITIONAL_REPRESENTATION('',(#12524),#12528);
#12524 = CIRCLE('',#12525,63.409090909091);
#12525 = AXIS2_PLACEMENT_2D('',#12526,#12527);
#12526 = CARTESIAN_POINT('',(0.,0.));
#12527 = DIRECTION('',(1.,0.));
#12528 = ( GEOMETRIC_REPRESENTATION_CONTEXT(2) 
PARAMETRIC_REPRESENTATION_CONTEXT() REPRESENTATION_CONTEXT('2D SPACE',''
  ) );
#12529 = PCURVE('',#12380,#12530);
#12530 = DEFINITIONAL_REPRESENTATION('',(#12531),#12535);
#12531 = LINE('',#12532,#12533);
#12532 = CARTESIAN_POINT('',(0.,100.));
#12533 = VECTOR('',#12534,1.);
#12534 = DIRECTION('',(1.,0.));
#12535 = ( GEOMETRIC_REPRESENTATION_CONTEXT(2) 
PARAMETRIC_REPRESENTATION_CONTEXT() REPRESENTATION_CONTEXT('2D SPACE',''
  ) );
#12536 = ORIENTED_EDGE('',*,*,#12466,.F.);
#12537 = ORIENTED_EDGE('',*,*,#7563,.F.);
#12538 = ORIENTED_EDGE('',*,*,#12392,.T.);
#12539 = ADVANCED_FACE('',(#12540),#7677,.F.);
#12540 = FACE_BOUND('',#12541,.F.);
#12541 = EDGE_LOOP('',(#12542,#12543,#12566,#12594));
#12542 = ORIENTED_EDGE('',*,*,#7655,.F.);
#12543 = ORIENTED_EDGE('',*,*,#12544,.T.);
#12544 = EDGE_CURVE('',#7656,#12545,#12547,.T.);
#12545 = VERTEX_POINT('',#12546);
#12546 = CARTESIAN_POINT('',(-1.367592907606E-14,-61.5909090909,5.));
#12547 = SURFACE_CURVE('',#12548,(#12552,#12559),.PCURVE_S1.);
#12548 = LINE('',#12549,#12550);
#12549 = CARTESIAN_POINT('',(0.,0.,5.));
#12550 = VECTOR('',#12551,1.);
#12551 = DIRECTION('',(-2.22044604925E-16,-1.,0.));
#12552 = PCURVE('',#7677,#12553);
#12553 = DEFINITIONAL_REPRESENTATION('',(#12554),#12558);
#12554 = LINE('',#12555,#12556);
#12555 = CARTESIAN_POINT('',(0.,0.));
#12556 = VECTOR('',#12557,1.);
#12557 = DIRECTION('',(1.,0.));
#12558 = ( GEOMETRIC_REPRESENTATION_CONTEXT(2) 
PARAMETRIC_REPRESENTATION_CONTEXT() REPRESENTATION_CONTEXT('2D SPACE',''
  ) );
#12559 = PCURVE('',#7769,#12560);
#12560 = DEFINITIONAL_REPRESENTATION('',(#12561),#12565);
#12561 = LINE('',#12562,#12563);
#12562 = CARTESIAN_POINT('',(0.,0.));
#12563 = VECTOR('',#12564,1.);
#12564 = DIRECTION('',(1.,0.));
#12565 = ( GEOMETRIC_REPRESENTATION_CONTEXT(2) 
PARAMETRIC_REPRESENTATION_CONTEXT() REPRESENTATION_CONTEXT('2D SPACE',''
  ) );
#12566 = ORIENTED_EDGE('',*,*,#12567,.T.);
#12567 = EDGE_CURVE('',#12545,#12568,#12570,.T.);
#12568 = VERTEX_POINT('',#12569);
#12569 = CARTESIAN_POINT('',(-1.407964653956E-14,-63.40909090909,105.));
#12570 = SURFACE_CURVE('',#12571,(#12575,#12582),.PCURVE_S1.);
#12571 = LINE('',#12572,#12573);
#12572 = CARTESIAN_POINT('',(-1.367592907606E-14,-61.5909090909,5.));
#12573 = VECTOR('',#12574,1.);
#12574 = DIRECTION('',(-4.036507498809E-18,-1.817881366751E-02,
    0.999834751713));
#12575 = PCURVE('',#7677,#12576);
#12576 = DEFINITIONAL_REPRESENTATION('',(#12577),#12581);
#12577 = LINE('',#12578,#12579);
#12578 = CARTESIAN_POINT('',(61.590909090909,0.));
#12579 = VECTOR('',#12580,1.);
#12580 = DIRECTION('',(1.817881366751E-02,0.999834751713));
#12581 = ( GEOMETRIC_REPRESENTATION_CONTEXT(2) 
PARAMETRIC_REPRESENTATION_CONTEXT() REPRESENTATION_CONTEXT('2D SPACE',''
  ) );
#12582 = PCURVE('',#12583,#12588);
#12583 = CONICAL_SURFACE('',#12584,61.590909090909,1.817981507298E-02);
#12584 = AXIS2_PLACEMENT_3D('',#12585,#12586,#12587);
#12585 = CARTESIAN_POINT('',(0.,0.,5.));
#12586 = DIRECTION('',(0.,0.,1.));
#12587 = DIRECTION('',(-2.22044604925E-16,-1.,0.));
#12588 = DEFINITIONAL_REPRESENTATION('',(#12589),#12593);
#12589 = LINE('',#12590,#12591);
#12590 = CARTESIAN_POINT('',(0.,-0.));
#12591 = VECTOR('',#12592,1.);
#12592 = DIRECTION('',(0.,1.));
#12593 = ( GEOMETRIC_REPRESENTATION_CONTEXT(2) 
PARAMETRIC_REPRESENTATION_CONTEXT() REPRESENTATION_CONTEXT('2D SPACE',''
  ) );
#12594 = ORIENTED_EDGE('',*,*,#12595,.F.);
#12595 = EDGE_CURVE('',#7658,#12568,#12596,.T.);
#12596 = SURFACE_CURVE('',#12597,(#12601,#12608),.PCURVE_S1.);
#12597 = LINE('',#12598,#12599);
#12598 = CARTESIAN_POINT('',(0.,0.,105.));
#12599 = VECTOR('',#12600,1.);
#12600 = DIRECTION('',(-2.22044604925E-16,-1.,0.));
#12601 = PCURVE('',#7677,#12602);
#12602 = DEFINITIONAL_REPRESENTATION('',(#12603),#12607);
#12603 = LINE('',#12604,#12605);
#12604 = CARTESIAN_POINT('',(0.,100.));
#12605 = VECTOR('',#12606,1.);
#12606 = DIRECTION('',(1.,0.));
#12607 = ( GEOMETRIC_REPRESENTATION_CONTEXT(2) 
PARAMETRIC_REPRESENTATION_CONTEXT() REPRESENTATION_CONTEXT('2D SPACE',''
  ) );
#12608 = PCURVE('',#7708,#12609);
#12609 = DEFINITIONAL_REPRESENTATION('',(#12610),#12614);
#12610 = LINE('',#12611,#12612);
#12611 = CARTESIAN_POINT('',(0.,0.));
#12612 = VECTOR('',#12613,1.);
#12613 = DIRECTION('',(1.,0.));
#12614 = ( GEOMETRIC_REPRESENTATION_CONTEXT(2) 
PARAMETRIC_REPRESENTATION_CONTEXT() REPRESENTATION_CONTEXT('2D SPACE',''
  ) );
#12615 = ADVANCED_FACE('',(#12616),#7769,.T.);
#12616 = FACE_BOUND('',#12617,.T.);
#12617 = EDGE_LOOP('',(#12618,#12642,#12663,#12664));
#12618 = ORIENTED_EDGE('',*,*,#12619,.T.);
#12619 = EDGE_CURVE('',#12545,#12620,#12622,.T.);
#12620 = VERTEX_POINT('',#12621);
#12621 = CARTESIAN_POINT('',(6.43800307853,-61.25350764654,5.));
#12622 = SURFACE_CURVE('',#12623,(#12628,#12635),.PCURVE_S1.);
#12623 = CIRCLE('',#12624,61.590909090909);
#12624 = AXIS2_PLACEMENT_3D('',#12625,#12626,#12627);
#12625 = CARTESIAN_POINT('',(0.,0.,5.));
#12626 = DIRECTION('',(0.,0.,1.));
#12627 = DIRECTION('',(-2.22044604925E-16,-1.,0.));
#12628 = PCURVE('',#7769,#12629);
#12629 = DEFINITIONAL_REPRESENTATION('',(#12630),#12634);
#12630 = CIRCLE('',#12631,61.590909090909);
#12631 = AXIS2_PLACEMENT_2D('',#12632,#12633);
#12632 = CARTESIAN_POINT('',(0.,0.));
#12633 = DIRECTION('',(1.,0.));
#12634 = ( GEOMETRIC_REPRESENTATION_CONTEXT(2) 
PARAMETRIC_REPRESENTATION_CONTEXT() REPRESENTATION_CONTEXT('2D SPACE',''
  ) );
#12635 = PCURVE('',#12583,#12636);
#12636 = DEFINITIONAL_REPRESENTATION('',(#12637),#12641);
#12637 = LINE('',#12638,#12639);
#12638 = CARTESIAN_POINT('',(0.,0.));
#12639 = VECTOR('',#12640,1.);
#12640 = DIRECTION('',(1.,0.));
#12641 = ( GEOMETRIC_REPRESENTATION_CONTEXT(2) 
PARAMETRIC_REPRESENTATION_CONTEXT() REPRESENTATION_CONTEXT('2D SPACE',''
  ) );
#12642 = ORIENTED_EDGE('',*,*,#12643,.F.);
#12643 = EDGE_CURVE('',#7721,#12620,#12644,.T.);
#12644 = SURFACE_CURVE('',#12645,(#12649,#12656),.PCURVE_S1.);
#12645 = LINE('',#12646,#12647);
#12646 = CARTESIAN_POINT('',(0.,0.,5.));
#12647 = VECTOR('',#12648,1.);
#12648 = DIRECTION('',(0.104528463268,-0.994521895368,0.));
#12649 = PCURVE('',#7769,#12650);
#12650 = DEFINITIONAL_REPRESENTATION('',(#12651),#12655);
#12651 = LINE('',#12652,#12653);
#12652 = CARTESIAN_POINT('',(0.,0.));
#12653 = VECTOR('',#12654,1.);
#12654 = DIRECTION('',(0.994521895368,0.104528463268));
#12655 = ( GEOMETRIC_REPRESENTATION_CONTEXT(2) 
PARAMETRIC_REPRESENTATION_CONTEXT() REPRESENTATION_CONTEXT('2D SPACE',''
  ) );
#12656 = PCURVE('',#7740,#12657);
#12657 = DEFINITIONAL_REPRESENTATION('',(#12658),#12662);
#12658 = LINE('',#12659,#12660);
#12659 = CARTESIAN_POINT('',(0.,0.));
#12660 = VECTOR('',#12661,1.);
#12661 = DIRECTION('',(1.,0.));
#12662 = ( GEOMETRIC_REPRESENTATION_CONTEXT(2) 
PARAMETRIC_REPRESENTATION_CONTEXT() REPRESENTATION_CONTEXT('2D SPACE',''
  ) );
#12663 = ORIENTED_EDGE('',*,*,#7754,.F.);
#12664 = ORIENTED_EDGE('',*,*,#12544,.T.);
#12665 = ADVANCED_FACE('',(#12666),#7740,.T.);
#12666 = FACE_BOUND('',#12667,.T.);
#12667 = EDGE_LOOP('',(#12668,#12691,#12692,#12693));
#12668 = ORIENTED_EDGE('',*,*,#12669,.F.);
#12669 = EDGE_CURVE('',#7692,#12670,#12672,.T.);
#12670 = VERTEX_POINT('',#12671);
#12671 = CARTESIAN_POINT('',(6.628054829926,-63.06172927448,105.));
#12672 = SURFACE_CURVE('',#12673,(#12677,#12684),.PCURVE_S1.);
#12673 = LINE('',#12674,#12675);
#12674 = CARTESIAN_POINT('',(0.,0.,105.));
#12675 = VECTOR('',#12676,1.);
#12676 = DIRECTION('',(0.104528463268,-0.994521895368,0.));
#12677 = PCURVE('',#7740,#12678);
#12678 = DEFINITIONAL_REPRESENTATION('',(#12679),#12683);
#12679 = LINE('',#12680,#12681);
#12680 = CARTESIAN_POINT('',(0.,100.));
#12681 = VECTOR('',#12682,1.);
#12682 = DIRECTION('',(1.,0.));
#12683 = ( GEOMETRIC_REPRESENTATION_CONTEXT(2) 
PARAMETRIC_REPRESENTATION_CONTEXT() REPRESENTATION_CONTEXT('2D SPACE',''
  ) );
#12684 = PCURVE('',#7708,#12685);
#12685 = DEFINITIONAL_REPRESENTATION('',(#12686),#12690);
#12686 = LINE('',#12687,#12688);
#12687 = CARTESIAN_POINT('',(0.,0.));
#12688 = VECTOR('',#12689,1.);
#12689 = DIRECTION('',(0.994521895368,0.104528463268));
#12690 = ( GEOMETRIC_REPRESENTATION_CONTEXT(2) 
PARAMETRIC_REPRESENTATION_CONTEXT() REPRESENTATION_CONTEXT('2D SPACE',''
  ) );
#12691 = ORIENTED_EDGE('',*,*,#7720,.F.);
#12692 = ORIENTED_EDGE('',*,*,#12643,.T.);
#12693 = ORIENTED_EDGE('',*,*,#12694,.T.);
#12694 = EDGE_CURVE('',#12620,#12670,#12695,.T.);
#12695 = SURFACE_CURVE('',#12696,(#12700,#12707),.PCURVE_S1.);
#12696 = LINE('',#12697,#12698);
#12697 = CARTESIAN_POINT('',(6.43800307853,-61.25350764654,5.));
#12698 = VECTOR('',#12699,1.);
#12699 = DIRECTION('',(1.900203456694E-03,-1.807922822416E-02,
    0.999834751713));
#12700 = PCURVE('',#7740,#12701);
#12701 = DEFINITIONAL_REPRESENTATION('',(#12702),#12706);
#12702 = LINE('',#12703,#12704);
#12703 = CARTESIAN_POINT('',(61.590909090909,0.));
#12704 = VECTOR('',#12705,1.);
#12705 = DIRECTION('',(1.817881366751E-02,0.999834751713));
#12706 = ( GEOMETRIC_REPRESENTATION_CONTEXT(2) 
PARAMETRIC_REPRESENTATION_CONTEXT() REPRESENTATION_CONTEXT('2D SPACE',''
  ) );
#12707 = PCURVE('',#12583,#12708);
#12708 = DEFINITIONAL_REPRESENTATION('',(#12709),#12713);
#12709 = LINE('',#12710,#12711);
#12710 = CARTESIAN_POINT('',(0.10471975512,-0.));
#12711 = VECTOR('',#12712,1.);
#12712 = DIRECTION('',(0.,1.));
#12713 = ( GEOMETRIC_REPRESENTATION_CONTEXT(2) 
PARAMETRIC_REPRESENTATION_CONTEXT() REPRESENTATION_CONTEXT('2D SPACE',''
  ) );
#12714 = ADVANCED_FACE('',(#12715),#7708,.F.);
#12715 = FACE_BOUND('',#12716,.F.);
#12716 = EDGE_LOOP('',(#12717,#12739,#12740,#12741));
#12717 = ORIENTED_EDGE('',*,*,#12718,.T.);
#12718 = EDGE_CURVE('',#12568,#12670,#12719,.T.);
#12719 = SURFACE_CURVE('',#12720,(#12725,#12732),.PCURVE_S1.);
#12720 = CIRCLE('',#12721,63.409090909091);
#12721 = AXIS2_PLACEMENT_3D('',#12722,#12723,#12724);
#12722 = CARTESIAN_POINT('',(0.,0.,105.));
#12723 = DIRECTION('',(0.,0.,1.));
#12724 = DIRECTION('',(-2.22044604925E-16,-1.,0.));
#12725 = PCURVE('',#7708,#12726);
#12726 = DEFINITIONAL_REPRESENTATION('',(#12727),#12731);
#12727 = CIRCLE('',#12728,63.409090909091);
#12728 = AXIS2_PLACEMENT_2D('',#12729,#12730);
#12729 = CARTESIAN_POINT('',(0.,0.));
#12730 = DIRECTION('',(1.,0.));
#12731 = ( GEOMETRIC_REPRESENTATION_CONTEXT(2) 
PARAMETRIC_REPRESENTATION_CONTEXT() REPRESENTATION_CONTEXT('2D SPACE',''
  ) );
#12732 = PCURVE('',#12583,#12733);
#12733 = DEFINITIONAL_REPRESENTATION('',(#12734),#12738);
#12734 = LINE('',#12735,#12736);
#12735 = CARTESIAN_POINT('',(0.,100.));
#12736 = VECTOR('',#12737,1.);
#12737 = DIRECTION('',(1.,0.));
#12738 = ( GEOMETRIC_REPRESENTATION_CONTEXT(2) 
PARAMETRIC_REPRESENTATION_CONTEXT() REPRESENTATION_CONTEXT('2D SPACE',''
  ) );
#12739 = ORIENTED_EDGE('',*,*,#12669,.F.);
#12740 = ORIENTED_EDGE('',*,*,#7691,.F.);
#12741 = ORIENTED_EDGE('',*,*,#12595,.T.);
#12742 = ADVANCED_FACE('',(#12743,#12774),#7801,.F.);
#12743 = FACE_BOUND('',#12744,.F.);
#12744 = EDGE_LOOP('',(#12745));
#12745 = ORIENTED_EDGE('',*,*,#12746,.T.);
#12746 = EDGE_CURVE('',#12747,#12747,#12749,.T.);
#12747 = VERTEX_POINT('',#12748);
#12748 = CARTESIAN_POINT('',(63.,-1.543054966926E-14,0.));
#12749 = SURFACE_CURVE('',#12750,(#12755,#12762),.PCURVE_S1.);
#12750 = CIRCLE('',#12751,63.);
#12751 = AXIS2_PLACEMENT_3D('',#12752,#12753,#12754);
#12752 = CARTESIAN_POINT('',(0.,0.,0.));
#12753 = DIRECTION('',(0.,0.,1.));
#12754 = DIRECTION('',(1.,0.,-0.));
#12755 = PCURVE('',#7801,#12756);
#12756 = DEFINITIONAL_REPRESENTATION('',(#12757),#12761);
#12757 = CIRCLE('',#12758,63.);
#12758 = AXIS2_PLACEMENT_2D('',#12759,#12760);
#12759 = CARTESIAN_POINT('',(0.,0.));
#12760 = DIRECTION('',(1.,0.));
#12761 = ( GEOMETRIC_REPRESENTATION_CONTEXT(2) 
PARAMETRIC_REPRESENTATION_CONTEXT() REPRESENTATION_CONTEXT('2D SPACE',''
  ) );
#12762 = PCURVE('',#12763,#12768);
#12763 = CONICAL_SURFACE('',#12764,63.,1.817981507298E-02);
#12764 = AXIS2_PLACEMENT_3D('',#12765,#12766,#12767);
#12765 = CARTESIAN_POINT('',(0.,0.,0.));
#12766 = DIRECTION('',(0.,0.,1.));
#12767 = DIRECTION('',(1.,0.,-0.));
#12768 = DEFINITIONAL_REPRESENTATION('',(#12769),#12773);
#12769 = LINE('',#12770,#12771);
#12770 = CARTESIAN_POINT('',(0.,0.));
#12771 = VECTOR('',#12772,1.);
#12772 = DIRECTION('',(1.,0.));
#12773 = ( GEOMETRIC_REPRESENTATION_CONTEXT(2) 
PARAMETRIC_REPRESENTATION_CONTEXT() REPRESENTATION_CONTEXT('2D SPACE',''
  ) );
#12774 = FACE_BOUND('',#12775,.F.);
#12775 = EDGE_LOOP('',(#12776));
#12776 = ORIENTED_EDGE('',*,*,#7784,.F.);
#12777 = ADVANCED_FACE('',(#12778),#7879,.F.);
#12778 = FACE_BOUND('',#12779,.F.);
#12779 = EDGE_LOOP('',(#12780,#12781,#12782,#12783));
#12780 = ORIENTED_EDGE('',*,*,#8014,.F.);
#12781 = ORIENTED_EDGE('',*,*,#7863,.F.);
#12782 = ORIENTED_EDGE('',*,*,#7915,.T.);
#12783 = ORIENTED_EDGE('',*,*,#7990,.T.);
#12784 = ADVANCED_FACE('',(#12785),#8059,.T.);
#12785 = FACE_BOUND('',#12786,.T.);
#12786 = EDGE_LOOP('',(#12787,#12809,#12831,#12832));
#12787 = ORIENTED_EDGE('',*,*,#12788,.F.);
#12788 = EDGE_CURVE('',#12789,#8043,#12791,.T.);
#12789 = VERTEX_POINT('',#12790);
#12790 = CARTESIAN_POINT('',(64.97778518952,-3.978741832401E-15,
    108.77818542359));
#12791 = SEAM_CURVE('',#12792,(#12797,#12803),.PCURVE_S1.);
#12792 = CIRCLE('',#12793,1.2);
#12793 = AXIS2_PLACEMENT_3D('',#12794,#12795,#12796);
#12794 = CARTESIAN_POINT('',(63.777983487464,-3.9052751667E-15,108.8));
#12795 = DIRECTION('',(-6.123233995737E-17,-1.,0.));
#12796 = DIRECTION('',(1.,-6.123233995737E-17,0.));
#12797 = PCURVE('',#8059,#12798);
#12798 = DEFINITIONAL_REPRESENTATION('',(#12799),#12802);
#12799 = B_SPLINE_CURVE_WITH_KNOTS('',1,(#12800,#12801),.UNSPECIFIED.,
  .F.,.F.,(2,2),(6.265005492107,7.853981633974),
  .PIECEWISE_BEZIER_KNOTS.);
#12800 = CARTESIAN_POINT('',(0.,6.265005492107));
#12801 = CARTESIAN_POINT('',(0.,7.853981633974));
#12802 = ( GEOMETRIC_REPRESENTATION_CONTEXT(2) 
PARAMETRIC_REPRESENTATION_CONTEXT() REPRESENTATION_CONTEXT('2D SPACE',''
  ) );
#12803 = PCURVE('',#8059,#12804);
#12804 = DEFINITIONAL_REPRESENTATION('',(#12805),#12808);
#12805 = B_SPLINE_CURVE_WITH_KNOTS('',1,(#12806,#12807),.UNSPECIFIED.,
  .F.,.F.,(2,2),(6.265005492107,7.853981633974),
  .PIECEWISE_BEZIER_KNOTS.);
#12806 = CARTESIAN_POINT('',(6.28318530718,6.265005492107));
#12807 = CARTESIAN_POINT('',(6.28318530718,7.853981633974));
#12808 = ( GEOMETRIC_REPRESENTATION_CONTEXT(2) 
PARAMETRIC_REPRESENTATION_CONTEXT() REPRESENTATION_CONTEXT('2D SPACE',''
  ) );
#12809 = ORIENTED_EDGE('',*,*,#12810,.T.);
#12810 = EDGE_CURVE('',#12789,#12789,#12811,.T.);
#12811 = SURFACE_CURVE('',#12812,(#12817,#12824),.PCURVE_S1.);
#12812 = CIRCLE('',#12813,64.97778518952);
#12813 = AXIS2_PLACEMENT_3D('',#12814,#12815,#12816);
#12814 = CARTESIAN_POINT('',(0.,0.,108.77818542359));
#12815 = DIRECTION('',(0.,0.,1.));
#12816 = DIRECTION('',(1.,-6.123233995737E-17,0.));
#12817 = PCURVE('',#8059,#12818);
#12818 = DEFINITIONAL_REPRESENTATION('',(#12819),#12823);
#12819 = LINE('',#12820,#12821);
#12820 = CARTESIAN_POINT('',(0.,6.265005492107));
#12821 = VECTOR('',#12822,1.);
#12822 = DIRECTION('',(1.,0.));
#12823 = ( GEOMETRIC_REPRESENTATION_CONTEXT(2) 
PARAMETRIC_REPRESENTATION_CONTEXT() REPRESENTATION_CONTEXT('2D SPACE',''
  ) );
#12824 = PCURVE('',#12763,#12825);
#12825 = DEFINITIONAL_REPRESENTATION('',(#12826),#12830);
#12826 = LINE('',#12827,#12828);
#12827 = CARTESIAN_POINT('',(0.,108.77818542359));
#12828 = VECTOR('',#12829,1.);
#12829 = DIRECTION('',(1.,0.));
#12830 = ( GEOMETRIC_REPRESENTATION_CONTEXT(2) 
PARAMETRIC_REPRESENTATION_CONTEXT() REPRESENTATION_CONTEXT('2D SPACE',''
  ) );
#12831 = ORIENTED_EDGE('',*,*,#12788,.T.);
#12832 = ORIENTED_EDGE('',*,*,#8042,.F.);
#12833 = ADVANCED_FACE('',(#12834),#8117,.F.);
#12834 = FACE_BOUND('',#12835,.F.);
#12835 = EDGE_LOOP('',(#12836,#12837,#12838,#12839));
#12836 = ORIENTED_EDGE('',*,*,#8252,.F.);
#12837 = ORIENTED_EDGE('',*,*,#8101,.F.);
#12838 = ORIENTED_EDGE('',*,*,#8153,.T.);
#12839 = ORIENTED_EDGE('',*,*,#8228,.T.);
#12840 = ADVANCED_FACE('',(#12841),#8320,.F.);
#12841 = FACE_BOUND('',#12842,.F.);
#12842 = EDGE_LOOP('',(#12843,#12844,#12845,#12846));
#12843 = ORIENTED_EDGE('',*,*,#8455,.F.);
#12844 = ORIENTED_EDGE('',*,*,#8304,.F.);
#12845 = ORIENTED_EDGE('',*,*,#8356,.T.);
#12846 = ORIENTED_EDGE('',*,*,#8431,.T.);
#12847 = ADVANCED_FACE('',(#12848),#8523,.F.);
#12848 = FACE_BOUND('',#12849,.F.);
#12849 = EDGE_LOOP('',(#12850,#12851,#12852,#12853));
#12850 = ORIENTED_EDGE('',*,*,#8658,.F.);
#12851 = ORIENTED_EDGE('',*,*,#8507,.F.);
#12852 = ORIENTED_EDGE('',*,*,#8559,.T.);
#12853 = ORIENTED_EDGE('',*,*,#8634,.T.);
#12854 = ADVANCED_FACE('',(#12855),#8726,.F.);
#12855 = FACE_BOUND('',#12856,.F.);
#12856 = EDGE_LOOP('',(#12857,#12858,#12859,#12860));
#12857 = ORIENTED_EDGE('',*,*,#8861,.F.);
#12858 = ORIENTED_EDGE('',*,*,#8710,.F.);
#12859 = ORIENTED_EDGE('',*,*,#8762,.T.);
#12860 = ORIENTED_EDGE('',*,*,#8837,.T.);
#12861 = ADVANCED_FACE('',(#12862),#8929,.F.);
#12862 = FACE_BOUND('',#12863,.F.);
#12863 = EDGE_LOOP('',(#12864,#12865,#12866,#12867));
#12864 = ORIENTED_EDGE('',*,*,#9064,.F.);
#12865 = ORIENTED_EDGE('',*,*,#8913,.F.);
#12866 = ORIENTED_EDGE('',*,*,#8965,.T.);
#12867 = ORIENTED_EDGE('',*,*,#9040,.T.);
#12868 = ADVANCED_FACE('',(#12869),#9132,.F.);
#12869 = FACE_BOUND('',#12870,.F.);
#12870 = EDGE_LOOP('',(#12871,#12872,#12873,#12874));
#12871 = ORIENTED_EDGE('',*,*,#9267,.F.);
#12872 = ORIENTED_EDGE('',*,*,#9116,.F.);
#12873 = ORIENTED_EDGE('',*,*,#9168,.T.);
#12874 = ORIENTED_EDGE('',*,*,#9243,.T.);
#12875 = ADVANCED_FACE('',(#12876),#9335,.F.);
#12876 = FACE_BOUND('',#12877,.F.);
#12877 = EDGE_LOOP('',(#12878,#12879,#12880,#12881));
#12878 = ORIENTED_EDGE('',*,*,#9470,.F.);
#12879 = ORIENTED_EDGE('',*,*,#9319,.F.);
#12880 = ORIENTED_EDGE('',*,*,#9371,.T.);
#12881 = ORIENTED_EDGE('',*,*,#9446,.T.);
#12882 = ADVANCED_FACE('',(#12883),#9538,.F.);
#12883 = FACE_BOUND('',#12884,.F.);
#12884 = EDGE_LOOP('',(#12885,#12886,#12887,#12888));
#12885 = ORIENTED_EDGE('',*,*,#9673,.F.);
#12886 = ORIENTED_EDGE('',*,*,#9522,.F.);
#12887 = ORIENTED_EDGE('',*,*,#9574,.T.);
#12888 = ORIENTED_EDGE('',*,*,#9649,.T.);
#12889 = ADVANCED_FACE('',(#12890),#9741,.F.);
#12890 = FACE_BOUND('',#12891,.F.);
#12891 = EDGE_LOOP('',(#12892,#12893,#12894,#12895));
#12892 = ORIENTED_EDGE('',*,*,#9876,.F.);
#12893 = ORIENTED_EDGE('',*,*,#9725,.F.);
#12894 = ORIENTED_EDGE('',*,*,#9777,.T.);
#12895 = ORIENTED_EDGE('',*,*,#9852,.T.);
#12896 = ADVANCED_FACE('',(#12897),#9944,.F.);
#12897 = FACE_BOUND('',#12898,.F.);
#12898 = EDGE_LOOP('',(#12899,#12900,#12901,#12902));
#12899 = ORIENTED_EDGE('',*,*,#10079,.F.);
#12900 = ORIENTED_EDGE('',*,*,#9928,.F.);
#12901 = ORIENTED_EDGE('',*,*,#9980,.T.);
#12902 = ORIENTED_EDGE('',*,*,#10055,.T.);
#12903 = ADVANCED_FACE('',(#12904),#10147,.F.);
#12904 = FACE_BOUND('',#12905,.F.);
#12905 = EDGE_LOOP('',(#12906,#12907,#12908,#12909));
#12906 = ORIENTED_EDGE('',*,*,#10282,.F.);
#12907 = ORIENTED_EDGE('',*,*,#10131,.F.);
#12908 = ORIENTED_EDGE('',*,*,#10183,.T.);
#12909 = ORIENTED_EDGE('',*,*,#10258,.T.);
#12910 = ADVANCED_FACE('',(#12911),#10350,.F.);
#12911 = FACE_BOUND('',#12912,.F.);
#12912 = EDGE_LOOP('',(#12913,#12914,#12915,#12916));
#12913 = ORIENTED_EDGE('',*,*,#10485,.F.);
#12914 = ORIENTED_EDGE('',*,*,#10334,.F.);
#12915 = ORIENTED_EDGE('',*,*,#10386,.T.);
#12916 = ORIENTED_EDGE('',*,*,#10461,.T.);
#12917 = ADVANCED_FACE('',(#12918),#10553,.F.);
#12918 = FACE_BOUND('',#12919,.F.);
#12919 = EDGE_LOOP('',(#12920,#12921,#12922,#12923));
#12920 = ORIENTED_EDGE('',*,*,#10688,.F.);
#12921 = ORIENTED_EDGE('',*,*,#10537,.F.);
#12922 = ORIENTED_EDGE('',*,*,#10589,.T.);
#12923 = ORIENTED_EDGE('',*,*,#10664,.T.);
#12924 = ADVANCED_FACE('',(#12925),#10756,.F.);
#12925 = FACE_BOUND('',#12926,.F.);
#12926 = EDGE_LOOP('',(#12927,#12928,#12929,#12930));
#12927 = ORIENTED_EDGE('',*,*,#10891,.F.);
#12928 = ORIENTED_EDGE('',*,*,#10740,.F.);
#12929 = ORIENTED_EDGE('',*,*,#10792,.T.);
#12930 = ORIENTED_EDGE('',*,*,#10867,.T.);
#12931 = ADVANCED_FACE('',(#12932),#10959,.F.);
#12932 = FACE_BOUND('',#12933,.F.);
#12933 = EDGE_LOOP('',(#12934,#12935,#12936,#12937));
#12934 = ORIENTED_EDGE('',*,*,#11094,.F.);
#12935 = ORIENTED_EDGE('',*,*,#10943,.F.);
#12936 = ORIENTED_EDGE('',*,*,#10995,.T.);
#12937 = ORIENTED_EDGE('',*,*,#11070,.T.);
#12938 = ADVANCED_FACE('',(#12939),#11162,.F.);
#12939 = FACE_BOUND('',#12940,.F.);
#12940 = EDGE_LOOP('',(#12941,#12942,#12943,#12944));
#12941 = ORIENTED_EDGE('',*,*,#11297,.F.);
#12942 = ORIENTED_EDGE('',*,*,#11146,.F.);
#12943 = ORIENTED_EDGE('',*,*,#11198,.T.);
#12944 = ORIENTED_EDGE('',*,*,#11273,.T.);
#12945 = ADVANCED_FACE('',(#12946),#11365,.F.);
#12946 = FACE_BOUND('',#12947,.F.);
#12947 = EDGE_LOOP('',(#12948,#12949,#12950,#12951));
#12948 = ORIENTED_EDGE('',*,*,#11500,.F.);
#12949 = ORIENTED_EDGE('',*,*,#11349,.F.);
#12950 = ORIENTED_EDGE('',*,*,#11401,.T.);
#12951 = ORIENTED_EDGE('',*,*,#11476,.T.);
#12952 = ADVANCED_FACE('',(#12953),#11568,.F.);
#12953 = FACE_BOUND('',#12954,.F.);
#12954 = EDGE_LOOP('',(#12955,#12956,#12957,#12958));
#12955 = ORIENTED_EDGE('',*,*,#11703,.F.);
#12956 = ORIENTED_EDGE('',*,*,#11552,.F.);
#12957 = ORIENTED_EDGE('',*,*,#11604,.T.);
#12958 = ORIENTED_EDGE('',*,*,#11679,.T.);
#12959 = ADVANCED_FACE('',(#12960),#11771,.F.);
#12960 = FACE_BOUND('',#12961,.F.);
#12961 = EDGE_LOOP('',(#12962,#12963,#12964,#12965));
#12962 = ORIENTED_EDGE('',*,*,#11906,.F.);
#12963 = ORIENTED_EDGE('',*,*,#11755,.F.);
#12964 = ORIENTED_EDGE('',*,*,#11807,.T.);
#12965 = ORIENTED_EDGE('',*,*,#11882,.T.);
#12966 = ADVANCED_FACE('',(#12967),#11974,.F.);
#12967 = FACE_BOUND('',#12968,.F.);
#12968 = EDGE_LOOP('',(#12969,#12970,#12971,#12972));
#12969 = ORIENTED_EDGE('',*,*,#12109,.F.);
#12970 = ORIENTED_EDGE('',*,*,#11958,.F.);
#12971 = ORIENTED_EDGE('',*,*,#12010,.T.);
#12972 = ORIENTED_EDGE('',*,*,#12085,.T.);
#12973 = ADVANCED_FACE('',(#12974),#12177,.F.);
#12974 = FACE_BOUND('',#12975,.F.);
#12975 = EDGE_LOOP('',(#12976,#12977,#12978,#12979));
#12976 = ORIENTED_EDGE('',*,*,#12312,.F.);
#12977 = ORIENTED_EDGE('',*,*,#12161,.F.);
#12978 = ORIENTED_EDGE('',*,*,#12213,.T.);
#12979 = ORIENTED_EDGE('',*,*,#12288,.T.);
#12980 = ADVANCED_FACE('',(#12981),#12380,.F.);
#12981 = FACE_BOUND('',#12982,.F.);
#12982 = EDGE_LOOP('',(#12983,#12984,#12985,#12986));
#12983 = ORIENTED_EDGE('',*,*,#12515,.F.);
#12984 = ORIENTED_EDGE('',*,*,#12364,.F.);
#12985 = ORIENTED_EDGE('',*,*,#12416,.T.);
#12986 = ORIENTED_EDGE('',*,*,#12491,.T.);
#12987 = ADVANCED_FACE('',(#12988),#12583,.F.);
#12988 = FACE_BOUND('',#12989,.F.);
#12989 = EDGE_LOOP('',(#12990,#12991,#12992,#12993));
#12990 = ORIENTED_EDGE('',*,*,#12718,.F.);
#12991 = ORIENTED_EDGE('',*,*,#12567,.F.);
#12992 = ORIENTED_EDGE('',*,*,#12619,.T.);
#12993 = ORIENTED_EDGE('',*,*,#12694,.T.);
#12994 = ADVANCED_FACE('',(#12995),#12763,.T.);
#12995 = FACE_BOUND('',#12996,.T.);
#12996 = EDGE_LOOP('',(#12997,#13018,#13019,#13020));
#12997 = ORIENTED_EDGE('',*,*,#12998,.T.);
#12998 = EDGE_CURVE('',#12747,#12789,#12999,.T.);
#12999 = SEAM_CURVE('',#13000,(#13004,#13011),.PCURVE_S1.);
#13000 = LINE('',#13001,#13002);
#13001 = CARTESIAN_POINT('',(63.,-1.543054966926E-14,0.));
#13002 = VECTOR('',#13003,1.);
#13003 = DIRECTION('',(1.817881366751E-02,-4.452525194044E-18,
    0.999834751713));
#13004 = PCURVE('',#12763,#13005);
#13005 = DEFINITIONAL_REPRESENTATION('',(#13006),#13010);
#13006 = LINE('',#13007,#13008);
#13007 = CARTESIAN_POINT('',(6.28318530718,-0.));
#13008 = VECTOR('',#13009,1.);
#13009 = DIRECTION('',(0.,1.));
#13010 = ( GEOMETRIC_REPRESENTATION_CONTEXT(2) 
PARAMETRIC_REPRESENTATION_CONTEXT() REPRESENTATION_CONTEXT('2D SPACE',''
  ) );
#13011 = PCURVE('',#12763,#13012);
#13012 = DEFINITIONAL_REPRESENTATION('',(#13013),#13017);
#13013 = LINE('',#13014,#13015);
#13014 = CARTESIAN_POINT('',(0.,-0.));
#13015 = VECTOR('',#13016,1.);
#13016 = DIRECTION('',(0.,1.));
#13017 = ( GEOMETRIC_REPRESENTATION_CONTEXT(2) 
PARAMETRIC_REPRESENTATION_CONTEXT() REPRESENTATION_CONTEXT('2D SPACE',''
  ) );
#13018 = ORIENTED_EDGE('',*,*,#12810,.F.);
#13019 = ORIENTED_EDGE('',*,*,#12998,.F.);
#13020 = ORIENTED_EDGE('',*,*,#12746,.T.);
#13021 = ( GEOMETRIC_REPRESENTATION_CONTEXT(3) 
GLOBAL_UNCERTAINTY_ASSIGNED_CONTEXT((#13025)) 
GLOBAL_UNIT_ASSIGNED_CONTEXT((#13022,#13023,#13024)) 
REPRESENTATION_CONTEXT('Context #1',
  '3D Context with UNIT and UNCERTAINTY') );
#13022 = ( LENGTH_UNIT() NAMED_UNIT(*) SI_UNIT(.MILLI.,.METRE.) );
#13023 = ( NAMED_UNIT(*) PLANE_ANGLE_UNIT() SI_UNIT($,.RADIAN.) );
#13024 = ( NAMED_UNIT(*) SI_UNIT($,.STERADIAN.) SOLID_ANGLE_UNIT() );
#13025 = UNCERTAINTY_MEASURE_WITH_UNIT(LENGTH_MEASURE(2.E-07),#13022,
  'distance_accuracy_value','confusion accuracy');
#13026 = PRODUCT_RELATED_PRODUCT_CATEGORY('part',$,(#7));
ENDSEC;
END-ISO-10303-21;
